Age,RoomService,FoodCourt,ShoppingMall,Spa,VRDeck,TotalSpend,HomePlanet_Earth,HomePlanet_Europa,HomePlanet_Mars,CryoSleep_False,CryoSleep_True,Destination_55 Cancri e,Destination_PSO J318.5-22,Destination_TRAPPIST-1e,VIP_False,VIP_True
-1.0,-1.0,-1.0,-1.0,-1.0,-1.0,-1.0,1.0,0.0,0.0,1.0,0.0,0.0,0.0,1.0,1.0,0.0
-0.5696202531645569,-1.0,-1.0,-1.0,-1.0,-1.0,-1.0,1.0,0.0,0.0,0.0,1.0,0.0,0.0,1.0,1.0,0.0
-0.11392405063291144,-1.0,-1.0,-1.0,-1.0,-1.0,-1.0,1.0,0.0,0.0,1.0,0.0,0.0,1.0,0.0,1.0,0.0
-0.3417721518987342,-1.0,-1.0,-1.0,-1.0,-1.0,-1.0,0.0,1.0,0.0,0.0,1.0,1.0,0.0,0.0,1.0,0.0
-0.6708860759493671,-1.0,-1.0,-0.1266103287679058,-0.8616088449879872,0.723022924972107,0.6315301587567239,1.0,0.0,0.0,1.0,0.0,0.0,0.0,1.0,1.0,0.0
-0.3924050632911392,-1.0,0.04525563735546623,-1.0,-0.1301559272165851,0.2573075889087466,0.2755466619768592,1.0,0.0,0.0,1.0,0.0,0.0,0.0,1.0,1.0,0.0
-1.0,-1.0,-1.0,-1.0,-1.0,-1.0,-1.0,0.0,0.0,1.0,1.0,0.0,0.0,0.0,1.0,1.0,0.0
-0.36708860759493667,-1.0,0.2549268387877468,-1.0,-0.7806552088744709,-1.0,0.23300642560316343,1.0,0.0,0.0,1.0,0.0,1.0,0.0,0.0,1.0,0.0
-0.189873417721519,-1.0,-1.0,-1.0,-1.0,-1.0,-1.0,0.0,1.0,0.0,0.0,1.0,1.0,0.0,0.0,1.0,0.0
-0.26582278481012656,0.34773437287495557,-1.0,-1.0,-0.2585621900439785,-1.0,0.24112001905762792,1.0,0.0,0.0,1.0,0.0,0.0,1.0,0.0,1.0,0.0
-0.44303797468354433,-1.0,-1.0,-1.0,-1.0,-1.0,-1.0,0.0,0.0,1.0,1.0,0.0,0.0,0.0,1.0,1.0,0.0
-0.5189873417721519,-0.40789510005579643,0.4484778225119832,-0.5107964623092589,-0.6422640538624581,-0.5570199784244338,0.42661073746946476,1.0,0.0,0.0,1.0,0.0,0.0,0.0,1.0,1.0,0.0
-0.012658227848101333,-1.0,-1.0,-1.0,0.4639532149049568,0.4155129876415642,0.5025458718855447,0.0,1.0,0.0,1.0,0.0,1.0,0.0,0.0,1.0,0.0
-0.620253164556962,-1.0,-1.0,-1.0,-1.0,-1.0,-1.0,0.0,1.0,0.0,0.0,1.0,1.0,0.0,0.0,1.0,0.0
0.1898734177215189,-1.0,-0.19882729359260942,0.42178938416561795,-1.0,-0.6076872028904432,0.2910063389965696,1.0,0.0,0.0,1.0,0.0,0.0,0.0,1.0,1.0,0.0
-0.7721518987341772,-1.0,-1.0,-1.0,-1.0,-1.0,-1.0,1.0,0.0,0.0,1.0,0.0,0.0,0.0,1.0,1.0,0.0
0.012658227848101333,-1.0,0.12691161958764074,-1.0,-1.0,0.49821612428256135,0.4508436836497005,0.0,1.0,0.0,1.0,0.0,0.0,0.0,1.0,1.0,0.0
-0.11392405063291144,-1.0,-1.0,-0.11975623769690613,-1.0,0.36962320785231095,0.3079215265014559,1.0,0.0,0.0,1.0,0.0,0.0,0.0,1.0,1.0,0.0
-0.31645569620253167,0.48655458841483656,-0.26986364026596166,-0.852735061170152,-1.0,-1.0,0.36261549617112854,0.0,0.0,1.0,1.0,0.0,0.0,0.0,1.0,1.0,0.0
0.08860759493670889,0.39803961966142576,-1.0,0.26481653543604255,-0.042490525223414455,-1.0,0.368085979952647,0.0,0.0,1.0,1.0,0.0,1.0,0.0,0.0,1.0,0.0
-0.7468354430379747,-1.0,-1.0,-1.0,-1.0,-1.0,-1.0,0.0,0.0,1.0,1.0,0.0,0.0,0.0,1.0,1.0,0.0
-0.7974683544303798,-1.0,-1.0,-1.0,-1.0,-1.0,-1.0,1.0,0.0,0.0,1.0,0.0,0.0,1.0,0.0,1.0,0.0
-0.44303797468354433,-1.0,0.18290351824731843,-1.0,-1.0,0.19166918662461074,0.27696231702976926,1.0,0.0,0.0,1.0,0.0,0.0,0.0,1.0,1.0,0.0
-0.2405063291139241,-1.0,-1.0,-1.0,-1.0,-1.0,-1.0,0.0,1.0,0.0,0.0,1.0,1.0,0.0,0.0,1.0,0.0
-0.3924050632911392,-1.0,0.35042715355508114,-0.852735061170152,-1.0,-1.0,0.32638196794542274,1.0,0.0,0.0,1.0,0.0,0.0,0.0,1.0,1.0,0.0
-0.4683544303797469,-0.4340525761212535,-0.3154514630024463,-1.0,-0.7232176899759744,0.23958590599977203,0.191499474529218,1.0,0.0,0.0,1.0,0.0,0.0,1.0,0.0,1.0,0.0
-0.5949367088607596,-1.0,-1.0,-1.0,-1.0,-1.0,-1.0,1.0,0.0,0.0,0.0,1.0,0.0,1.0,0.0,1.0,0.0
-0.620253164556962,0.6186052912901747,-1.0,0.49600703433120663,-0.8616088449879872,-0.5165629810276651,0.553700602758799,0.0,0.0,1.0,1.0,0.0,0.0,0.0,1.0,1.0,0.0
-0.2405063291139241,-1.0,-1.0,-1.0,-1.0,-1.0,-1.0,0.0,0.0,1.0,0.0,1.0,0.0,0.0,1.0,1.0,0.0
-0.26582278481012656,-1.0,0.8322498564396139,-1.0,-0.7232176899759744,0.7194671203462917,0.8638970609551346,0.0,1.0,0.0,1.0,0.0,1.0,0.0,0.0,1.0,0.0
-0.08860759493670889,-1.0,-0.4389116641832207,0.13091816709870474,0.26341202114656714,-0.7205107241502491,0.2705074081100842,1.0,0.0,0.0,1.0,0.0,0.0,0.0,1.0,1.0,0.0
-0.3924050632911392,-1.0,-1.0,-1.0,-1.0,-1.0,-1.0,1.0,0.0,0.0,0.0,1.0,0.0,1.0,0.0,1.0,0.0
-0.44303797468354433,-1.0,-1.0,-1.0,-1.0,-1.0,-1.0,0.0,1.0,0.0,0.0,1.0,0.0,0.0,1.0,1.0,0.0
-0.5189873417721519,-0.4988709397562451,-0.3751413897391659,-1.0,-1.0,0.277916955091269,0.21951496243606505,1.0,0.0,0.0,1.0,0.0,0.0,1.0,0.0,1.0,0.0
-0.49367088607594933,-1.0,-0.7308880444503403,-1.0,0.4272117836855025,0.5876941051035642,0.5766008401797578,0.0,1.0,0.0,1.0,0.0,0.0,0.0,1.0,1.0,0.0
0.08860759493670889,-1.0,-1.0,-1.0,-1.0,-1.0,-1.0,0.0,0.0,1.0,0.0,1.0,0.0,0.0,1.0,1.0,0.0
-0.5443037974683544,-0.3447223122490274,-1.0,0.3862973411346937,-1.0,-0.8602553620751245,0.25025923032049513,1.0,0.0,0.0,1.0,0.0,0.0,0.0,1.0,1.0,0.0
-0.3924050632911392,-1.0,-1.0,-0.385916249737544,-1.0,0.3461594259568068,0.27696231702976926,1.0,0.0,0.0,1.0,0.0,0.0,0.0,1.0,1.0,0.0
-0.5189873417721519,-1.0,-1.0,0.39183202625196767,-0.41212440500723446,-0.09963319400218829,0.2753096940518822,1.0,0.0,0.0,1.0,0.0,0.0,0.0,1.0,1.0,0.0
-0.3924050632911392,-1.0,-1.0,-1.0,-1.0,-1.0,-1.0,1.0,0.0,0.0,0.0,1.0,0.0,0.0,1.0,1.0,0.0
-0.5189873417721519,-1.0,0.2290916649294681,-0.4905470142953362,-1.0,0.025704681076007763,0.2576842839378861,1.0,0.0,0.0,1.0,0.0,0.0,0.0,1.0,1.0,0.0
-0.1392405063291139,-1.0,-1.0,-1.0,-1.0,-1.0,-1.0,0.0,1.0,0.0,0.0,1.0,0.0,0.0,1.0,1.0,0.0
-0.44303797468354433,0.418571701463591,-0.21858568017706792,-1.0,-1.0,-1.0,0.3055083212267695,0.0,0.0,1.0,1.0,0.0,0.0,0.0,1.0,1.0,0.0
-0.08860759493670889,0.31134400681667396,0.6566956839683222,-0.852735061170152,-0.003629028490048647,0.3652824520427418,0.6776596285489693,0.0,1.0,0.0,1.0,0.0,0.0,0.0,1.0,0.0,1.0
-0.3924050632911392,-0.5187895331071819,0.2902188733945932,-0.5107964623092589,-1.0,-1.0,0.2714775917362522,1.0,0.0,0.0,1.0,0.0,0.0,0.0,1.0,1.0,0.0
-0.08860759493670889,-0.7704042582518641,0.3915879691729234,-1.0,-0.6786656890936953,-1.0,0.36750208770111237,0.0,1.0,0.0,1.0,0.0,0.0,0.0,1.0,1.0,0.0
-0.3924050632911392,0.37264322954041407,-1.0,-1.0,-0.18253858794414057,-0.181378566865096,0.28091717686720474,1.0,0.0,0.0,1.0,0.0,0.0,0.0,1.0,1.0,0.0
-0.5696202531645569,-1.0,-1.0,-1.0,-1.0,-1.0,-1.0,0.0,0.0,1.0,0.0,1.0,1.0,0.0,0.0,1.0,0.0
-0.3417721518987342,-1.0,-1.0,-1.0,-1.0,-1.0,-1.0,0.0,0.0,1.0,0.0,1.0,0.0,0.0,1.0,1.0,0.0
-0.1392405063291139,-1.0,-1.0,-1.0,-1.0,-1.0,-1.0,1.0,0.0,0.0,0.0,1.0,0.0,0.0,1.0,1.0,0.0
0.4683544303797469,-1.0,-1.0,-1.0,-1.0,-1.0,-1.0,1.0,0.0,0.0,0.0,1.0,0.0,0.0,1.0,1.0,0.0
-0.26582278481012656,-0.3637342358463982,-1.0,0.6043130568702473,-1.0,-0.7205107241502491,0.44185363657470567,0.0,0.0,1.0,1.0,0.0,0.0,0.0,1.0,0.0,1.0
-0.16455696202531644,-1.0,-1.0,-1.0,-1.0,-1.0,-1.0,0.0,1.0,0.0,0.0,1.0,1.0,0.0,0.0,1.0,0.0
-0.5189873417721519,-1.0,-1.0,0.3972261822083347,-0.8616088449879872,-1.0,0.25400790362447356,1.0,0.0,0.0,1.0,0.0,1.0,0.0,0.0,1.0,0.0
-0.6455696202531646,-1.0,-0.0064784493259452125,0.36049310882208574,-0.8616088449879872,-1.0,0.26731977278540575,1.0,0.0,0.0,1.0,0.0,1.0,0.0,0.0,1.0,0.0
-0.16455696202531644,-1.0,-1.0,-1.0,-1.0,-1.0,-1.0,1.0,0.0,0.0,0.0,1.0,0.0,0.0,1.0,1.0,0.0
-0.5949367088607596,-1.0,-1.0,-1.0,-1.0,-1.0,-1.0,0.0,0.0,1.0,0.0,1.0,0.0,0.0,1.0,1.0,0.0
-0.5696202531645569,-0.38465038264461693,-0.534512796009096,-0.08556522994385873,-1.0,0.40250144763747575,0.3437091151156173,1.0,0.0,0.0,1.0,0.0,0.0,0.0,1.0,1.0,0.0
-0.6455696202531646,0.151390818011107,-1.0,0.6306355879246388,-1.0,-1.0,0.48379904977910915,0.0,0.0,1.0,1.0,0.0,0.0,0.0,1.0,1.0,0.0
0.06329113924050622,-1.0,-1.0,-1.0,-1.0,-1.0,-1.0,0.0,0.0,1.0,0.0,1.0,0.0,0.0,1.0,1.0,0.0
-0.49367088607594933,0.12141949992681789,-1.0,-1.0,-1.0,0.28457363105765143,0.27388166736646213,1.0,0.0,0.0,1.0,0.0,0.0,0.0,1.0,1.0,0.0
-0.11392405063291144,0.20550439070385473,-1.0,0.859727259984369,-0.5613104177489419,-1.0,0.6783479663069123,0.0,0.0,1.0,1.0,0.0,1.0,0.0,0.0,1.0,0.0
-1.0,-1.0,-1.0,-1.0,-1.0,-1.0,-1.0,1.0,0.0,0.0,0.0,1.0,0.0,0.0,1.0,1.0,0.0
0.1898734177215189,-1.0,-1.0,-1.0,-1.0,-1.0,-1.0,1.0,0.0,0.0,0.0,1.0,1.0,0.0,0.0,1.0,0.0
-0.5949367088607596,-1.0,0.18979109628564794,0.3995803159554794,-1.0,-1.0,0.34909803250330795,1.0,0.0,0.0,1.0,0.0,0.0,0.0,1.0,1.0,0.0
-0.31645569620253167,-1.0,-1.0,-1.0,-1.0,-1.0,-1.0,0.0,1.0,0.0,0.0,1.0,0.0,0.0,1.0,1.0,0.0
0.3924050632911391,-1.0,-0.10029138367294643,-1.0,0.12430653180175022,0.7309331821388421,0.6498365185518185,0.0,1.0,0.0,1.0,0.0,0.0,1.0,0.0,0.0,1.0
-0.2405063291139241,0.33860980261812057,-1.0,-0.164650628997688,-0.0022754217253663223,-0.7785099892122169,0.2753096940518822,1.0,0.0,0.0,1.0,0.0,0.0,0.0,1.0,1.0,0.0
-0.49367088607594933,0.2945505117037497,-0.059630698611390365,0.38061460838471795,0.07228135771050459,-1.0,0.3933055036701387,0.0,0.0,1.0,1.0,0.0,0.0,0.0,1.0,1.0,0.0
0.31645569620253156,-1.0,0.30664705466852515,-0.852735061170152,-0.7806552088744709,-0.5570199784244338,0.28569196920193196,1.0,0.0,0.0,1.0,0.0,0.0,0.0,1.0,1.0,0.0
-0.6455696202531646,0.5591458635942959,-1.0,0.23652548947915575,-1.0,-1.0,0.4559674892103087,0.0,0.0,1.0,1.0,0.0,0.0,0.0,1.0,1.0,0.0
-0.5443037974683544,-1.0,-1.0,-1.0,-1.0,-1.0,-1.0,1.0,0.0,0.0,0.0,1.0,1.0,0.0,0.0,1.0,0.0
-0.8227848101265822,-1.0,-1.0,-1.0,-1.0,-1.0,-1.0,1.0,0.0,0.0,0.0,1.0,0.0,0.0,1.0,1.0,0.0
-0.3417721518987342,-1.0,-1.0,-1.0,-1.0,-1.0,-1.0,0.0,1.0,0.0,0.0,1.0,0.0,0.0,1.0,1.0,0.0
-0.012658227848101333,-1.0,-1.0,-1.0,-1.0,-1.0,-1.0,0.0,0.0,1.0,0.0,1.0,0.0,0.0,1.0,1.0,0.0
-0.5443037974683544,-1.0,-1.0,-1.0,-1.0,-1.0,-1.0,1.0,0.0,0.0,0.0,1.0,0.0,1.0,0.0,1.0,0.0
-0.16455696202531644,0.2804363190092234,-1.0,-1.0,-1.0,0.2298785699274355,0.29744751488910315,1.0,0.0,0.0,1.0,0.0,0.0,0.0,1.0,1.0,0.0
-0.012658227848101333,-0.4988709397562451,0.028526543585323694,-1.0,0.7440057317496402,-0.06756433650543037,0.674530977191705,0.0,1.0,0.0,1.0,0.0,1.0,0.0,0.0,1.0,0.0
-0.189873417721519,-1.0,-1.0,-1.0,-1.0,-1.0,-1.0,1.0,0.0,0.0,0.0,1.0,0.0,1.0,0.0,1.0,0.0
-0.3924050632911392,0.06833924959827642,-1.0,0.4637515249904822,-0.7806552088744709,-1.0,0.3433775660388374,0.0,0.0,1.0,1.0,0.0,0.0,0.0,1.0,1.0,0.0
-0.2911392405063291,-1.0,-1.0,-1.0,-1.0,-1.0,-1.0,0.0,1.0,0.0,0.0,1.0,1.0,0.0,0.0,1.0,0.0
0.6962025316455696,-1.0,-1.0,-1.0,-1.0,-1.0,-1.0,1.0,0.0,0.0,0.0,1.0,0.0,1.0,0.0,1.0,0.0
-0.4683544303797469,-1.0,-1.0,-1.0,-1.0,-1.0,-1.0,1.0,0.0,0.0,0.0,1.0,0.0,0.0,1.0,1.0,0.0
0.11392405063291133,-1.0,-1.0,-1.0,-1.0,-1.0,-1.0,1.0,0.0,0.0,0.0,1.0,1.0,0.0,0.0,1.0,0.0
0.240506329113924,-1.0,0.6096791690167618,0.21110710348735173,0.13202706686042975,0.595951766635225,0.6963643453972488,0.0,1.0,0.0,1.0,0.0,0.0,0.0,1.0,1.0,0.0
-0.31645569620253167,-1.0,-1.0,-1.0,-1.0,-1.0,-1.0,1.0,0.0,0.0,0.0,1.0,0.0,0.0,1.0,1.0,0.0
-0.3417721518987342,0.17908551741807077,0.2830283016534716,-0.43931011029966616,-1.0,0.7057368312881667,0.6506989973934332,0.0,1.0,0.0,1.0,0.0,1.0,0.0,0.0,1.0,0.0
-0.2405063291139241,-1.0,0.5545452971567302,-1.0,0.38293427830580895,-1.0,0.5822762338670469,0.0,1.0,0.0,1.0,0.0,0.0,0.0,1.0,1.0,0.0
0.4177215189873418,0.140091468914203,-1.0,0.532469143573866,-1.0,0.03778067928010853,0.4247791939054193,0.0,0.0,1.0,1.0,0.0,0.0,1.0,0.0,1.0,0.0
-0.36708860759493667,-1.0,-1.0,-1.0,-1.0,-1.0,-1.0,0.0,1.0,0.0,0.0,1.0,1.0,0.0,0.0,1.0,0.0
-0.5189873417721519,-1.0,-1.0,-1.0,0.3556852360093785,-1.0,0.2944686937979426,1.0,0.0,0.0,1.0,0.0,0.0,0.0,1.0,1.0,0.0
0.620253164556962,-1.0,-1.0,-1.0,-1.0,-1.0,-1.0,0.0,0.0,1.0,0.0,1.0,0.0,0.0,1.0,1.0,0.0
-0.31645569620253167,-1.0,-1.0,-1.0,-1.0,-1.0,-1.0,1.0,0.0,0.0,0.0,1.0,0.0,0.0,1.0,1.0,0.0
0.3417721518987342,-0.5408085165037282,-1.0,0.16173529199337877,-1.0,0.5373878047891805,0.47518748302165537,1.0,0.0,0.0,1.0,0.0,1.0,0.0,0.0,1.0,0.0
-0.3924050632911392,-1.0,0.03045813406809783,-1.0,-1.0,0.29101752530043634,0.2755466619768592,1.0,0.0,0.0,1.0,0.0,0.0,0.0,1.0,1.0,0.0
-0.03797468354430378,-1.0,-1.0,0.5323125210846891,-1.0,-1.0,0.3749566576301271,0.0,0.0,1.0,1.0,0.0,0.0,0.0,1.0,0.0,1.0
-0.08860759493670889,0.3493812454666556,-1.0,0.08989005747117607,0.4960874948719314,-1.0,0.49905844528648013,0.0,0.0,1.0,1.0,0.0,0.0,0.0,1.0,1.0,0.0
-0.4683544303797469,0.38013874094778277,-0.687570694869583,-0.2920451714698181,-0.5613104177489419,-1.0,0.26879761484571585,1.0,0.0,0.0,1.0,0.0,0.0,0.0,1.0,1.0,0.0
0.5949367088607596,-1.0,-1.0,-1.0,-1.0,-1.0,-1.0,0.0,1.0,0.0,0.0,1.0,0.0,0.0,1.0,1.0,0.0
-0.5443037974683544,0.38350957290217513,-1.0,-0.08271339656191012,-1.0,-1.0,0.2799939756872658,1.0,0.0,0.0,1.0,0.0,1.0,0.0,0.0,1.0,0.0
-0.11392405063291144,-1.0,-1.0,-1.0,-1.0,-1.0,-1.0,0.0,0.0,1.0,1.0,0.0,0.0,0.0,1.0,1.0,0.0
-0.31645569620253167,-0.3637342358463982,-1.0,0.4678229653107375,-0.27905773174939197,-1.0,0.3274672118880446,0.0,0.0,1.0,1.0,0.0,0.0,0.0,1.0,1.0,0.0
-0.1392405063291139,-1.0,-1.0,-1.0,-1.0,-1.0,-1.0,1.0,0.0,0.0,0.0,1.0,0.0,0.0,1.0,1.0,0.0
-0.7215189873417722,-1.0,-1.0,-1.0,-1.0,-1.0,-1.0,1.0,0.0,0.0,0.0,1.0,0.0,0.0,1.0,1.0,0.0
-0.31645569620253167,0.17982529536012182,-0.5734676419580506,0.237154996301024,-1.0,-1.0,0.2282101809102719,1.0,0.0,0.0,1.0,0.0,0.0,0.0,1.0,1.0,0.0
-0.44303797468354433,-1.0,0.42376379033251177,-1.0,0.18066773416892556,0.6121286901681899,0.6187011927433981,0.0,1.0,0.0,1.0,0.0,0.0,0.0,1.0,1.0,0.0
-0.08860759493670889,-0.4484711928323267,0.025592635217374093,-0.7054701223403039,-1.0,0.8990154534237986,0.7989539619492416,0.0,1.0,0.0,1.0,0.0,1.0,0.0,0.0,0.0,1.0
0.36708860759493667,0.5622490978316184,-1.0,-0.47206071662399995,-1.0,-1.0,0.4262887998678837,0.0,0.0,1.0,1.0,0.0,0.0,0.0,1.0,1.0,0.0
-0.6708860759493671,-1.0,-1.0,-1.0,-1.0,-1.0,-1.0,1.0,0.0,0.0,0.0,1.0,1.0,0.0,0.0,1.0,0.0
-0.5443037974683544,0.41040335172717635,-0.24450722700311545,-1.0,-0.5848265349639614,-1.0,0.2985001993479246,1.0,0.0,0.0,1.0,0.0,0.0,0.0,1.0,1.0,0.0
0.3417721518987342,-1.0,-0.03524373085873089,0.5718042081246548,-0.7232176899759744,0.3365386075374379,0.4942318413816289,0.0,1.0,0.0,1.0,0.0,0.0,0.0,1.0,1.0,0.0
-0.6962025316455696,-1.0,-1.0,-1.0,-1.0,-1.0,-1.0,1.0,0.0,0.0,1.0,0.0,0.0,1.0,0.0,1.0,0.0
0.26582278481012667,-1.0,0.6709672255182695,-1.0,0.30910166746036993,0.7663432813167312,0.7992882327580957,0.0,1.0,0.0,1.0,0.0,1.0,0.0,0.0,0.0,1.0
-0.21518987341772156,-1.0,0.6386702794994201,-0.5331811885673919,0.2827651470801511,-1.0,0.6333513482954478,0.0,1.0,0.0,1.0,0.0,0.0,0.0,1.0,1.0,0.0
-0.7468354430379747,-1.0,-1.0,-1.0,-1.0,-1.0,-1.0,0.0,0.0,1.0,0.0,1.0,0.0,0.0,1.0,1.0,0.0
-0.44303797468354433,-1.0,0.26321384519661883,0.020654610061942247,-1.0,-0.1848848969149266,0.28524234476922583,1.0,0.0,0.0,1.0,0.0,0.0,0.0,1.0,1.0,0.0
-0.9493670886075949,-1.0,-1.0,-1.0,-1.0,-1.0,-1.0,0.0,1.0,0.0,1.0,0.0,0.0,0.0,1.0,1.0,0.0
0.11392405063291133,-1.0,-1.0,-1.0,-1.0,-1.0,-1.0,0.0,1.0,0.0,0.0,1.0,1.0,0.0,0.0,1.0,0.0
-0.5189873417721519,-1.0,-1.0,0.36604789312077113,-1.0,0.0005536275467898921,0.2650813047454863,1.0,0.0,0.0,1.0,0.0,0.0,0.0,1.0,1.0,0.0
-0.3417721518987342,-1.0,-1.0,0.44593290376255457,-1.0,-1.0,0.29744751488910315,1.0,0.0,0.0,1.0,0.0,0.0,0.0,1.0,1.0,0.0
-0.08860759493670889,-1.0,-1.0,-1.0,-1.0,-1.0,-1.0,1.0,0.0,0.0,0.0,1.0,0.0,0.0,1.0,1.0,0.0
-0.03797468354430378,-1.0,-1.0,-1.0,-1.0,-1.0,-1.0,0.0,1.0,0.0,0.0,1.0,1.0,0.0,0.0,1.0,0.0
-0.26582278481012656,-1.0,-1.0,-1.0,-1.0,-1.0,-1.0,0.0,1.0,0.0,0.0,1.0,0.0,0.0,1.0,1.0,0.0
-0.31645569620253167,-1.0,0.6260385160273063,-1.0,-1.0,-0.27200682563365874,0.5984411319896177,0.0,1.0,0.0,1.0,0.0,1.0,0.0,0.0,1.0,0.0
-0.4177215189873418,-1.0,0.1541443227503636,0.05439801444025161,-1.0,0.1226277886472169,0.2707504172839674,1.0,0.0,0.0,1.0,0.0,0.0,0.0,1.0,1.0,0.0
-0.1392405063291139,-1.0,-1.0,0.3972261822083347,-1.0,-1.0,0.25374257209786033,1.0,0.0,0.0,1.0,0.0,1.0,0.0,0.0,1.0,0.0
-1.0,-1.0,-1.0,-1.0,-1.0,-1.0,-1.0,1.0,0.0,0.0,0.0,1.0,0.0,0.0,1.0,1.0,0.0
-0.16455696202531644,-1.0,-1.0,-1.0,-1.0,-1.0,-1.0,0.0,1.0,0.0,0.0,1.0,1.0,0.0,0.0,1.0,0.0
-0.4177215189873418,-1.0,-1.0,-1.0,-1.0,-1.0,-1.0,0.0,1.0,0.0,0.0,1.0,0.0,0.0,1.0,1.0,0.0
-0.5189873417721519,-1.0,-1.0,-1.0,-1.0,-1.0,-1.0,0.0,1.0,0.0,0.0,1.0,1.0,0.0,0.0,1.0,0.0
-0.4683544303797469,-1.0,-1.0,-1.0,-1.0,-1.0,-1.0,0.0,0.0,1.0,0.0,1.0,0.0,0.0,1.0,1.0,0.0
-0.36708860759493667,-1.0,-1.0,-1.0,-1.0,-1.0,-1.0,0.0,1.0,0.0,0.0,1.0,0.0,0.0,1.0,1.0,0.0
-0.03797468354430378,-1.0,-1.0,-1.0,-1.0,-1.0,-1.0,0.0,0.0,1.0,0.0,1.0,0.0,0.0,1.0,1.0,0.0
0.06329113924050622,-1.0,-1.0,-1.0,-1.0,-1.0,-1.0,1.0,0.0,0.0,0.0,1.0,0.0,0.0,1.0,1.0,0.0
0.03797468354430378,-1.0,-1.0,-1.0,-1.0,-1.0,-1.0,1.0,0.0,0.0,0.0,1.0,0.0,0.0,1.0,1.0,0.0
-0.44303797468354433,-1.0,-0.7308880444503403,0.3147486754725213,-1.0,0.09548669498691931,0.25374257209786033,1.0,0.0,0.0,1.0,0.0,0.0,0.0,1.0,1.0,0.0
0.4177215189873418,0.20874456491694504,0.23353091228310774,0.011763840168196094,-1.0,-1.0,0.3197374772423094,0.0,0.0,1.0,1.0,0.0,0.0,0.0,1.0,1.0,0.0
-0.3924050632911392,-1.0,-1.0,-1.0,-1.0,-1.0,-1.0,1.0,0.0,0.0,0.0,1.0,0.0,0.0,1.0,1.0,0.0
-0.012658227848101333,0.5333248046080024,-1.0,0.2390324023048458,-1.0,0.3275525238325594,0.49898510784718453,0.0,0.0,1.0,1.0,0.0,0.0,0.0,1.0,1.0,0.0
-0.49367088607594933,-1.0,-1.0,-1.0,-1.0,-1.0,-1.0,1.0,0.0,0.0,0.0,1.0,0.0,1.0,0.0,1.0,0.0
-0.36708860759493667,0.30737074930098474,-1.0,0.04989342739107472,-1.0,-0.1216487427128865,0.25872178674943225,0.0,0.0,1.0,1.0,0.0,0.0,0.0,1.0,1.0,0.0
-0.9493670886075949,-1.0,-1.0,-1.0,-1.0,-1.0,-1.0,0.0,0.0,1.0,0.0,1.0,1.0,0.0,0.0,1.0,0.0
-0.49367088607594933,-0.7704042582518641,-1.0,-0.558205183510456,-0.7806552088744709,0.2714011992622192,0.20602138102752,1.0,0.0,0.0,1.0,0.0,0.0,0.0,1.0,1.0,0.0
-0.012658227848101333,-1.0,-1.0,-1.0,-1.0,-1.0,-1.0,1.0,0.0,0.0,0.0,1.0,0.0,0.0,1.0,1.0,0.0
-0.5949367088607596,-0.19536900909227262,-1.0,0.614343740868581,-1.0,0.3143180883982215,0.5075200068236077,0.0,0.0,1.0,1.0,0.0,0.0,0.0,1.0,1.0,0.0
-0.6962025316455696,-1.0,-1.0,-1.0,-1.0,-1.0,-1.0,1.0,0.0,0.0,1.0,0.0,0.0,0.0,1.0,1.0,0.0
-0.06329113924050633,-1.0,0.7045250987233713,-1.0,0.32569259682668106,-1.0,0.6951099540020993,0.0,1.0,0.0,1.0,0.0,0.0,0.0,1.0,1.0,0.0
-0.4683544303797469,0.5501782494472833,-1.0,-1.0,-1.0,-1.0,0.414092505838477,0.0,0.0,1.0,1.0,0.0,1.0,0.0,0.0,1.0,0.0
-0.06329113924050633,0.1892114381070229,0.4292605685418638,-0.363531523479411,0.24707414795375482,-1.0,0.4841958047008723,0.0,0.0,1.0,1.0,0.0,0.0,1.0,0.0,1.0,0.0
-0.44303797468354433,-1.0,-1.0,-1.0,-1.0,-1.0,-1.0,1.0,0.0,0.0,0.0,1.0,0.0,1.0,0.0,1.0,0.0
-0.03797468354430378,0.059335338010751304,0.2947045907670338,0.6879493962062557,-1.0,-0.09963319400218829,0.5739956802462274,0.0,1.0,0.0,1.0,0.0,0.0,0.0,1.0,1.0,0.0
-0.5443037974683544,-1.0,-1.0,-1.0,-1.0,-1.0,-1.0,0.0,0.0,1.0,1.0,0.0,0.0,0.0,1.0,1.0,0.0
-0.6708860759493671,-1.0,-1.0,-1.0,-1.0,-1.0,-1.0,0.0,0.0,1.0,0.0,1.0,0.0,0.0,1.0,1.0,0.0
0.4683544303797469,-1.0,-1.0,-1.0,-1.0,-1.0,-1.0,0.0,1.0,0.0,0.0,1.0,0.0,0.0,1.0,1.0,0.0
-0.49367088607594933,0.39224137245738344,-1.0,-0.25079509588414395,-1.0,-1.0,0.27790028040328596,1.0,0.0,0.0,1.0,0.0,0.0,0.0,1.0,1.0,0.0
0.21518987341772156,-1.0,-0.7867338209790253,-0.08845586496904323,0.2616213702824417,0.0019585732750679874,0.2675668767358772,1.0,0.0,0.0,1.0,0.0,0.0,1.0,0.0,1.0,0.0
-0.7468354430379747,-1.0,-1.0,-1.0,-1.0,-1.0,-1.0,0.0,0.0,1.0,0.0,1.0,0.0,0.0,1.0,1.0,0.0
-0.06329113924050633,-1.0,-1.0,-1.0,-1.0,-1.0,-1.0,0.0,0.0,1.0,0.0,1.0,0.0,0.0,1.0,1.0,0.0
-0.9493670886075949,-1.0,-1.0,-1.0,-1.0,-1.0,-1.0,1.0,0.0,0.0,0.0,1.0,0.0,1.0,0.0,1.0,0.0
-0.21518987341772156,0.4538279131770304,-0.3272201111258505,0.1535100687968982,-0.7806552088744709,-1.0,0.36837725681771083,0.0,0.0,1.0,1.0,0.0,0.0,0.0,1.0,1.0,0.0
0.5189873417721518,-1.0,-1.0,-1.0,-1.0,-1.0,-1.0,0.0,0.0,1.0,0.0,1.0,1.0,0.0,0.0,1.0,0.0
-0.44303797468354433,-1.0,-1.0,-1.0,-0.5212452626117072,0.3378658598367563,0.2675668767358772,1.0,0.0,0.0,1.0,0.0,0.0,0.0,1.0,1.0,0.0
-0.7974683544303798,-1.0,-1.0,-1.0,-1.0,-1.0,-1.0,1.0,0.0,0.0,1.0,0.0,0.0,0.0,1.0,1.0,0.0
0.08860759493670889,-1.0,0.4447608148512918,-1.0,0.12142335920090219,0.538075052726581,0.5829385098173034,0.0,1.0,0.0,1.0,0.0,1.0,0.0,0.0,1.0,0.0
-0.36708860759493667,-1.0,-1.0,-1.0,-1.0,-1.0,-1.0,0.0,0.0,1.0,0.0,1.0,0.0,1.0,0.0,1.0,0.0
-0.36708860759493667,-1.0,-1.0,-1.0,-1.0,-1.0,-1.0,0.0,0.0,1.0,0.0,1.0,1.0,0.0,0.0,1.0,0.0
-0.012658227848101333,-1.0,0.08461482263381237,-1.0,0.4245254305661177,0.06616167847277632,0.4200663647405154,0.0,1.0,0.0,1.0,0.0,0.0,0.0,1.0,1.0,0.0
-0.8987341772151899,-1.0,-1.0,-1.0,-1.0,-1.0,-1.0,0.0,0.0,1.0,0.0,1.0,1.0,0.0,0.0,1.0,0.0
0.36708860759493667,-1.0,-1.0,-1.0,-1.0,-1.0,-1.0,0.0,1.0,0.0,0.0,1.0,1.0,0.0,0.0,1.0,0.0
-0.21518987341772156,0.10623216221710585,-1.0,0.35622958654568526,-1.0,0.029404030667748104,0.3079215265014559,1.0,0.0,0.0,1.0,0.0,0.0,0.0,1.0,1.0,0.0
-0.9240506329113924,-1.0,-1.0,-1.0,-1.0,-1.0,-1.0,1.0,0.0,0.0,1.0,0.0,0.0,0.0,1.0,1.0,0.0
-0.11392405063291144,-1.0,-1.0,-1.0,-1.0,-1.0,-1.0,0.0,1.0,0.0,0.0,1.0,0.0,1.0,0.0,1.0,0.0
-0.11392405063291144,0.38126840343028867,-1.0,-0.26367530585075993,-1.0,-0.27200682563365874,0.2764915990842052,0.0,0.0,1.0,1.0,0.0,0.0,0.0,1.0,1.0,0.0
-0.49367088607594933,-1.0,-0.8654440222251701,-0.24463645026862124,-1.0,0.3412763714190281,0.27672710334034045,1.0,0.0,0.0,1.0,0.0,0.0,0.0,1.0,1.0,0.0
-0.2405063291139241,0.49358283770488187,-0.553014717094753,-1.0,-1.0,-1.0,0.3638116768553854,1.0,0.0,0.0,1.0,0.0,0.0,1.0,0.0,1.0,0.0
-0.5189873417721519,-1.0,-1.0,-1.0,-1.0,-1.0,-1.0,1.0,0.0,0.0,0.0,1.0,0.0,1.0,0.0,1.0,0.0
-0.21518987341772156,-0.335827903965242,-1.0,-1.0,-1.0,-0.4172753404995585,-0.29204212903330695,1.0,0.0,0.0,1.0,0.0,1.0,0.0,0.0,1.0,0.0
-0.21518987341772156,0.003978188225416401,-1.0,-1.0,0.12142335920090219,0.37320746040770136,0.3673558347817045,1.0,0.0,0.0,1.0,0.0,0.0,1.0,0.0,1.0,0.0
-0.26582278481012656,-0.08161703300745626,0.5953529299186626,-1.0,0.45555241465832874,0.4487906206300003,0.6758698332091284,0.0,1.0,0.0,1.0,0.0,1.0,0.0,0.0,1.0,0.0
-0.36708860759493667,-1.0,-1.0,-1.0,-1.0,-1.0,-1.0,0.0,1.0,0.0,0.0,1.0,0.0,0.0,1.0,1.0,0.0
-0.49367088607594933,0.34773437287495557,-0.11804088815051594,-1.0,-1.0,-1.0,0.255592184247051,1.0,0.0,0.0,1.0,0.0,0.0,0.0,1.0,1.0,0.0
-0.2911392405063291,-1.0,-1.0,-1.0,-1.0,-1.0,-1.0,1.0,0.0,0.0,0.0,1.0,0.0,0.0,1.0,1.0,0.0
-0.16455696202531644,-1.0,-1.0,-1.0,-1.0,-1.0,-1.0,0.0,1.0,0.0,0.0,1.0,0.0,0.0,1.0,1.0,0.0
-0.6708860759493671,0.33371690570915824,-1.0,-0.25713760857903223,0.17740352686210992,-1.0,0.31421127375931923,1.0,0.0,0.0,1.0,0.0,0.0,0.0,1.0,1.0,0.0
0.3924050632911391,-1.0,-1.0,0.39781716561289304,0.12142335920090219,-1.0,0.3157518128179244,1.0,0.0,0.0,1.0,0.0,0.0,0.0,1.0,1.0,0.0
-0.189873417721519,0.5643708119985058,-1.0,0.37771520694675154,0.2707621603434376,-1.0,0.5273533346665722,0.0,0.0,1.0,1.0,0.0,0.0,0.0,1.0,1.0,0.0
-0.44303797468354433,0.38126840343028867,-1.0,0.4736842583277614,-1.0,-1.0,0.42575102610902915,0.0,0.0,1.0,1.0,0.0,0.0,0.0,1.0,1.0,0.0
-1.0,-1.0,-1.0,-1.0,-1.0,-1.0,-1.0,0.0,0.0,1.0,1.0,0.0,0.0,0.0,1.0,1.0,0.0
-0.8227848101265822,-1.0,-1.0,-1.0,-1.0,-1.0,-1.0,1.0,0.0,0.0,1.0,0.0,1.0,0.0,0.0,1.0,0.0
-0.3924050632911392,0.06194771015643852,-0.40898743448058295,-0.21626658464956294,0.26090058887493095,-0.8602553620751245,0.2678136608105952,1.0,0.0,0.0,1.0,0.0,0.0,1.0,0.0,1.0,0.0
-0.26582278481012656,-1.0,-1.0,-1.0,-1.0,-1.0,-1.0,1.0,0.0,0.0,1.0,0.0,0.0,0.0,1.0,1.0,0.0
-0.31645569620253167,-1.0,-1.0,-1.0,-1.0,-1.0,-1.0,0.0,0.0,1.0,1.0,0.0,0.0,0.0,1.0,1.0,0.0
-0.3417721518987342,-1.0,-1.0,-1.0,-1.0,-1.0,-1.0,1.0,0.0,0.0,0.0,1.0,0.0,1.0,0.0,1.0,0.0
-0.49367088607594933,-1.0,-1.0,0.28481499889987094,-1.0,-1.0,0.15287509059177484,1.0,0.0,0.0,1.0,0.0,0.0,0.0,1.0,1.0,0.0
0.11392405063291133,-0.7102824304755853,-1.0,-0.25079509588414395,0.32699329349882134,-1.0,0.2757833357143922,1.0,0.0,0.0,1.0,0.0,0.0,0.0,1.0,1.0,0.0
-0.44303797468354433,0.03717026089947861,0.39307779415127087,-1.0,-1.0,-1.0,0.3877342279185729,1.0,0.0,0.0,1.0,0.0,0.0,0.0,1.0,1.0,0.0
0.3417721518987342,-1.0,-1.0,-1.0,-1.0,-1.0,-1.0,1.0,0.0,0.0,0.0,1.0,0.0,1.0,0.0,1.0,0.0
0.4430379746835442,0.27014852585822124,-0.3913276979777265,0.5444911210381829,-0.6786656890936953,-1.0,0.4389613082943311,0.0,0.0,1.0,1.0,0.0,0.0,0.0,1.0,0.0,1.0
-0.189873417721519,0.1445099643721517,-0.01846517263632519,-0.7054701223403039,-0.7806552088744709,0.16607061038971538,0.25532905008367734,1.0,0.0,0.0,1.0,0.0,0.0,0.0,1.0,1.0,0.0
-0.6708860759493671,-0.3540121549940377,-1.0,0.5627677172527121,-1.0,-0.8602553620751245,0.4049456270842622,0.0,0.0,1.0,1.0,0.0,0.0,0.0,1.0,1.0,0.0
-0.9746835443037974,-1.0,-1.0,-1.0,-1.0,-1.0,-1.0,1.0,0.0,0.0,0.0,1.0,0.0,0.0,1.0,1.0,0.0
-0.3924050632911392,-1.0,-1.0,-1.0,-1.0,-1.0,-1.0,0.0,1.0,0.0,1.0,0.0,0.0,0.0,1.0,1.0,0.0
-0.7215189873417722,-1.0,-1.0,-1.0,-1.0,-1.0,-1.0,1.0,0.0,0.0,1.0,0.0,0.0,0.0,1.0,1.0,0.0
-0.44303797468354433,0.38600248974286355,-1.0,-0.182003812532737,-1.0,-1.0,0.2755466619768592,1.0,0.0,0.0,1.0,0.0,0.0,0.0,1.0,1.0,0.0
-0.5443037974683544,-0.03140165932038008,-0.7308880444503403,0.1113929509906717,0.5444274840822172,-1.0,0.49751240318010015,1.0,0.0,0.0,1.0,0.0,0.0,0.0,1.0,1.0,0.0
-0.6455696202531646,-1.0,-1.0,-1.0,-1.0,-1.0,-1.0,1.0,0.0,0.0,0.0,1.0,0.0,0.0,1.0,1.0,0.0
-0.31645569620253167,0.7041849391372652,-0.534512796009096,-1.0,-0.06891531746405233,0.5678186427101453,0.6577491363159065,0.0,1.0,0.0,1.0,0.0,1.0,0.0,0.0,1.0,0.0
0.620253164556962,0.6034097701512853,-1.0,0.11699903869539208,-0.18253858794414057,-1.0,0.483640116321719,0.0,0.0,1.0,1.0,0.0,0.0,0.0,1.0,1.0,0.0
-0.7721518987341772,-1.0,-1.0,-1.0,-1.0,-1.0,-1.0,1.0,0.0,0.0,1.0,0.0,0.0,0.0,1.0,1.0,0.0
-0.3924050632911392,0.33371690570915824,-1.0,-0.852735061170152,0.024216253291746037,-0.4287989852180887,0.2685521020350963,1.0,0.0,0.0,1.0,0.0,0.0,0.0,1.0,1.0,0.0
-0.49367088607594933,-0.1909691192030346,-1.0,-1.0,-1.0,0.5938073642479724,0.5103742750443323,1.0,0.0,0.0,1.0,0.0,0.0,0.0,1.0,1.0,0.0
-0.2911392405063291,-1.0,0.20986301368245885,0.235260852430059,-1.0,-0.22377599210075905,0.2944686937979426,1.0,0.0,0.0,1.0,0.0,0.0,0.0,1.0,1.0,0.0
-0.8481012658227848,-1.0,-1.0,-1.0,-1.0,-1.0,-1.0,1.0,0.0,0.0,1.0,0.0,0.0,1.0,0.0,1.0,0.0
-0.5696202531645569,-1.0,0.1784712882277686,-1.0,0.5987872198765885,-1.0,0.5522084084120376,1.0,0.0,0.0,1.0,0.0,0.0,0.0,1.0,1.0,0.0
0.08860759493670889,-1.0,-1.0,-1.0,-1.0,-1.0,-1.0,0.0,1.0,0.0,0.0,1.0,1.0,0.0,0.0,1.0,0.0
0.08860759493670889,0.40164737720327537,-1.0,0.3653614356675352,-1.0,-1.0,0.385751811395431,0.0,0.0,1.0,1.0,0.0,0.0,1.0,0.0,1.0,0.0
-0.620253164556962,-1.0,-1.0,-1.0,-0.6114869098077889,0.2923482819216674,0.22391214154668493,1.0,0.0,0.0,1.0,0.0,0.0,0.0,1.0,1.0,0.0
0.4683544303797469,0.29369575774983114,-1.0,0.12137977940066769,-1.0,-0.5807660862253737,0.24615927292440265,1.0,0.0,0.0,1.0,0.0,0.0,1.0,0.0,1.0,0.0
-0.26582278481012656,0.32798105201219396,-1.0,0.8070272940973104,0.5000499316453211,-0.7785099892122169,0.6971182264453684,0.0,0.0,1.0,1.0,0.0,0.0,0.0,1.0,1.0,0.0
-0.5949367088607596,0.17154003899303305,-1.0,0.6400883148690562,-0.04750307886341254,-1.0,0.501969046419461,0.0,0.0,1.0,1.0,0.0,0.0,0.0,1.0,1.0,0.0
-0.11392405063291144,0.2915434519045743,-1.0,0.4416550733992992,-1.0,-0.3076776303962323,0.38063544111455827,1.0,0.0,0.0,1.0,0.0,0.0,0.0,1.0,1.0,0.0
-0.7974683544303798,-1.0,-1.0,-1.0,-1.0,-1.0,-1.0,0.0,0.0,1.0,0.0,1.0,0.0,0.0,1.0,1.0,0.0
-0.6455696202531646,0.5269704457605493,-0.7867338209790253,0.02918822289859868,0.22457114899180963,-0.1350052082008103,0.46282840529408653,1.0,0.0,0.0,1.0,0.0,0.0,0.0,1.0,1.0,0.0
-0.2405063291139241,-1.0,-1.0,-1.0,-1.0,-1.0,-1.0,0.0,1.0,0.0,0.0,1.0,0.0,0.0,1.0,1.0,0.0
-0.620253164556962,0.38267194833234086,-1.0,-0.7665905942836959,-1.0,-0.499020713362466,0.26458027772622783,1.0,0.0,0.0,1.0,0.0,0.0,0.0,1.0,1.0,0.0
-0.5949367088607596,-0.20915337023183045,-1.0,-1.0,0.5066950358452673,-0.03479907452996045,0.454305719811952,1.0,0.0,0.0,1.0,0.0,0.0,0.0,1.0,1.0,0.0
-0.8987341772151899,-1.0,-1.0,-1.0,-1.0,-1.0,-1.0,1.0,0.0,0.0,1.0,0.0,0.0,0.0,1.0,1.0,0.0
-0.4177215189873418,-1.0,-1.0,-1.0,-1.0,-1.0,-1.0,1.0,0.0,0.0,0.0,1.0,0.0,0.0,1.0,1.0,0.0
-0.2911392405063291,-1.0,-1.0,-1.0,-1.0,-1.0,-1.0,0.0,0.0,1.0,1.0,0.0,0.0,0.0,1.0,1.0,0.0
-0.620253164556962,0.15805232382294987,-1.0,-0.4905470142953362,0.03791233472553901,-1.0,0.16254097355663633,1.0,0.0,0.0,1.0,0.0,1.0,0.0,0.0,1.0,0.0
-0.189873417721519,-1.0,-1.0,-1.0,-1.0,-1.0,-1.0,0.0,0.0,1.0,0.0,1.0,0.0,0.0,1.0,1.0,0.0
-0.1392405063291139,0.29582612329628244,-1.0,-0.43931011029966616,-0.19631344477175017,-1.0,0.20670224129085923,1.0,0.0,0.0,1.0,0.0,1.0,0.0,0.0,1.0,0.0
-0.5189873417721519,0.41283912580847004,-1.0,-0.619325655453848,0.5208349977161739,-1.0,0.5198762715900949,0.0,0.0,1.0,1.0,0.0,0.0,0.0,1.0,1.0,0.0
-1.0,-1.0,-1.0,-1.0,-1.0,-1.0,-1.0,1.0,0.0,0.0,1.0,0.0,0.0,0.0,1.0,1.0,0.0
-0.4177215189873418,-0.30361240807011936,-1.0,-0.25713760857903223,0.31524542091412733,-1.0,0.2707504172839674,1.0,0.0,0.0,1.0,0.0,0.0,0.0,1.0,1.0,0.0
-0.9746835443037974,-1.0,-1.0,-1.0,-1.0,-1.0,-1.0,0.0,0.0,1.0,0.0,1.0,0.0,0.0,1.0,1.0,0.0
-0.06329113924050633,-0.38465038264461693,0.5316001055390593,-1.0,0.420508066999868,-1.0,0.5771857774970472,0.0,1.0,0.0,1.0,0.0,1.0,0.0,0.0,1.0,0.0
0.4683544303797469,0.4661930452518275,0.4382855858599004,-1.0,0.05278722867770669,0.2573075889087466,0.5539756578795152,0.0,1.0,0.0,1.0,0.0,0.0,0.0,1.0,1.0,0.0
0.06329113924050622,-1.0,-1.0,-1.0,-1.0,-1.0,-1.0,0.0,1.0,0.0,0.0,1.0,0.0,0.0,1.0,1.0,0.0
0.3924050632911391,-1.0,-1.0,-1.0,-1.0,-1.0,-1.0,1.0,0.0,0.0,0.0,1.0,0.0,0.0,1.0,1.0,0.0
-0.9493670886075949,-1.0,-1.0,-1.0,-1.0,-1.0,-1.0,1.0,0.0,0.0,1.0,0.0,0.0,0.0,1.0,1.0,0.0
0.08860759493670889,0.4044389882982464,-0.3675277377538795,0.33904432415222585,-0.06518331659938703,-1.0,0.3949582840951442,0.0,0.0,1.0,1.0,0.0,0.0,0.0,1.0,1.0,0.0
-0.49367088607594933,-0.03967945625997338,0.20639987094091095,-1.0,-0.00913713596583432,-0.19955383001457783,0.2724428630192193,1.0,0.0,0.0,1.0,0.0,0.0,0.0,1.0,1.0,0.0
-0.5189873417721519,-1.0,-0.24850990987970567,-1.0,0.11327299354986042,0.20022681698952183,0.24753574584356097,1.0,0.0,0.0,1.0,0.0,1.0,0.0,0.0,1.0,0.0
-0.4683544303797469,-0.7102824304755853,-0.3098243083711406,0.35943522250223015,-1.0,-0.5570199784244338,0.23359755994066989,1.0,0.0,0.0,1.0,0.0,0.0,0.0,1.0,1.0,0.0
-0.2911392405063291,-1.0,0.00914909649701734,-1.0,0.3293134049487869,0.716090815906741,0.6563083988854037,0.0,1.0,0.0,1.0,0.0,0.0,0.0,1.0,1.0,0.0
-0.06329113924050633,-1.0,0.6379149351928772,0.23840844180659704,0.5184639903404438,0.042415570671836544,0.6916172027899752,0.0,1.0,0.0,1.0,0.0,0.0,0.0,1.0,1.0,0.0
-0.6962025316455696,-1.0,-1.0,-1.0,-1.0,-1.0,-1.0,1.0,0.0,0.0,1.0,0.0,1.0,0.0,0.0,1.0,0.0
-0.2405063291139241,0.39881797084198367,-0.10409784370673225,-0.5107964623092589,-1.0,-0.2195314375127152,0.30971159290318373,0.0,0.0,1.0,1.0,0.0,0.0,0.0,1.0,1.0,0.0
0.012658227848101333,-1.0,-1.0,-1.0,-0.5848265349639614,0.34334682757337776,0.27196083830957996,1.0,0.0,0.0,1.0,0.0,0.0,0.0,1.0,1.0,0.0
-0.012658227848101333,0.16766261700192797,-0.687570694869583,-0.852735061170152,-1.0,0.2330182602384685,0.25532905008367734,1.0,0.0,0.0,1.0,0.0,0.0,0.0,1.0,1.0,0.0
-0.4683544303797469,-0.21395788183585684,0.24404438445895815,-0.852735061170152,-0.2685470822285979,-0.06955064711560244,0.2714775917362522,1.0,0.0,0.0,1.0,0.0,0.0,0.0,1.0,1.0,0.0
0.6455696202531644,-1.0,-1.0,-1.0,-1.0,-1.0,-1.0,0.0,1.0,0.0,0.0,1.0,0.0,0.0,1.0,1.0,0.0
-0.31645569620253167,0.4654412924613547,-1.0,-1.0,-1.0,-1.0,0.3367943655219794,1.0,0.0,0.0,1.0,0.0,0.0,0.0,1.0,1.0,0.0
-0.21518987341772156,-1.0,-1.0,-1.0,-1.0,-1.0,-1.0,0.0,1.0,0.0,0.0,1.0,0.0,0.0,1.0,1.0,0.0
-0.4683544303797469,-1.0,-0.5020837155287093,0.35224474276565965,-1.0,-0.11654444739286807,0.24112001905762792,1.0,0.0,0.0,1.0,0.0,0.0,1.0,0.0,1.0,0.0
-0.06329113924050633,-1.0,0.4415501977970293,-1.0,-0.27905773174939197,0.6226428989079833,0.6176413118872821,0.0,1.0,0.0,1.0,0.0,1.0,0.0,0.0,1.0,0.0
-0.3924050632911392,-1.0,-1.0,-1.0,-1.0,-1.0,-1.0,0.0,0.0,1.0,0.0,1.0,0.0,0.0,1.0,1.0,0.0
-0.06329113924050633,-0.061933124746207935,-1.0,0.39781716561289304,-0.10381577093865546,-1.0,0.295963922412652,1.0,0.0,0.0,1.0,0.0,1.0,0.0,0.0,1.0,0.0
-0.36708860759493667,-1.0,-1.0,-1.0,-1.0,-1.0,-1.0,1.0,0.0,0.0,0.0,1.0,0.0,0.0,1.0,1.0,0.0
-0.26582278481012656,-0.23979159788240956,-1.0,0.3744465517529618,-1.0,0.04469366153328602,0.28792432106899324,1.0,0.0,0.0,1.0,0.0,0.0,0.0,1.0,1.0,0.0
0.4430379746835442,-1.0,-0.8654440222251701,-1.0,0.2977229960912815,-0.3960337232426189,0.24477278920517387,1.0,0.0,0.0,1.0,0.0,0.0,1.0,0.0,1.0,0.0
-0.21518987341772156,-1.0,-1.0,-1.0,-1.0,-1.0,-1.0,0.0,0.0,1.0,0.0,1.0,0.0,0.0,1.0,1.0,0.0
0.240506329113924,-0.3637342358463982,-1.0,-1.0,0.32699329349882134,-1.0,0.27196083830957996,1.0,0.0,0.0,1.0,0.0,0.0,0.0,1.0,1.0,0.0
-1.0,-1.0,-1.0,-1.0,-1.0,-1.0,-1.0,1.0,0.0,0.0,0.0,1.0,0.0,1.0,0.0,1.0,0.0
-0.8987341772151899,-1.0,-1.0,-1.0,-1.0,-1.0,-1.0,1.0,0.0,0.0,1.0,0.0,1.0,0.0,0.0,1.0,0.0
0.11392405063291133,0.0386266225451013,-0.24850990987970567,-1.0,0.3130331408499871,-0.0973290672530388,0.3159435078276387,1.0,0.0,0.0,1.0,0.0,0.0,0.0,1.0,1.0,0.0
-0.26582278481012656,0.405946112981896,-1.0,-0.28458972591597387,-0.04750307886341254,-0.24645255417778467,0.3208610993816594,0.0,0.0,1.0,1.0,0.0,0.0,0.0,1.0,1.0,0.0
-0.44303797468354433,0.059335338010751304,-1.0,0.31034066679609285,-1.0,-0.33552996763665077,0.2379735899734854,1.0,0.0,0.0,1.0,0.0,0.0,1.0,0.0,1.0,0.0
-0.5443037974683544,-1.0,-1.0,-1.0,-1.0,-1.0,-1.0,1.0,0.0,0.0,0.0,1.0,0.0,0.0,1.0,1.0,0.0
0.11392405063291133,-1.0,-1.0,-1.0,-1.0,-1.0,-1.0,0.0,1.0,0.0,0.0,1.0,1.0,0.0,0.0,1.0,0.0
-0.1392405063291139,-1.0,-1.0,-1.0,-1.0,-1.0,-1.0,0.0,1.0,0.0,0.0,1.0,0.0,0.0,1.0,1.0,0.0
0.4683544303797469,-1.0,0.5812967933162752,-1.0,0.31851854721909234,0.5510743409670531,0.6701584285770239,0.0,1.0,0.0,1.0,0.0,1.0,0.0,0.0,1.0,0.0
-0.31645569620253167,-1.0,-1.0,-1.0,-1.0,-1.0,-1.0,1.0,0.0,0.0,0.0,1.0,0.0,0.0,1.0,1.0,0.0
0.21518987341772156,0.4819083284088652,-1.0,-0.221645565548108,-0.22297381961557772,-1.0,0.3650003988430881,0.0,0.0,1.0,1.0,0.0,0.0,0.0,1.0,1.0,0.0
-0.03797468354430378,-1.0,0.13991454186331342,-1.0,0.49730660416253714,-1.0,0.46380128951268706,0.0,1.0,0.0,1.0,0.0,0.0,0.0,1.0,1.0,0.0
-0.31645569620253167,-1.0,-1.0,-1.0,-1.0,-1.0,-1.0,1.0,0.0,0.0,0.0,1.0,0.0,1.0,0.0,1.0,0.0
-0.5949367088607596,-1.0,-1.0,-1.0,-1.0,-1.0,-1.0,1.0,0.0,0.0,0.0,1.0,1.0,0.0,0.0,1.0,0.0
-0.1392405063291139,-1.0,-1.0,0.4418950038561329,-1.0,-1.0,0.29382427401442257,1.0,0.0,0.0,1.0,0.0,0.0,0.0,1.0,1.0,0.0
-0.06329113924050633,-0.3112127747555923,0.5475739980286398,-0.5107964623092589,-1.0,-0.2513108349509553,0.5246798657495424,0.0,1.0,0.0,1.0,0.0,0.0,0.0,1.0,1.0,0.0
-0.03797468354430378,-1.0,-0.42841595991199644,-0.270420583399818,-1.0,0.3558266090010249,0.29274537656158284,1.0,0.0,0.0,1.0,0.0,0.0,0.0,1.0,1.0,0.0
-0.3417721518987342,0.37439697731782773,-1.0,-0.05612143585309892,-1.0,-1.0,0.27483487270779894,1.0,0.0,0.0,1.0,0.0,0.0,1.0,0.0,1.0,0.0
-0.21518987341772156,0.014011493335451597,-0.15676640951065357,0.46266699789353827,-0.04581820613847054,-1.0,0.36662288243288343,0.0,0.0,1.0,1.0,0.0,0.0,0.0,1.0,1.0,0.0
0.4430379746835442,-1.0,-0.40898743448058295,0.07559082510692261,-0.3828541075996944,0.3178551773002172,0.29425412914828364,1.0,0.0,0.0,1.0,0.0,0.0,0.0,1.0,1.0,0.0
0.240506329113924,-1.0,-1.0,-1.0,-1.0,-1.0,-1.0,1.0,0.0,0.0,0.0,1.0,0.0,1.0,0.0,1.0,0.0
0.3924050632911391,-1.0,-1.0,-1.0,-1.0,-1.0,-1.0,0.0,1.0,0.0,0.0,1.0,1.0,0.0,0.0,1.0,0.0
-1.0,-1.0,-1.0,-1.0,-1.0,-1.0,-1.0,1.0,0.0,0.0,0.0,1.0,1.0,0.0,0.0,1.0,0.0
-0.49367088607594933,-1.0,-1.0,-1.0,-1.0,-1.0,-1.0,1.0,0.0,0.0,0.0,1.0,0.0,0.0,1.0,1.0,0.0
-0.21518987341772156,-0.4484711928323267,-1.0,-1.0,0.3021764796116613,-1.0,0.24698634871665126,1.0,0.0,0.0,1.0,0.0,0.0,0.0,1.0,1.0,0.0
-0.3924050632911392,-1.0,-1.0,-1.0,-1.0,-1.0,-1.0,0.0,0.0,1.0,0.0,1.0,0.0,0.0,1.0,1.0,0.0
-0.620253164556962,-1.0,-1.0,-1.0,-1.0,-1.0,-1.0,0.0,1.0,0.0,0.0,1.0,0.0,0.0,1.0,1.0,0.0
-0.5189873417721519,-0.3959497317415208,-1.0,0.4161804772333586,-1.0,-0.7785099892122169,0.2753096940518822,1.0,0.0,0.0,1.0,0.0,0.0,0.0,1.0,1.0,0.0
0.8227848101265822,0.6305607116498773,0.5557688346606862,-1.0,0.3093850688323523,-0.3861971921026601,0.6645170425874278,0.0,1.0,0.0,1.0,0.0,1.0,0.0,0.0,1.0,0.0
-0.36708860759493667,-1.0,-1.0,-1.0,-1.0,-1.0,-1.0,0.0,1.0,0.0,0.0,1.0,0.0,0.0,1.0,1.0,0.0
-0.620253164556962,-1.0,0.32328686802888495,-0.06118020810482594,-0.6422640538624581,-1.0,0.3168991021647851,1.0,0.0,0.0,1.0,0.0,0.0,0.0,1.0,1.0,0.0
0.8734177215189873,0.32688783042389336,-1.0,-1.0,0.12358963252867672,-1.0,0.28569196920193196,1.0,0.0,0.0,1.0,0.0,0.0,0.0,1.0,1.0,0.0
-0.4683544303797469,0.4532299526820922,-0.8654440222251701,-1.0,-0.8616088449879872,-1.0,0.3260188427478288,1.0,0.0,0.0,1.0,0.0,0.0,0.0,1.0,1.0,0.0
-0.2911392405063291,-1.0,-1.0,-1.0,-1.0,-1.0,-1.0,0.0,1.0,0.0,0.0,1.0,1.0,0.0,0.0,1.0,0.0
-0.5443037974683544,0.3567940536469161,-1.0,0.6461337197977299,-1.0,-0.35927607543759066,0.5262757286689363,0.0,0.0,1.0,1.0,0.0,0.0,0.0,1.0,1.0,0.0
-0.9746835443037974,-1.0,-1.0,-1.0,-1.0,-1.0,-1.0,1.0,0.0,0.0,1.0,0.0,0.0,0.0,1.0,1.0,0.0
0.21518987341772156,-1.0,-1.0,0.3704566054404568,0.10319111965981298,-1.0,0.29317766851801275,1.0,0.0,0.0,1.0,0.0,0.0,0.0,1.0,1.0,0.0
-0.3924050632911392,-1.0,-1.0,-1.0,-1.0,-1.0,-1.0,0.0,0.0,1.0,0.0,1.0,0.0,0.0,1.0,1.0,0.0
-0.31645569620253167,-1.0,-1.0,-1.0,-1.0,-1.0,-1.0,1.0,0.0,0.0,0.0,1.0,1.0,0.0,0.0,1.0,0.0
-0.06329113924050633,-0.17829935830766064,-1.0,0.24089336366530878,0.537140600060243,-1.0,0.49898510784718453,0.0,0.0,1.0,1.0,0.0,0.0,0.0,1.0,1.0,0.0
-0.26582278481012656,-1.0,-1.0,-1.0,-1.0,-1.0,-1.0,1.0,0.0,0.0,0.0,1.0,0.0,1.0,0.0,1.0,0.0
-0.4177215189873418,-1.0,-1.0,-1.0,-1.0,-1.0,-1.0,0.0,0.0,1.0,0.0,1.0,0.0,0.0,1.0,1.0,0.0
-0.2911392405063291,-1.0,-1.0,-1.0,-1.0,-1.0,-1.0,1.0,0.0,0.0,0.0,1.0,0.0,1.0,0.0,1.0,0.0
-0.5949367088607596,-1.0,-1.0,0.36741418977128415,-0.2585621900439785,0.07802444672984543,0.2910063389965696,1.0,0.0,0.0,1.0,0.0,1.0,0.0,0.0,1.0,0.0
-0.11392405063291144,-0.25109094697931345,-1.0,-0.42465199542280296,-1.0,0.35191649572764794,0.28947155819687853,1.0,0.0,0.0,1.0,0.0,0.0,0.0,1.0,1.0,0.0
0.240506329113924,-1.0,0.5975911366143687,-1.0,-0.7806552088744709,0.1763497517977317,0.58561141505954,0.0,1.0,0.0,1.0,0.0,0.0,0.0,1.0,1.0,0.0
-0.26582278481012656,-1.0,0.619492883782018,0.1535100687968982,-0.8616088449879872,0.4627917475367649,0.6533938423055878,0.0,1.0,0.0,1.0,0.0,0.0,0.0,1.0,1.0,0.0
-0.06329113924050633,0.5389625621010585,0.813325670907757,-1.0,0.3821490020406282,0.2761280445420291,0.8273306394091184,0.0,1.0,0.0,1.0,0.0,0.0,0.0,1.0,1.0,0.0
-0.08860759493670889,-1.0,-1.0,-1.0,-1.0,-1.0,-1.0,1.0,0.0,0.0,0.0,1.0,0.0,0.0,1.0,1.0,0.0
-0.4683544303797469,-1.0,-1.0,0.4320799377297191,-0.6786656890936953,0.24087414614092717,0.3698270027479391,1.0,0.0,0.0,1.0,0.0,0.0,0.0,1.0,1.0,0.0
-0.5949367088607596,-1.0,-1.0,-1.0,-1.0,-1.0,-1.0,1.0,0.0,0.0,0.0,1.0,0.0,0.0,1.0,1.0,0.0
-0.3924050632911392,0.08757000782339697,0.05139096830278356,-1.0,0.05380849040844793,0.05995783833703561,0.2724428630192193,1.0,0.0,0.0,1.0,0.0,0.0,0.0,1.0,1.0,0.0
-0.44303797468354433,0.018853108721271994,-0.46177608890068045,0.658425185021527,-1.0,-1.0,0.49905844528648013,0.0,0.0,1.0,1.0,0.0,0.0,0.0,1.0,1.0,0.0
0.2911392405063291,-1.0,0.09931224691609897,-1.0,0.4523951860220101,-0.15229656245947798,0.4285310290720816,0.0,1.0,0.0,1.0,0.0,1.0,0.0,0.0,0.0,1.0
-0.26582278481012656,-1.0,-1.0,-1.0,-1.0,-1.0,-1.0,1.0,0.0,0.0,0.0,1.0,0.0,0.0,1.0,1.0,0.0
-0.21518987341772156,-1.0,-1.0,-1.0,-1.0,-1.0,-1.0,0.0,1.0,0.0,0.0,1.0,0.0,0.0,1.0,1.0,0.0
-0.189873417721519,-1.0,-1.0,-1.0,-1.0,-1.0,-1.0,0.0,1.0,0.0,0.0,1.0,1.0,0.0,0.0,1.0,0.0
-0.36708860759493667,-1.0,-1.0,-1.0,-1.0,-1.0,-1.0,0.0,1.0,0.0,0.0,1.0,1.0,0.0,0.0,1.0,0.0
-0.8987341772151899,-1.0,-1.0,-1.0,-1.0,-1.0,-1.0,1.0,0.0,0.0,1.0,0.0,0.0,0.0,1.0,1.0,0.0
-0.5949367088607596,-1.0,-1.0,-1.0,-1.0,-1.0,-1.0,1.0,0.0,0.0,0.0,1.0,0.0,0.0,1.0,1.0,0.0
-0.5696202531645569,-1.0,-1.0,-1.0,-1.0,-1.0,-1.0,0.0,1.0,0.0,0.0,1.0,1.0,0.0,0.0,1.0,0.0
-0.620253164556962,-1.0,-1.0,-1.0,-1.0,-1.0,-1.0,1.0,0.0,0.0,0.0,1.0,1.0,0.0,0.0,1.0,0.0
0.012658227848101333,-1.0,0.4410871725522061,-1.0,0.11775983929490486,-0.6755229990923698,0.4440189126981804,0.0,1.0,0.0,1.0,0.0,0.0,0.0,1.0,1.0,0.0
-0.9746835443037974,-1.0,-1.0,-1.0,-1.0,-1.0,-1.0,1.0,0.0,0.0,1.0,0.0,0.0,0.0,1.0,1.0,0.0
-0.49367088607594933,-1.0,-0.553014717094753,-0.06118020810482594,-0.45932089796816633,0.32219101959465446,0.27672710334034045,1.0,0.0,0.0,1.0,0.0,0.0,0.0,1.0,1.0,0.0
-0.31645569620253167,-1.0,-1.0,-1.0,0.27585137979714824,-1.0,0.21823976924603183,1.0,0.0,0.0,1.0,0.0,0.0,0.0,1.0,1.0,0.0
-0.49367088607594933,-1.0,-1.0,-1.0,-1.0,-1.0,-1.0,0.0,1.0,0.0,0.0,1.0,1.0,0.0,0.0,1.0,0.0
-0.21518987341772156,-1.0,-1.0,-1.0,-1.0,-1.0,-1.0,1.0,0.0,0.0,1.0,0.0,0.0,0.0,1.0,1.0,0.0
0.5696202531645569,-0.8551412152377926,-0.02221043173582371,0.12353673596711978,-1.0,0.23654760894404436,0.27719724086861364,1.0,0.0,0.0,1.0,0.0,0.0,0.0,1.0,1.0,0.0
-0.6708860759493671,-1.0,-1.0,-1.0,-1.0,-1.0,-1.0,0.0,0.0,1.0,0.0,1.0,0.0,0.0,1.0,1.0,0.0
-0.31645569620253167,0.38183095303081216,0.15261377677814125,-0.5331811885673919,-1.0,-1.0,0.340198753687325,0.0,0.0,1.0,1.0,0.0,0.0,0.0,1.0,1.0,0.0
-0.8481012658227848,-1.0,-1.0,-1.0,-1.0,-1.0,-1.0,1.0,0.0,0.0,0.0,1.0,0.0,0.0,1.0,1.0,0.0
-0.31645569620253167,-1.0,-1.0,-1.0,-1.0,-1.0,-1.0,0.0,0.0,1.0,0.0,1.0,0.0,0.0,1.0,1.0,0.0
-0.26582278481012656,0.39803961966142576,-1.0,-1.0,-0.18589423387542536,-1.0,0.28858896092092245,0.0,0.0,1.0,1.0,0.0,0.0,0.0,1.0,0.0,1.0
0.11392405063291133,-1.0,-1.0,0.6187701175738056,-0.7806552088744709,-0.8602553620751245,0.4528163319935512,1.0,0.0,0.0,1.0,0.0,0.0,0.0,1.0,1.0,0.0
0.240506329113924,-1.0,0.4610062494599112,-1.0,0.02183936530264141,0.49435746303012085,0.5651317866495218,0.0,1.0,0.0,1.0,0.0,0.0,0.0,1.0,1.0,0.0
-0.9746835443037974,-1.0,-1.0,-1.0,-1.0,-1.0,-1.0,1.0,0.0,0.0,0.0,1.0,0.0,0.0,1.0,1.0,0.0
-0.9493670886075949,-1.0,-1.0,-1.0,-1.0,-1.0,-1.0,1.0,0.0,0.0,0.0,1.0,0.0,0.0,1.0,1.0,0.0
-0.31645569620253167,-1.0,-0.26103833682763355,0.7991875809923632,-0.6422640538624581,-0.24645255417778467,0.6179952606304988,0.0,1.0,0.0,1.0,0.0,1.0,0.0,0.0,1.0,0.0
-0.36708860759493667,-1.0,0.6247379280471899,-1.0,0.032319357436344065,-0.1712112581347347,0.6057020710018755,0.0,1.0,0.0,1.0,0.0,0.0,0.0,1.0,1.0,0.0
0.3417721518987342,-1.0,0.308949848479519,-1.0,0.28724480176347766,0.5384667165624855,0.5577853327496545,0.0,1.0,0.0,1.0,0.0,0.0,0.0,1.0,1.0,0.0
-0.31645569620253167,0.2730048853621345,-1.0,0.2718719964407199,0.2292792311606131,-1.0,0.36837725681771083,0.0,0.0,1.0,1.0,0.0,0.0,0.0,1.0,1.0,0.0
-0.06329113924050633,-0.27570607618896315,0.7740203894174411,-1.0,0.3592466456318435,0.879986480218409,0.9014042245651153,0.0,1.0,0.0,1.0,0.0,0.0,0.0,1.0,1.0,0.0
0.4177215189873418,-1.0,0.6792290358414603,-1.0,-1.0,-0.20730897443030571,0.6507651805814256,0.0,1.0,0.0,1.0,0.0,0.0,0.0,1.0,1.0,0.0
-0.16455696202531644,-1.0,-1.0,-1.0,-1.0,-1.0,-1.0,0.0,1.0,0.0,1.0,0.0,0.0,0.0,1.0,1.0,0.0
-0.8227848101265822,-1.0,-1.0,-1.0,-1.0,-1.0,-1.0,1.0,0.0,0.0,1.0,0.0,0.0,0.0,1.0,1.0,0.0
0.5696202531645569,-1.0,0.6335352304408775,-1.0,-0.1106617981837873,0.46590000511858265,0.6596217559834898,0.0,1.0,0.0,1.0,0.0,0.0,1.0,0.0,0.0,1.0
0.11392405063291133,-1.0,-1.0,-1.0,-1.0,-1.0,-1.0,0.0,0.0,1.0,0.0,1.0,0.0,0.0,1.0,1.0,0.0
-0.2911392405063291,-1.0,-1.0,-1.0,-1.0,-1.0,-1.0,0.0,1.0,0.0,0.0,1.0,1.0,0.0,0.0,1.0,0.0
-0.7721518987341772,-1.0,-1.0,-1.0,-1.0,-1.0,-1.0,1.0,0.0,0.0,1.0,0.0,0.0,0.0,1.0,1.0,0.0
-0.4683544303797469,-1.0,-0.1469352839161011,0.17811951063878406,-1.0,0.7246999213002925,0.6427925095227245,1.0,0.0,0.0,1.0,0.0,0.0,0.0,1.0,1.0,0.0
-0.5443037974683544,-0.6255454734896567,-0.3675277377538795,0.36501737341105134,-1.0,0.4011528881202002,0.4168208625468337,0.0,0.0,1.0,1.0,0.0,0.0,0.0,1.0,1.0,0.0
-0.03797468354430378,-0.7704042582518641,-0.07889839284730937,0.41263259882122916,0.6047455952268888,0.23123014300807943,0.6006485977311622,0.0,1.0,0.0,1.0,0.0,0.0,0.0,1.0,1.0,0.0
-0.5443037974683544,-1.0,-1.0,-1.0,-1.0,-1.0,-1.0,0.0,1.0,0.0,0.0,1.0,0.0,0.0,1.0,1.0,0.0
0.4177215189873418,-1.0,-1.0,-1.0,-1.0,-1.0,-1.0,0.0,0.0,1.0,0.0,1.0,0.0,0.0,1.0,1.0,0.0
-0.31645569620253167,-1.0,-1.0,-1.0,-1.0,-1.0,-1.0,0.0,0.0,1.0,0.0,1.0,0.0,0.0,1.0,1.0,0.0
0.06329113924050622,-1.0,-1.0,0.40363830774688214,-1.0,-1.0,0.25949622520548155,1.0,0.0,0.0,1.0,0.0,1.0,0.0,0.0,1.0,0.0
-0.5443037974683544,-0.7102824304755853,0.2686422218514901,-1.0,-1.0,-0.35927607543759066,0.25294435458378817,1.0,0.0,0.0,1.0,0.0,0.0,0.0,1.0,1.0,0.0
0.03797468354430378,0.20874456491694504,-0.7867338209790253,-1.0,-0.5848265349639614,-0.33552996763665077,0.12213082270734521,1.0,0.0,0.0,1.0,0.0,0.0,0.0,1.0,1.0,0.0
0.06329113924050622,-1.0,-1.0,-1.0,-1.0,-1.0,-1.0,0.0,0.0,1.0,0.0,1.0,0.0,0.0,1.0,1.0,0.0
-0.3924050632911392,-1.0,-1.0,-1.0,-1.0,-1.0,-1.0,0.0,0.0,1.0,0.0,1.0,0.0,0.0,1.0,1.0,0.0
0.240506329113924,0.37293654474702675,-0.8654440222251701,-1.0,-1.0,-1.0,0.2526775376457655,1.0,0.0,0.0,1.0,0.0,0.0,0.0,1.0,1.0,0.0
-0.189873417721519,-1.0,-1.0,-1.0,-1.0,-1.0,-1.0,1.0,0.0,0.0,0.0,1.0,0.0,0.0,1.0,1.0,0.0
0.4683544303797469,-0.15875362330791187,-1.0,0.408463889602271,0.09998372163863856,-0.06955064711560244,0.3448650170523748,0.0,0.0,1.0,1.0,0.0,0.0,0.0,1.0,1.0,0.0
-0.26582278481012656,-1.0,-1.0,-1.0,-1.0,-1.0,-1.0,1.0,0.0,0.0,0.0,1.0,0.0,0.0,1.0,1.0,0.0
-0.11392405063291144,0.34673998376460435,-0.6222536135015577,0.3323241495035274,-0.017695141726769226,-1.0,0.3667696985133764,0.0,0.0,1.0,1.0,0.0,0.0,0.0,1.0,0.0,1.0
-0.11392405063291144,-0.5654236457133779,0.34931469640254087,-1.0,-1.0,-1.0,0.32638196794542274,1.0,0.0,0.0,1.0,0.0,0.0,0.0,1.0,1.0,0.0
-1.0,-1.0,-1.0,-1.0,-1.0,-1.0,-1.0,1.0,0.0,0.0,0.0,1.0,0.0,1.0,0.0,1.0,0.0
-0.4177215189873418,-1.0,-1.0,-1.0,-1.0,-1.0,-1.0,1.0,0.0,0.0,0.0,1.0,0.0,0.0,1.0,1.0,0.0
0.1898734177215189,-1.0,-1.0,-1.0,-1.0,-1.0,-1.0,0.0,1.0,0.0,0.0,1.0,1.0,0.0,0.0,1.0,0.0
-0.4683544303797469,-1.0,-1.0,-0.28458972591597387,0.2443470935941614,0.13091941647179484,0.2764915990842052,1.0,0.0,0.0,1.0,0.0,0.0,0.0,1.0,1.0,0.0
-0.11392405063291144,-1.0,-0.0755513574867599,-0.1605250936047159,-1.0,0.32133127886267965,0.2901308349499321,1.0,0.0,0.0,1.0,0.0,0.0,0.0,1.0,1.0,0.0
-0.620253164556962,-1.0,-1.0,-1.0,-1.0,-1.0,-1.0,1.0,0.0,0.0,0.0,1.0,1.0,0.0,0.0,1.0,0.0
-0.5189873417721519,-1.0,-1.0,-1.0,-1.0,-1.0,-1.0,0.0,0.0,1.0,0.0,1.0,0.0,0.0,1.0,1.0,0.0
-0.4683544303797469,-1.0,-1.0,-1.0,-1.0,-1.0,-1.0,0.0,0.0,1.0,0.0,1.0,0.0,0.0,1.0,1.0,0.0
-0.11392405063291144,-1.0,-1.0,-1.0,-1.0,-1.0,-1.0,0.0,1.0,0.0,0.0,1.0,0.0,0.0,1.0,1.0,0.0
0.11392405063291133,0.4500116091899107,0.3440372347130993,-1.0,-0.5038728988504453,-1.0,0.45439842133145336,1.0,0.0,0.0,1.0,0.0,0.0,0.0,1.0,1.0,0.0
-0.08860759493670889,-0.1702604037373845,-1.0,0.038995736291383754,0.16082740037964172,0.04355783376213851,0.24753574584356097,1.0,0.0,0.0,1.0,0.0,0.0,1.0,0.0,1.0,0.0
-0.26582278481012656,-1.0,-1.0,-1.0,-1.0,-1.0,-1.0,0.0,0.0,1.0,0.0,1.0,0.0,0.0,1.0,1.0,0.0
-0.5443037974683544,0.09434856043214213,-0.5020837155287093,-1.0,0.42815134416312306,-1.0,0.39125144289829605,1.0,0.0,0.0,1.0,0.0,1.0,0.0,0.0,1.0,0.0
-0.9746835443037974,-1.0,-1.0,-1.0,-1.0,-1.0,-1.0,1.0,0.0,0.0,0.0,1.0,0.0,0.0,1.0,1.0,0.0
-0.36708860759493667,-1.0,0.6090459725842836,-1.0,0.11552902018687372,0.28900477417925896,0.6176019436535649,0.0,1.0,0.0,1.0,0.0,1.0,0.0,0.0,0.0,1.0
-0.7215189873417722,-1.0,-1.0,-1.0,-1.0,-1.0,-1.0,1.0,0.0,0.0,1.0,0.0,0.0,0.0,1.0,1.0,0.0
-0.4177215189873418,-1.0,-1.0,-1.0,-1.0,-1.0,-1.0,1.0,0.0,0.0,0.0,1.0,0.0,0.0,1.0,1.0,0.0
-0.49367088607594933,-1.0,-1.0,-1.0,-1.0,-1.0,-1.0,1.0,0.0,0.0,0.0,1.0,0.0,0.0,1.0,1.0,0.0
0.012658227848101333,-0.09220091735077918,-1.0,0.5009673778589372,-1.0,-0.15840639051791483,0.36837725681771083,0.0,0.0,1.0,1.0,0.0,0.0,0.0,1.0,1.0,0.0
-0.5189873417721519,0.005684214437439383,-0.0018836018700468804,-0.15647814463651522,-1.0,0.23872248328340984,0.27672710334034045,1.0,0.0,0.0,1.0,0.0,0.0,0.0,1.0,1.0,0.0
0.21518987341772156,0.279979516531383,-1.0,-0.21626658464956294,-1.0,-0.6387653512873415,0.18513795906173036,1.0,0.0,0.0,1.0,0.0,0.0,0.0,1.0,1.0,0.0
-0.44303797468354433,0.012372370812063771,-0.7308880444503403,-1.0,0.43247842879330967,-1.0,0.385751811395431,1.0,0.0,0.0,1.0,0.0,1.0,0.0,0.0,1.0,0.0
-0.1392405063291139,-0.20445683437311757,0.3905382464968128,-0.1605250936047159,-1.0,-0.5357783611674942,0.3803623168972148,1.0,0.0,0.0,1.0,0.0,0.0,0.0,1.0,1.0,0.0
-0.6708860759493671,-0.4639587993442762,-1.0,-1.0,-1.0,0.5287475363548999,0.44673962084792285,1.0,0.0,0.0,1.0,0.0,0.0,0.0,1.0,1.0,0.0
-0.4177215189873418,0.2795217133901411,-0.534512796009096,0.35622958654568526,0.08833380378817424,-1.0,0.36529642478936664,0.0,0.0,1.0,1.0,0.0,0.0,0.0,1.0,1.0,0.0
-0.9746835443037974,-1.0,-1.0,-1.0,-1.0,-1.0,-1.0,1.0,0.0,0.0,1.0,0.0,1.0,0.0,0.0,1.0,0.0
-0.620253164556962,-1.0,-1.0,-1.0,-1.0,-1.0,-1.0,0.0,1.0,0.0,0.0,1.0,0.0,0.0,1.0,1.0,0.0
-0.03797468354430378,0.5779904218087544,0.38842161697099065,-1.0,0.7831080516349884,-0.48288339142554504,0.7696704622019555,0.0,1.0,0.0,1.0,0.0,0.0,0.0,1.0,1.0,0.0
-0.1392405063291139,-1.0,0.07261883727648866,-0.3247957777941519,-1.0,0.2588795960633379,0.2714775917362522,1.0,0.0,0.0,1.0,0.0,0.0,0.0,1.0,1.0,0.0
-0.6708860759493671,-1.0,-1.0,-1.0,-1.0,-1.0,-1.0,1.0,0.0,0.0,0.0,1.0,0.0,1.0,0.0,1.0,0.0
0.06329113924050622,-1.0,0.6965471426808412,-1.0,0.8563457581028915,-0.6755229990923698,0.8588217788588979,0.0,1.0,0.0,1.0,0.0,0.0,0.0,1.0,1.0,0.0
-0.31645569620253167,0.08871514521134483,-1.0,-1.0,-1.0,0.1959934037844837,0.20602138102752,1.0,0.0,0.0,1.0,0.0,0.0,1.0,0.0,1.0,0.0
0.26582278481012667,-1.0,0.4398081288950999,0.23652548947915575,0.5026485310141895,-0.6755229990923698,0.5743418052791063,0.0,1.0,0.0,1.0,0.0,0.0,0.0,1.0,1.0,0.0
-0.4683544303797469,-1.0,-1.0,0.3680940572216673,-0.0597129406238629,-1.0,0.2584629399057312,1.0,0.0,0.0,1.0,0.0,0.0,0.0,1.0,1.0,0.0
-1.0,-1.0,-1.0,-1.0,-1.0,-1.0,-1.0,0.0,0.0,1.0,0.0,1.0,0.0,0.0,1.0,1.0,0.0
-0.03797468354430378,-0.25109094697931345,-1.0,-1.0,-1.0,0.32474846060412643,0.2618008416391422,1.0,0.0,0.0,1.0,0.0,0.0,0.0,1.0,1.0,0.0
0.139240506329114,0.3016781430595834,-1.0,-0.7665905942836959,0.3419745360695441,-1.0,0.37240908291198216,0.0,0.0,1.0,1.0,0.0,0.0,0.0,1.0,1.0,0.0
-0.31645569620253167,-1.0,-1.0,-1.0,-1.0,-1.0,-1.0,1.0,0.0,0.0,0.0,1.0,0.0,0.0,1.0,1.0,0.0
-1.0,-1.0,-1.0,-1.0,-1.0,-1.0,-1.0,1.0,0.0,0.0,1.0,0.0,1.0,0.0,0.0,1.0,0.0
-0.620253164556962,-1.0,-1.0,-1.0,-1.0,-1.0,-1.0,1.0,0.0,0.0,0.0,1.0,0.0,0.0,1.0,1.0,0.0
0.240506329113924,0.28180076596958403,-0.13306343816809363,-0.03701117768351392,0.2962161494441522,-1.0,0.36662288243288343,0.0,0.0,1.0,1.0,0.0,0.0,0.0,1.0,1.0,0.0
-0.5443037974683544,-1.0,-1.0,-1.0,0.19219964542046086,0.1388834603944784,0.24196919939753858,1.0,0.0,0.0,1.0,0.0,0.0,1.0,0.0,1.0,0.0
-0.26582278481012656,-1.0,-1.0,-1.0,-1.0,-1.0,-1.0,1.0,0.0,0.0,0.0,1.0,1.0,0.0,0.0,1.0,0.0
-0.36708860759493667,-1.0,-1.0,-1.0,-1.0,-1.0,-1.0,0.0,1.0,0.0,0.0,1.0,1.0,0.0,0.0,1.0,0.0
-0.4177215189873418,-1.0,-1.0,-1.0,-1.0,-1.0,-1.0,1.0,0.0,0.0,0.0,1.0,0.0,0.0,1.0,1.0,0.0
-0.5949367088607596,-1.0,-0.5176218654293654,-1.0,-0.5613104177489419,0.3546128251052456,0.28524234476922583,1.0,0.0,0.0,1.0,0.0,0.0,0.0,1.0,1.0,0.0
-0.36708860759493667,-1.0,-1.0,-1.0,-1.0,-1.0,-1.0,1.0,0.0,0.0,0.0,1.0,0.0,0.0,1.0,1.0,0.0
-0.5443037974683544,-0.32729663573877876,0.28614264505705234,-1.0,-1.0,-1.0,0.26904281188414436,1.0,0.0,0.0,1.0,0.0,0.0,0.0,1.0,1.0,0.0
-0.189873417721519,-1.0,0.19685090127082594,-0.1605250936047159,0.21571576263548042,0.30363230003830743,0.4075702585050258,1.0,0.0,0.0,1.0,0.0,0.0,0.0,1.0,1.0,0.0
-0.4683544303797469,-1.0,-1.0,-1.0,-1.0,-1.0,-1.0,0.0,1.0,0.0,0.0,1.0,0.0,0.0,1.0,1.0,0.0
0.4177215189873418,-1.0,-1.0,-1.0,-1.0,-1.0,-1.0,0.0,0.0,1.0,0.0,1.0,1.0,0.0,0.0,1.0,0.0
0.11392405063291133,-1.0,-1.0,-1.0,-1.0,-1.0,-1.0,1.0,0.0,0.0,0.0,1.0,0.0,0.0,1.0,1.0,0.0
-0.189873417721519,0.7588446315850064,0.32371164553285725,-1.0,-0.09290287818746878,-1.0,0.6427925095227245,1.0,0.0,0.0,1.0,0.0,0.0,0.0,1.0,1.0,0.0
-0.1392405063291139,-1.0,-1.0,-1.0,-1.0,-1.0,-1.0,0.0,1.0,0.0,0.0,1.0,0.0,0.0,1.0,1.0,0.0
-0.36708860759493667,-1.0,-1.0,-1.0,-1.0,-1.0,-1.0,0.0,1.0,0.0,0.0,1.0,0.0,0.0,1.0,1.0,0.0
-0.49367088607594933,0.22719657645694413,0.42565523019245677,0.22816750052491197,0.12855469702459943,0.16040883406156037,0.5147460190873117,0.0,1.0,0.0,1.0,0.0,1.0,0.0,0.0,1.0,0.0
-0.8481012658227848,-1.0,-1.0,-1.0,-1.0,-1.0,-1.0,1.0,0.0,0.0,1.0,0.0,0.0,0.0,1.0,1.0,0.0
-0.5696202531645569,-1.0,-1.0,-1.0,-1.0,-1.0,-1.0,1.0,0.0,0.0,0.0,1.0,0.0,1.0,0.0,1.0,0.0
-0.5443037974683544,-1.0,-0.4389116641832207,-0.619325655453848,-1.0,0.32446589728369624,0.25820374112875566,1.0,0.0,0.0,1.0,0.0,0.0,0.0,1.0,1.0,0.0
-0.5949367088607596,-1.0,-1.0,-1.0,-1.0,-1.0,-1.0,1.0,0.0,0.0,0.0,1.0,0.0,1.0,0.0,1.0,0.0
0.3924050632911391,0.4304777975705907,-1.0,-0.06118020810482594,-1.0,0.026945355121360093,0.34893695038886774,0.0,0.0,1.0,1.0,0.0,0.0,0.0,1.0,1.0,0.0
-0.2405063291139241,-1.0,-1.0,-1.0,-1.0,-1.0,-1.0,1.0,0.0,0.0,0.0,1.0,0.0,0.0,1.0,1.0,0.0
0.08860759493670889,-1.0,0.37602489172913733,-1.0,0.08046886525227537,-0.8602553620751245,0.38401688256887967,1.0,0.0,0.0,1.0,0.0,1.0,0.0,0.0,1.0,0.0
-0.44303797468354433,-1.0,-1.0,-1.0,-1.0,-1.0,-1.0,1.0,0.0,0.0,0.0,1.0,0.0,1.0,0.0,1.0,0.0
-0.4177215189873418,0.30291110858515724,-1.0,0.11920069981686376,-1.0,-0.7785099892122169,0.25025923032049513,1.0,0.0,0.0,1.0,0.0,0.0,0.0,1.0,1.0,0.0
-0.44303797468354433,0.3583713218914597,-1.0,-1.0,-0.16350931647416544,-1.0,0.25690243456684425,1.0,0.0,0.0,1.0,0.0,0.0,0.0,1.0,1.0,0.0
-0.5949367088607596,-1.0,-1.0,-1.0,-1.0,-1.0,-1.0,0.0,1.0,0.0,0.0,1.0,1.0,0.0,0.0,1.0,0.0
-0.4683544303797469,-0.296278776647921,0.2355460505364233,-1.0,-1.0,0.10240956899959275,0.2847916573936091,1.0,0.0,0.0,1.0,0.0,0.0,0.0,1.0,1.0,0.0
-0.4683544303797469,0.3109500631554334,-0.5734676419580506,-0.04397765087665095,-0.3828541075996944,-1.0,0.23418686696664492,1.0,0.0,0.0,1.0,0.0,0.0,0.0,1.0,1.0,0.0
-0.6455696202531646,0.3179298712652361,-0.032566126450414234,-0.619325655453848,-1.0,-0.5357783611674942,0.25079928924001504,1.0,0.0,0.0,1.0,0.0,1.0,0.0,0.0,1.0,0.0
-0.2405063291139241,-1.0,-0.2051925602989485,-0.37442921457910205,0.2900723959903946,-1.0,0.2534768707710904,1.0,0.0,0.0,1.0,0.0,1.0,0.0,0.0,1.0,0.0
-0.6455696202531646,-1.0,-1.0,-1.0,-1.0,-1.0,-1.0,1.0,0.0,0.0,0.0,1.0,0.0,0.0,1.0,1.0,0.0
-0.44303797468354433,0.18708251935337605,0.1611315175825132,-1.0,-1.0,-0.7205107241502491,0.24643536373456643,1.0,0.0,0.0,1.0,0.0,1.0,0.0,0.0,1.0,0.0
-0.4177215189873418,-1.0,-1.0,-1.0,-1.0,-1.0,-1.0,0.0,1.0,0.0,0.0,1.0,1.0,0.0,0.0,1.0,0.0
-0.5696202531645569,-1.0,-1.0,-1.0,-1.0,-1.0,-1.0,1.0,0.0,0.0,0.0,1.0,0.0,1.0,0.0,1.0,0.0
-0.26582278481012656,-1.0,-1.0,-1.0,-1.0,-1.0,-1.0,0.0,1.0,0.0,0.0,1.0,0.0,0.0,1.0,1.0,0.0
-0.06329113924050633,-0.3637342358463982,-1.0,0.6673230483295252,-0.3921421186822598,-1.0,0.49905844528648013,0.0,0.0,1.0,1.0,0.0,0.0,0.0,1.0,1.0,0.0
-0.49367088607594933,-1.0,-1.0,-0.15250684402123993,-0.7806552088744709,0.33600525035831574,0.27672710334034045,1.0,0.0,0.0,1.0,0.0,0.0,0.0,1.0,1.0,0.0
-0.16455696202531644,0.007376426520468993,0.28793653596543245,-1.0,-1.0,-1.0,0.2933934474557045,1.0,0.0,0.0,1.0,0.0,0.0,0.0,1.0,1.0,0.0
-0.44303797468354433,-1.0,-1.0,0.37212819861853785,-1.0,-0.20730897443030571,0.2456058888751731,1.0,0.0,0.0,1.0,0.0,0.0,0.0,1.0,1.0,0.0
-0.49367088607594933,-0.8551412152377926,-1.0,-1.0,-0.30190047148617816,0.3659740784367238,0.29871004050405636,1.0,0.0,0.0,1.0,0.0,0.0,0.0,1.0,1.0,0.0
-0.5696202531645569,-1.0,-1.0,-1.0,-1.0,-1.0,-1.0,0.0,0.0,1.0,0.0,1.0,1.0,0.0,0.0,1.0,0.0
-0.3924050632911392,-1.0,-1.0,-1.0,-1.0,-1.0,-1.0,1.0,0.0,0.0,0.0,1.0,0.0,0.0,1.0,1.0,0.0
-0.08860759493670889,-1.0,-1.0,-1.0,-1.0,-1.0,-1.0,1.0,0.0,0.0,0.0,1.0,0.0,1.0,0.0,1.0,0.0
-0.21518987341772156,-1.0,-1.0,0.49111839535764457,-0.7806552088744709,-1.0,0.3383338678673893,0.0,0.0,1.0,1.0,0.0,0.0,0.0,1.0,1.0,0.0
-0.4683544303797469,0.3012655327569349,-1.0,-1.0,-1.0,-0.05051681484587567,0.22453211175517773,1.0,0.0,0.0,1.0,0.0,0.0,1.0,0.0,1.0,0.0
0.21518987341772156,-1.0,0.13323915949532683,0.45219236000722685,0.8558878517670465,-1.0,0.7931327740808709,0.0,1.0,0.0,1.0,0.0,1.0,0.0,0.0,1.0,0.0
-0.7215189873417722,-1.0,-1.0,-1.0,-1.0,-1.0,-1.0,1.0,0.0,0.0,1.0,0.0,0.0,0.0,1.0,1.0,0.0
-0.31645569620253167,-1.0,-1.0,-1.0,0.30393042558864636,-0.3768183431027897,0.25079928924001504,1.0,0.0,0.0,1.0,0.0,1.0,0.0,0.0,1.0,0.0
-0.5696202531645569,-0.012037163643763504,-0.21514978089102166,0.2339886426589013,-1.0,0.2920164153510525,0.3362784229307523,1.0,0.0,0.0,1.0,0.0,0.0,0.0,1.0,1.0,0.0
-0.26582278481012656,-1.0,0.5524670090760326,-1.0,-0.32769839905788767,0.05678282947290603,0.5379864968955481,0.0,1.0,0.0,1.0,0.0,0.0,0.0,1.0,1.0,0.0
-0.3924050632911392,-1.0,-1.0,0.36084457027022054,-1.0,-0.08836719647032054,0.24780985181615733,1.0,0.0,0.0,1.0,0.0,0.0,1.0,0.0,1.0,0.0
-0.5949367088607596,0.39647416627119236,-1.0,-1.0,-1.0,-1.0,0.27388166736646213,1.0,0.0,0.0,1.0,0.0,1.0,0.0,0.0,1.0,0.0
-0.36708860759493667,-1.0,0.03426459410188354,-1.0,-1.0,0.2721356587124706,0.263321918892786,1.0,0.0,0.0,1.0,0.0,0.0,0.0,1.0,1.0,0.0
-0.44303797468354433,-1.0,-1.0,-1.0,-1.0,-1.0,-1.0,1.0,0.0,0.0,0.0,1.0,0.0,0.0,1.0,1.0,0.0
-0.9493670886075949,-1.0,-1.0,-1.0,-1.0,-1.0,-1.0,1.0,0.0,0.0,0.0,1.0,1.0,0.0,0.0,1.0,0.0
-0.9746835443037974,-1.0,-1.0,-1.0,-1.0,-1.0,-1.0,0.0,0.0,1.0,1.0,0.0,0.0,0.0,1.0,1.0,0.0
-0.36708860759493667,0.320205614809973,-1.0,-0.852735061170152,0.09424372207988507,-0.5570199784244338,0.27483487270779894,1.0,0.0,0.0,1.0,0.0,1.0,0.0,0.0,1.0,0.0
0.240506329113924,-1.0,-1.0,-1.0,-1.0,-1.0,-1.0,1.0,0.0,0.0,0.0,1.0,0.0,1.0,0.0,1.0,0.0
0.08860759493670889,-1.0,-1.0,0.0005792369425972055,0.25578091777271506,-1.0,0.2344808387613615,1.0,0.0,0.0,1.0,0.0,0.0,1.0,0.0,1.0,0.0
0.5949367088607596,0.3097637569402578,-0.7867338209790253,-1.0,-1.0,-1.0,0.1955054430962424,1.0,0.0,0.0,1.0,0.0,0.0,1.0,0.0,1.0,0.0
-0.5443037974683544,-0.029382445057654194,-1.0,0.10563491843592177,0.47450738622059085,-0.36785647232007146,0.4410601258719544,1.0,0.0,0.0,1.0,0.0,0.0,1.0,0.0,1.0,0.0
-0.3924050632911392,-1.0,-1.0,-1.0,-1.0,-1.0,-1.0,0.0,1.0,0.0,0.0,1.0,1.0,0.0,0.0,1.0,0.0
-0.3924050632911392,-1.0,-1.0,-1.0,-1.0,-1.0,-1.0,1.0,0.0,0.0,0.0,1.0,0.0,0.0,1.0,1.0,0.0
-0.49367088607594933,-1.0,-0.6222536135015577,-0.3161228022782141,-1.0,0.3128257877570684,0.24971763714062,1.0,0.0,0.0,1.0,0.0,0.0,0.0,1.0,1.0,0.0
-0.6708860759493671,0.923184313881108,-1.0,0.10446434579459551,-0.026636467129174002,0.2800429033965406,0.7705726746431383,0.0,0.0,1.0,1.0,0.0,1.0,0.0,0.0,1.0,0.0
-0.5696202531645569,-1.0,-0.8654440222251701,0.3343228321358205,0.15600163716560833,-1.0,0.28836767166671073,1.0,0.0,0.0,1.0,0.0,0.0,0.0,1.0,1.0,0.0
-0.2911392405063291,0.6515175403602771,-1.0,-0.658061401139107,-0.8616088449879872,-1.0,0.5068876988771229,0.0,0.0,1.0,1.0,0.0,0.0,0.0,1.0,1.0,0.0
-0.31645569620253167,-1.0,0.40376087608362443,-1.0,-0.0009309302268775133,0.5499686221289433,0.566886477655745,0.0,1.0,0.0,1.0,0.0,0.0,0.0,1.0,1.0,0.0
-0.44303797468354433,-1.0,-0.33974853807377825,0.0860847307250221,0.19871347540842077,-1.0,0.2191969629109587,1.0,0.0,0.0,1.0,0.0,0.0,1.0,0.0,1.0,0.0
-0.21518987341772156,0.13829757763870099,-1.0,-1.0,0.1250208661345542,-0.5357783611674942,0.1922341215697405,0.0,0.0,1.0,1.0,0.0,0.0,0.0,1.0,1.0,0.0
-0.11392405063291144,-1.0,-1.0,-1.0,-1.0,-1.0,-1.0,0.0,1.0,0.0,0.0,1.0,0.0,1.0,0.0,1.0,0.0
0.6962025316455696,-1.0,0.2881914581844143,-1.0,-0.8616088449879872,-1.0,0.2653313253335814,1.0,0.0,0.0,1.0,0.0,0.0,0.0,1.0,1.0,0.0
-0.8481012658227848,-1.0,-1.0,-1.0,-1.0,-1.0,-1.0,1.0,0.0,0.0,1.0,0.0,0.0,0.0,1.0,1.0,0.0
-0.5189873417721519,-1.0,-1.0,-1.0,-1.0,-1.0,-1.0,0.0,1.0,0.0,0.0,1.0,1.0,0.0,0.0,1.0,0.0
-0.49367088607594933,-1.0,-1.0,-1.0,-1.0,-1.0,-1.0,1.0,0.0,0.0,0.0,1.0,0.0,1.0,0.0,1.0,0.0
0.31645569620253156,-1.0,-1.0,0.1838509132162347,0.45002906842983514,0.2800429033965406,0.47225642441164206,0.0,0.0,1.0,1.0,0.0,1.0,0.0,0.0,1.0,0.0
-0.26582278481012656,-0.5933299775945341,-0.6521778432041954,-1.0,0.744614977934706,0.22484380690544192,0.6789767666916946,0.0,1.0,0.0,1.0,0.0,0.0,0.0,1.0,1.0,0.0
-0.189873417721519,0.24631085688281162,-1.0,-1.0,0.21526251333063584,-1.0,0.28091717686720474,1.0,0.0,0.0,1.0,0.0,0.0,1.0,0.0,1.0,0.0
0.31645569620253156,-1.0,-1.0,-1.0,-1.0,-1.0,-1.0,0.0,1.0,0.0,0.0,1.0,0.0,0.0,1.0,1.0,0.0
-0.11392405063291144,-0.6636483178693894,0.6030511329859567,0.22882222645737382,0.3581405140876932,0.19545792167386722,0.6405018785982364,0.0,1.0,0.0,1.0,0.0,1.0,0.0,0.0,1.0,0.0
-0.5443037974683544,0.37900293896512105,-1.0,0.3884668840990728,-0.8616088449879872,-1.0,0.384150900620865,0.0,0.0,1.0,1.0,0.0,0.0,0.0,1.0,0.0,1.0
-0.4683544303797469,-1.0,-1.0,-1.0,-1.0,-1.0,-1.0,0.0,1.0,0.0,0.0,1.0,0.0,0.0,1.0,1.0,0.0
-0.2405063291139241,0.45521653656109917,-1.0,-1.0,-1.0,-1.0,0.3274672118880446,0.0,0.0,1.0,1.0,0.0,0.0,0.0,1.0,0.0,1.0
-0.03797468354430378,0.063241751754751,-0.7308880444503403,-1.0,0.2853372436252186,-1.0,0.2717193681429104,1.0,0.0,0.0,1.0,0.0,0.0,0.0,1.0,1.0,0.0
-0.31645569620253167,-1.0,-1.0,-1.0,-1.0,-1.0,-1.0,1.0,0.0,0.0,0.0,1.0,0.0,1.0,0.0,1.0,0.0
-0.012658227848101333,-1.0,-1.0,-1.0,-0.5848265349639614,0.3391844315488106,0.2680601258366466,1.0,0.0,0.0,1.0,0.0,0.0,1.0,0.0,1.0,0.0
-0.44303797468354433,-0.027382553715787572,0.21100379997346908,0.17728796986320505,0.208806553037594,-0.6755229990923698,0.3667696985133764,1.0,0.0,0.0,1.0,0.0,0.0,0.0,1.0,1.0,0.0
-0.4683544303797469,-1.0,-1.0,-1.0,-1.0,-1.0,-1.0,1.0,0.0,0.0,0.0,1.0,0.0,0.0,1.0,1.0,0.0
-0.44303797468354433,-1.0,-1.0,-1.0,-1.0,-1.0,-1.0,1.0,0.0,0.0,0.0,1.0,0.0,0.0,1.0,1.0,0.0
-0.08860759493670889,-1.0,0.09522529087045872,-1.0,-1.0,0.30047222129571804,0.29975579557337273,1.0,0.0,0.0,1.0,0.0,0.0,0.0,1.0,1.0,0.0
-0.3924050632911392,0.49684832680509716,0.5752951551782273,-1.0,0.7003908789689304,0.32921643063169537,0.7625710788177515,0.0,1.0,0.0,1.0,0.0,0.0,0.0,1.0,1.0,0.0
0.11392405063291133,-1.0,0.13826709286505356,-1.0,-0.7232176899759744,0.6422152695956271,0.5715049122430182,0.0,1.0,0.0,1.0,0.0,0.0,0.0,1.0,1.0,0.0
-0.11392405063291144,-1.0,-1.0,-1.0,-1.0,-1.0,-1.0,0.0,0.0,1.0,0.0,1.0,0.0,0.0,1.0,1.0,0.0
-0.3924050632911392,-1.0,-1.0,-1.0,-1.0,-1.0,-1.0,0.0,0.0,1.0,0.0,1.0,0.0,0.0,1.0,1.0,0.0
-0.3924050632911392,0.3209587221129069,-1.0,0.3657049416388025,-1.0,-1.0,0.3474810535889217,0.0,0.0,1.0,1.0,0.0,0.0,0.0,1.0,1.0,0.0
-0.620253164556962,-1.0,-1.0,-1.0,-1.0,-1.0,-1.0,0.0,0.0,1.0,0.0,1.0,0.0,0.0,1.0,1.0,0.0
-0.26582278481012656,-1.0,-0.3212466169881213,-1.0,0.6802718569228843,-1.0,0.6057439746554343,1.0,0.0,0.0,1.0,0.0,0.0,0.0,1.0,1.0,0.0
-0.49367088607594933,0.388737961394128,-0.41845873931992317,-1.0,-0.8616088449879872,-1.0,0.2717193681429104,1.0,0.0,0.0,1.0,0.0,0.0,0.0,1.0,1.0,0.0
-0.36708860759493667,-1.0,-1.0,-1.0,-1.0,-1.0,-1.0,1.0,0.0,0.0,0.0,1.0,1.0,0.0,0.0,1.0,0.0
-0.4683544303797469,-0.6636483178693894,-1.0,0.04683641929791582,0.478067290402614,0.23434901685969978,0.47039070900292446,0.0,1.0,0.0,1.0,0.0,0.0,0.0,1.0,1.0,0.0
-0.11392405063291144,-1.0,-0.16979970863356086,0.3701207027666189,-1.0,-1.0,0.24971763714062,1.0,0.0,0.0,1.0,0.0,1.0,0.0,0.0,1.0,0.0
-0.4177215189873418,-1.0,-1.0,-1.0,0.263055173450073,-0.8602553620751245,0.20636211511482583,1.0,0.0,0.0,1.0,0.0,0.0,0.0,1.0,1.0,0.0
-0.08860759493670889,-1.0,0.5671746354974061,-1.0,0.3076785949137033,-0.1350052082008103,0.5800838419872232,0.0,1.0,0.0,1.0,0.0,0.0,0.0,1.0,1.0,0.0
-0.1392405063291139,-1.0,-0.553014717094753,0.3653614356675352,-1.0,0.1374586566118996,0.2985001993479246,1.0,0.0,0.0,1.0,0.0,0.0,0.0,1.0,1.0,0.0
-0.26582278481012656,-1.0,-1.0,-1.0,-1.0,-1.0,-1.0,1.0,0.0,0.0,0.0,1.0,1.0,0.0,0.0,1.0,0.0
-0.08860759493670889,-1.0,-1.0,-1.0,-1.0,-1.0,-1.0,0.0,1.0,0.0,0.0,1.0,0.0,0.0,1.0,0.0,1.0
-0.26582278481012656,0.010720290663944976,0.6591985773948654,-0.5107964623092589,-0.8616088449879872,-0.8602553620751245,0.6343997209880514,0.0,1.0,0.0,1.0,0.0,0.0,0.0,1.0,1.0,0.0
0.012658227848101333,0.49358283770488187,-1.0,-0.07989933691940587,-1.0,-0.6755229990923698,0.3739699754293264,0.0,0.0,1.0,1.0,0.0,0.0,0.0,1.0,1.0,0.0
-0.03797468354430378,-1.0,-1.0,-1.0,0.3460225649687967,-1.0,0.28524234476922583,1.0,0.0,0.0,1.0,0.0,0.0,0.0,1.0,1.0,0.0
-0.6708860759493671,-1.0,-0.19266413335102062,-0.14860841543444325,-0.3921421186822598,0.37519594783189825,0.3269253621501833,1.0,0.0,0.0,1.0,0.0,0.0,0.0,1.0,1.0,0.0
-0.49367088607594933,-1.0,-0.2839027615450932,0.42827914948069634,-0.42291926273692904,-1.0,0.29403932273558775,1.0,0.0,0.0,1.0,0.0,0.0,0.0,1.0,1.0,0.0
-0.21518987341772156,-1.0,-1.0,-1.0,-1.0,-1.0,-1.0,0.0,1.0,0.0,0.0,1.0,1.0,0.0,0.0,0.0,1.0
-0.9493670886075949,-1.0,-1.0,-1.0,-1.0,-1.0,-1.0,0.0,1.0,0.0,1.0,0.0,0.0,0.0,1.0,1.0,0.0
0.16455696202531644,-1.0,-1.0,-1.0,0.46408375183869377,0.6188050914997412,0.6077860518666203,0.0,1.0,0.0,1.0,0.0,1.0,0.0,0.0,1.0,0.0
-0.31645569620253167,-1.0,-1.0,-1.0,-1.0,-1.0,-1.0,1.0,0.0,0.0,0.0,1.0,0.0,0.0,1.0,1.0,0.0
-0.44303797468354433,-1.0,-1.0,-1.0,-1.0,-1.0,-1.0,0.0,1.0,0.0,0.0,1.0,0.0,0.0,1.0,1.0,0.0
-0.31645569620253167,-1.0,0.6892304321165361,-1.0,0.33979776575259524,-0.3012768103756228,0.6841561615087335,0.0,1.0,0.0,1.0,0.0,0.0,0.0,1.0,0.0,1.0
0.11392405063291133,0.3608704494351427,-1.0,-1.0,-1.0,-0.3861971921026601,0.24698634871665126,1.0,0.0,0.0,1.0,0.0,1.0,0.0,0.0,1.0,0.0
-0.012658227848101333,-0.3959497317415208,0.12865786742178908,0.3945462229563481,-0.42291926273692904,0.1905734834052173,0.38681166497215247,1.0,0.0,0.0,1.0,0.0,0.0,0.0,1.0,1.0,0.0
-0.6708860759493671,-1.0,-1.0,-1.0,-1.0,-1.0,-1.0,0.0,0.0,1.0,0.0,1.0,1.0,0.0,0.0,1.0,0.0
-0.4177215189873418,0.5540335200736524,-1.0,-1.0,-0.3080442249399358,0.18101143684969268,0.45615123926896595,0.0,0.0,1.0,1.0,0.0,0.0,0.0,1.0,1.0,0.0
-0.44303797468354433,-0.2343630575961404,0.20008636353146803,-0.06636237713478388,-0.22709058882641942,-0.03146662020985924,0.2670723481288735,1.0,0.0,0.0,1.0,0.0,0.0,0.0,1.0,1.0,0.0
-0.3417721518987342,-1.0,0.21807714544913903,-0.7665905942836959,-0.5402745340816825,0.20993862873414848,0.3061144923927972,1.0,0.0,0.0,1.0,0.0,0.0,0.0,1.0,1.0,0.0
-0.06329113924050633,-1.0,-0.8654440222251701,-1.0,0.07687135831862313,-1.0,0.02910936011266041,1.0,0.0,0.0,1.0,0.0,0.0,0.0,1.0,1.0,0.0
-0.31645569620253167,-1.0,-1.0,-1.0,0.36012715966332576,-1.0,0.29871004050405636,1.0,0.0,0.0,1.0,0.0,0.0,0.0,1.0,1.0,0.0
-0.8987341772151899,-1.0,-1.0,-1.0,-1.0,-1.0,-1.0,1.0,0.0,0.0,1.0,0.0,0.0,0.0,1.0,1.0,0.0
-0.36708860759493667,-1.0,0.4102529733613036,-1.0,0.45798892774017164,-1.0,0.5206635019080428,1.0,0.0,0.0,1.0,0.0,0.0,1.0,0.0,1.0,0.0
-0.49367088607594933,-1.0,-1.0,0.3440435759113527,-1.0,0.09723982686967458,0.2717193681429104,1.0,0.0,0.0,1.0,0.0,0.0,0.0,1.0,1.0,0.0
-0.5443037974683544,-0.07401666632198345,-0.007644358187188893,-0.852735061170152,-1.0,0.532711741183127,0.471664765901858,1.0,0.0,0.0,1.0,0.0,0.0,0.0,1.0,1.0,0.0
-0.31645569620253167,0.1114182112167541,0.22133979774300117,-1.0,-1.0,-1.0,0.2602675303888142,1.0,0.0,0.0,1.0,0.0,0.0,0.0,1.0,1.0,0.0
0.4430379746835442,-1.0,-1.0,-1.0,-1.0,-1.0,-1.0,0.0,1.0,0.0,0.0,1.0,0.0,0.0,1.0,1.0,0.0
-0.06329113924050633,0.0457599788677312,-1.0,0.3872298593703738,0.4529478679888801,-0.09505097639158955,0.4811595521309302,0.0,0.0,1.0,1.0,0.0,0.0,0.0,1.0,1.0,0.0
-0.5189873417721519,0.47229394081645504,-1.0,-0.7054701223403039,-1.0,-1.0,0.3435434126531227,0.0,0.0,1.0,1.0,0.0,0.0,0.0,1.0,1.0,0.0
-0.36708860759493667,-1.0,-1.0,-1.0,-1.0,-1.0,-1.0,1.0,0.0,0.0,0.0,1.0,1.0,0.0,0.0,1.0,0.0
-0.03797468354430378,-1.0,-1.0,-1.0,-1.0,-1.0,-1.0,1.0,0.0,0.0,0.0,1.0,0.0,1.0,0.0,1.0,0.0
-0.4683544303797469,-1.0,-0.8654440222251701,0.6888512372361402,-1.0,-1.0,0.51548741913154,0.0,0.0,1.0,1.0,0.0,0.0,0.0,1.0,1.0,0.0
-0.21518987341772156,-0.48068668872744935,-1.0,-1.0,0.508687943606916,0.41569291527164576,0.5291150431738956,1.0,0.0,0.0,1.0,0.0,0.0,1.0,0.0,1.0,0.0
-0.26582278481012656,-1.0,0.2368779476436571,0.8285977796771244,-0.5848265349639614,0.3095033187714644,0.680114753482784,0.0,1.0,0.0,1.0,0.0,0.0,0.0,1.0,1.0,0.0
0.03797468354430378,-1.0,0.3258217015454159,-1.0,-1.0,-1.0,0.3020364615791773,1.0,0.0,0.0,1.0,0.0,0.0,0.0,1.0,1.0,0.0
-0.21518987341772156,0.5225765242867393,0.17347602860777123,-0.0771220634248504,-1.0,-1.0,0.44480022801761,1.0,0.0,0.0,1.0,0.0,0.0,0.0,1.0,1.0,0.0
-0.31645569620253167,-1.0,0.18766486208437483,0.04683641929791582,0.43641416052569193,0.49496526842302035,0.5601415957584606,1.0,0.0,0.0,1.0,0.0,0.0,0.0,1.0,1.0,0.0
-0.8481012658227848,-1.0,-1.0,-1.0,-1.0,-1.0,-1.0,1.0,0.0,0.0,0.0,1.0,0.0,0.0,1.0,1.0,0.0
-0.3924050632911392,0.059335338010751304,-1.0,0.5668018586495829,-0.8616088449879872,-1.0,0.42401988439654414,0.0,0.0,1.0,1.0,0.0,0.0,0.0,1.0,1.0,0.0
-0.3417721518987342,-1.0,-1.0,-1.0,-1.0,-1.0,-1.0,0.0,0.0,1.0,0.0,1.0,0.0,0.0,1.0,1.0,0.0
-0.08860759493670889,0.22895524364094189,-1.0,0.008100673612656761,-1.0,-1.0,0.17377060574731362,1.0,0.0,0.0,1.0,0.0,0.0,0.0,1.0,1.0,0.0
0.06329113924050622,-1.0,-1.0,-1.0,-1.0,-1.0,-1.0,1.0,0.0,0.0,0.0,1.0,1.0,0.0,0.0,1.0,0.0
0.012658227848101333,-1.0,0.32093383022662025,-1.0,-1.0,-0.09279833959192818,0.3151755685370752,1.0,0.0,0.0,1.0,0.0,0.0,0.0,1.0,1.0,0.0
-0.5189873417721519,-1.0,-1.0,-1.0,-1.0,-1.0,-1.0,1.0,0.0,0.0,0.0,1.0,0.0,0.0,1.0,1.0,0.0
-0.5949367088607596,-0.6636483178693894,-1.0,0.6426204025392497,-0.7806552088744709,-1.0,0.4744380756185904,1.0,0.0,0.0,1.0,0.0,0.0,1.0,0.0,1.0,0.0
-0.189873417721519,-1.0,0.49000187304065435,-1.0,0.8319127756054088,0.36225768018773863,0.8009658996274125,0.0,1.0,0.0,1.0,0.0,1.0,0.0,0.0,1.0,0.0
-0.26582278481012656,-1.0,0.39367053733503576,-1.0,-1.0,-1.0,0.36866808932430284,1.0,0.0,0.0,1.0,0.0,0.0,0.0,1.0,1.0,0.0
-0.03797468354430378,-1.0,-1.0,-1.0,0.48687358148293813,-1.0,0.4197331738527341,1.0,0.0,0.0,1.0,0.0,0.0,0.0,1.0,1.0,0.0
0.012658227848101333,-1.0,-1.0,-1.0,-1.0,-1.0,-1.0,0.0,1.0,0.0,1.0,0.0,0.0,0.0,1.0,1.0,0.0
-0.6455696202531646,-1.0,-0.8654440222251701,0.545376980821717,-1.0,0.058905047975368774,0.41039287398252555,1.0,0.0,0.0,1.0,0.0,0.0,0.0,1.0,1.0,0.0
-0.1392405063291139,0.26233501580862706,-1.0,-0.41094024468060797,-1.0,-1.0,0.15820804451833093,0.0,0.0,1.0,1.0,0.0,0.0,0.0,1.0,1.0,0.0
0.139240506329114,0.10623216221710585,0.18809197610015005,-0.852735061170152,-1.0,-0.6755229990923698,0.23710638299925568,1.0,0.0,0.0,1.0,0.0,0.0,0.0,1.0,1.0,0.0
-0.16455696202531644,-0.7704042582518641,-1.0,-1.0,-1.0,0.32671539226526436,0.2550655522240399,1.0,0.0,0.0,1.0,0.0,1.0,0.0,0.0,1.0,0.0
0.1898734177215189,-1.0,-1.0,-1.0,-1.0,-1.0,-1.0,1.0,0.0,0.0,0.0,1.0,0.0,1.0,0.0,1.0,0.0
-0.44303797468354433,0.3454067285224425,-1.0,-1.0,-1.0,0.05355701831642623,0.27672710334034045,1.0,0.0,0.0,1.0,0.0,0.0,0.0,1.0,1.0,0.0
-0.5443037974683544,-1.0,-1.0,-1.0,-1.0,-1.0,-1.0,1.0,0.0,0.0,0.0,1.0,0.0,0.0,1.0,1.0,0.0
-0.16455696202531644,-0.26303631529358906,0.16210947049141988,0.24758073223378418,-1.0,-1.0,0.2707504172839674,0.0,0.0,1.0,1.0,0.0,0.0,1.0,0.0,1.0,0.0
-0.1392405063291139,-1.0,0.5835351950774565,-1.0,0.6724305908871064,-0.26139338063776196,0.7102018757001136,0.0,1.0,0.0,1.0,0.0,0.0,0.0,1.0,1.0,0.0
0.21518987341772156,0.029732214261315892,-1.0,0.4399679303545605,-1.0,-1.0,0.3197374772423094,0.0,0.0,1.0,1.0,0.0,0.0,0.0,1.0,1.0,0.0
0.012658227848101333,-1.0,-1.0,-1.0,-1.0,-1.0,-1.0,0.0,1.0,0.0,0.0,1.0,1.0,0.0,0.0,1.0,0.0
-0.2405063291139241,-1.0,-1.0,-1.0,-1.0,-1.0,-1.0,1.0,0.0,0.0,0.0,1.0,0.0,0.0,1.0,1.0,0.0
0.4177215189873418,0.766829479701201,-1.0,0.675623895943839,-0.21110956333010122,-1.0,0.6986428431235063,0.0,0.0,1.0,1.0,0.0,0.0,0.0,1.0,1.0,0.0
-0.5696202531645569,-1.0,0.3977698229714488,-0.29977178285108796,0.09836049129072699,-0.4410214483004983,0.4094566379886537,0.0,1.0,0.0,1.0,0.0,0.0,0.0,1.0,1.0,0.0
-0.5189873417721519,-1.0,-1.0,-1.0,-1.0,-1.0,-1.0,0.0,0.0,1.0,0.0,1.0,1.0,0.0,0.0,1.0,0.0
-0.2911392405063291,-1.0,-1.0,-1.0,-1.0,-1.0,-1.0,0.0,1.0,0.0,0.0,1.0,0.0,0.0,1.0,1.0,0.0
-0.9240506329113924,-1.0,-1.0,-1.0,-1.0,-1.0,-1.0,1.0,0.0,0.0,1.0,0.0,0.0,0.0,1.0,1.0,0.0
-0.5443037974683544,-1.0,-0.8654440222251701,-1.0,0.28341128432058404,-0.3768183431027897,0.23211627299244952,1.0,0.0,0.0,1.0,0.0,0.0,0.0,1.0,1.0,0.0
-0.26582278481012656,-1.0,-1.0,-0.3531656434132101,-1.0,0.20943897817822266,0.15287509059177484,1.0,0.0,0.0,1.0,0.0,0.0,1.0,0.0,1.0,0.0
-0.31645569620253167,0.3657807969183393,0.11234554603900615,0.41482291097248103,-1.0,-0.3960337232426189,0.42831861604609767,1.0,0.0,0.0,1.0,0.0,1.0,0.0,0.0,1.0,0.0
-0.03797468354430378,-1.0,-1.0,-1.0,-1.0,-1.0,-1.0,1.0,0.0,0.0,0.0,1.0,0.0,0.0,1.0,1.0,0.0
-0.2911392405063291,-1.0,-1.0,-1.0,-1.0,-1.0,-1.0,1.0,0.0,0.0,1.0,0.0,0.0,0.0,1.0,1.0,0.0
0.11392405063291133,-1.0,-1.0,-1.0,-1.0,-1.0,-1.0,0.0,1.0,0.0,0.0,1.0,1.0,0.0,0.0,1.0,0.0
-0.8734177215189873,-1.0,-1.0,-1.0,-1.0,-1.0,-1.0,1.0,0.0,0.0,0.0,1.0,1.0,0.0,0.0,1.0,0.0
-0.3417721518987342,-1.0,-1.0,-1.0,-1.0,-1.0,-1.0,0.0,1.0,0.0,0.0,1.0,0.0,0.0,1.0,1.0,0.0
0.4683544303797469,-0.7704042582518641,0.6033025554299329,-1.0,0.45785434314927254,-0.13226218770878317,0.6391001026421166,0.0,1.0,0.0,1.0,0.0,1.0,0.0,0.0,0.0,1.0
-0.2911392405063291,-1.0,-0.4743045158486082,-1.0,-1.0,0.2949837298565179,0.22881635207629936,1.0,0.0,0.0,1.0,0.0,0.0,0.0,1.0,1.0,0.0
-0.012658227848101333,0.5988856385067649,-0.2744314567057531,-1.0,0.25090643898817766,-0.3960337232426189,0.5053331703361892,0.0,1.0,0.0,1.0,0.0,0.0,0.0,1.0,1.0,0.0
-0.6455696202531646,-1.0,-1.0,-1.0,-1.0,-1.0,-1.0,1.0,0.0,0.0,0.0,1.0,0.0,0.0,1.0,1.0,0.0
0.9493670886075949,-1.0,-1.0,0.03739226908066362,0.6550582271258445,-0.05418253212523094,0.5914354074088559,1.0,0.0,0.0,1.0,0.0,0.0,0.0,1.0,1.0,0.0
-0.3417721518987342,0.5691246752613377,-1.0,-0.658061401139107,-0.06518331659938703,0.430260856138694,0.5349130387604637,1.0,0.0,0.0,1.0,0.0,0.0,0.0,1.0,1.0,0.0
-0.2405063291139241,-1.0,-0.687570694869583,0.5681297279530018,0.3018826514011044,0.49749822834493274,0.5796519309050896,1.0,0.0,0.0,1.0,0.0,0.0,0.0,1.0,1.0,0.0
-0.5189873417721519,0.6799449169142109,-1.0,-0.5107964623092589,-1.0,0.08182850102200478,0.5456611936760256,0.0,0.0,1.0,1.0,0.0,0.0,0.0,1.0,1.0,0.0
-0.3924050632911392,-1.0,-1.0,-1.0,0.3441278296762278,0.0620470683920511,0.32290402919167094,1.0,0.0,0.0,1.0,0.0,0.0,0.0,1.0,1.0,0.0
0.26582278481012667,-1.0,0.42578067332564773,-1.0,0.49486089589336313,-0.8602553620751245,0.5464062205446505,0.0,1.0,0.0,1.0,0.0,1.0,0.0,0.0,1.0,0.0
-0.36708860759493667,-1.0,-1.0,-1.0,-1.0,-1.0,-1.0,1.0,0.0,0.0,0.0,1.0,0.0,0.0,1.0,1.0,0.0
0.26582278481012667,-1.0,-1.0,-1.0,-1.0,-1.0,-1.0,1.0,0.0,0.0,0.0,1.0,0.0,0.0,1.0,1.0,0.0
-0.7468354430379747,-1.0,-1.0,-1.0,-1.0,-1.0,-1.0,1.0,0.0,0.0,0.0,1.0,0.0,0.0,1.0,1.0,0.0
-0.9493670886075949,-1.0,-1.0,-1.0,-1.0,-1.0,-1.0,0.0,0.0,1.0,0.0,1.0,0.0,0.0,1.0,1.0,0.0
-0.4683544303797469,-1.0,-1.0,-1.0,-1.0,-1.0,-1.0,0.0,0.0,1.0,1.0,0.0,0.0,0.0,1.0,1.0,0.0
-0.2911392405063291,-1.0,-1.0,-1.0,-1.0,-1.0,-1.0,0.0,1.0,0.0,0.0,1.0,1.0,0.0,0.0,1.0,0.0
-0.44303797468354433,-0.4639587993442762,0.2843320220799306,0.42099712073562046,-0.18589423387542536,-1.0,0.40875143124949465,1.0,0.0,0.0,1.0,0.0,0.0,0.0,1.0,1.0,0.0
0.240506329113924,-1.0,-1.0,-1.0,-1.0,-1.0,-1.0,1.0,0.0,0.0,0.0,1.0,0.0,1.0,0.0,1.0,0.0
-0.2911392405063291,-1.0,-1.0,-1.0,-1.0,-1.0,-1.0,1.0,0.0,0.0,0.0,1.0,0.0,0.0,1.0,1.0,0.0
-0.620253164556962,0.49275843012533804,-1.0,-0.7665905942836959,-0.36548174383843235,-1.0,0.3654442655653667,0.0,0.0,1.0,1.0,0.0,0.0,0.0,1.0,1.0,0.0
0.49367088607594933,-1.0,-1.0,-1.0,-1.0,-1.0,-1.0,0.0,1.0,0.0,0.0,1.0,0.0,0.0,1.0,1.0,0.0
-0.06329113924050633,0.4953851676168106,-1.0,-0.852735061170152,-0.057922289759737455,0.2124184742202213,0.429061028499063,0.0,0.0,1.0,1.0,0.0,0.0,0.0,1.0,1.0,0.0
-0.3924050632911392,0.4742886262882666,-1.0,-1.0,-0.02511816146215251,-1.0,0.36529642478936664,0.0,0.0,1.0,1.0,0.0,0.0,0.0,1.0,1.0,0.0
-0.3924050632911392,-1.0,-1.0,0.40074767272169787,-1.0,-0.12688563185295887,0.2755466619768592,1.0,0.0,0.0,1.0,0.0,0.0,0.0,1.0,1.0,0.0
-0.5443037974683544,0.3848981962862439,-1.0,-0.24463645026862124,-1.0,-1.0,0.2717193681429104,1.0,0.0,0.0,1.0,0.0,0.0,0.0,1.0,1.0,0.0
-0.5443037974683544,-1.0,0.2500275694956162,-1.0,-1.0,0.18500382267925097,0.31343631061452437,1.0,0.0,0.0,1.0,0.0,0.0,0.0,1.0,1.0,0.0
-0.16455696202531644,-1.0,-1.0,-1.0,-1.0,-1.0,-1.0,0.0,1.0,0.0,0.0,1.0,0.0,0.0,1.0,1.0,0.0
0.6962025316455696,-1.0,0.64203342266746,-1.0,0.27718687797417685,-0.6076872028904432,0.6355857257833362,0.0,1.0,0.0,1.0,0.0,0.0,0.0,1.0,1.0,0.0
-0.4177215189873418,-1.0,-1.0,-1.0,-1.0,-1.0,-1.0,0.0,0.0,1.0,0.0,1.0,1.0,0.0,0.0,1.0,0.0
-0.7974683544303798,-1.0,-1.0,-1.0,-1.0,-1.0,-1.0,0.0,0.0,1.0,0.0,1.0,0.0,0.0,1.0,1.0,0.0
0.16455696202531644,-1.0,-1.0,-1.0,-1.0,-1.0,-1.0,0.0,1.0,0.0,0.0,1.0,1.0,0.0,0.0,1.0,0.0
-0.36708860759493667,-0.8551412152377926,-1.0,-0.852735061170152,-0.45932089796816633,0.47333216435200853,0.39521129099505026,1.0,0.0,0.0,1.0,0.0,0.0,0.0,1.0,1.0,0.0
-0.2911392405063291,-1.0,-1.0,-1.0,-1.0,-1.0,-1.0,0.0,1.0,0.0,0.0,1.0,0.0,0.0,1.0,1.0,0.0
-0.26582278481012656,-1.0,-1.0,-1.0,-1.0,-1.0,-1.0,0.0,0.0,1.0,0.0,1.0,0.0,0.0,1.0,1.0,0.0
-0.4177215189873418,-1.0,-1.0,-1.0,-1.0,-1.0,-1.0,1.0,0.0,0.0,0.0,1.0,0.0,0.0,1.0,1.0,0.0
-0.2405063291139241,0.13829757763870099,-1.0,-1.0,0.12142335920090219,-0.33552996763665077,0.1965835270499643,1.0,0.0,0.0,1.0,0.0,0.0,1.0,0.0,1.0,0.0
-0.7721518987341772,-1.0,-1.0,-1.0,-1.0,-1.0,-1.0,1.0,0.0,0.0,1.0,0.0,0.0,0.0,1.0,1.0,0.0
0.6962025316455696,-0.8551412152377926,-1.0,-0.619325655453848,0.3837164780645139,0.012859006071916479,0.3484528857925313,0.0,0.0,1.0,1.0,0.0,1.0,0.0,0.0,1.0,0.0
-0.1392405063291139,0.48173424505818674,-0.3154514630024463,0.24273816596775744,-1.0,-1.0,0.40398218512927175,0.0,0.0,1.0,1.0,0.0,0.0,0.0,1.0,1.0,0.0
0.240506329113924,-1.0,-1.0,-1.0,-1.0,-1.0,-1.0,1.0,0.0,0.0,0.0,1.0,0.0,0.0,1.0,1.0,0.0
-0.3417721518987342,0.5851193534862689,-1.0,0.011763840168196094,-1.0,-1.0,0.4568844735232316,0.0,0.0,1.0,1.0,0.0,0.0,0.0,1.0,1.0,0.0
-0.11392405063291144,-1.0,0.06950032455929422,-0.30779003243456393,-0.2490529531958,0.6581185707330566,0.5832687870185072,0.0,1.0,0.0,1.0,0.0,0.0,0.0,1.0,1.0,0.0
-0.08860759493670889,-0.07401666632198345,0.37423422439015797,-1.0,0.5330257163821366,0.33114045651285684,0.588935016990886,0.0,1.0,0.0,1.0,0.0,0.0,0.0,1.0,1.0,0.0
-0.3417721518987342,-1.0,-1.0,-1.0,-1.0,-1.0,-1.0,0.0,1.0,0.0,0.0,1.0,1.0,0.0,0.0,0.0,1.0
-0.3924050632911392,-1.0,-1.0,-1.0,-1.0,-1.0,-1.0,0.0,0.0,1.0,0.0,1.0,0.0,0.0,1.0,1.0,0.0
-0.6708860759493671,-0.2569782954639235,-0.8654440222251701,-1.0,0.34076815032643104,-0.31428835037971126,0.2944686937979426,1.0,0.0,0.0,1.0,0.0,0.0,0.0,1.0,1.0,0.0
0.06329113924050622,0.4340088137819864,-1.0,-0.852735061170152,-1.0,-1.0,0.30832077412611447,0.0,0.0,1.0,1.0,0.0,0.0,0.0,1.0,1.0,0.0
-0.03797468354430378,-1.0,-0.5734676419580506,0.40277523927382974,-0.011949242073952537,-1.0,0.2936089824375072,1.0,0.0,0.0,1.0,0.0,0.0,0.0,1.0,1.0,0.0
-0.26582278481012656,-1.0,-1.0,-1.0,-1.0,-1.0,-1.0,0.0,1.0,0.0,0.0,1.0,0.0,0.0,1.0,1.0,0.0
-0.4177215189873418,-0.22907196358276727,0.08242131633636851,-1.0,-1.0,-1.0,0.08926985651603658,1.0,0.0,0.0,1.0,0.0,0.0,0.0,1.0,1.0,0.0
-0.49367088607594933,-1.0,-1.0,-1.0,-1.0,-1.0,-1.0,1.0,0.0,0.0,0.0,1.0,1.0,0.0,0.0,1.0,0.0
-0.3924050632911392,0.2945505117037497,-1.0,-1.0,-1.0,-1.0,0.18090560081225782,1.0,0.0,0.0,1.0,0.0,1.0,0.0,0.0,1.0,0.0
-0.36708860759493667,0.5155853647802726,-0.06427131581777945,-0.29977178285108796,-0.5402745340816825,0.35092700222665885,0.4822838053450629,0.0,0.0,1.0,1.0,0.0,1.0,0.0,0.0,1.0,0.0
-0.44303797468354433,-1.0,-1.0,-1.0,0.28308847708286033,-1.0,0.22515007233224127,1.0,0.0,0.0,1.0,0.0,0.0,1.0,0.0,1.0,0.0
-0.44303797468354433,-1.0,-1.0,-1.0,-1.0,-1.0,-1.0,1.0,0.0,0.0,0.0,1.0,0.0,0.0,1.0,1.0,0.0
-0.49367088607594933,-1.0,-1.0,-1.0,-1.0,-1.0,-1.0,1.0,0.0,0.0,1.0,0.0,0.0,0.0,1.0,1.0,0.0
-0.6455696202531646,-1.0,-1.0,-1.0,-1.0,-1.0,-1.0,1.0,0.0,0.0,0.0,1.0,0.0,1.0,0.0,1.0,0.0
-0.4177215189873418,-1.0,-0.5963320666755103,-1.0,0.04864912753319017,0.2537251055741008,0.2486298129559037,1.0,0.0,0.0,1.0,0.0,0.0,0.0,1.0,1.0,0.0
0.3417721518987342,-1.0,-1.0,-1.0,-1.0,-1.0,-1.0,0.0,1.0,0.0,0.0,1.0,0.0,0.0,1.0,1.0,0.0
-0.3924050632911392,-1.0,-1.0,-1.0,-1.0,-1.0,-1.0,1.0,0.0,0.0,0.0,1.0,0.0,1.0,0.0,1.0,0.0
0.4177215189873418,-1.0,-1.0,-1.0,-1.0,-1.0,-1.0,0.0,0.0,1.0,0.0,1.0,0.0,0.0,1.0,1.0,0.0
-0.16455696202531644,0.2739483950929513,0.11854809417600398,-1.0,-0.0009309302268775133,0.4394190390416308,0.4645057362120597,0.0,1.0,0.0,1.0,0.0,0.0,0.0,1.0,1.0,0.0
-0.4177215189873418,-1.0,0.2408196717375648,-0.13732478708612594,0.11022474757620349,0.7032467408653198,0.6446122361836932,0.0,1.0,0.0,1.0,0.0,0.0,0.0,1.0,1.0,0.0
-0.5696202531645569,-0.5408085165037282,0.3230741302082978,-1.0,-1.0,-1.0,0.30100317627942696,1.0,0.0,0.0,1.0,0.0,0.0,1.0,0.0,1.0,0.0
0.4177215189873418,0.3630329363614362,0.3641650750191583,-1.0,-0.29594014131866886,0.6291101538664308,0.6263362796341321,0.0,1.0,0.0,1.0,0.0,0.0,0.0,1.0,1.0,0.0
-0.26582278481012656,-1.0,-1.0,-1.0,-1.0,-1.0,-1.0,0.0,0.0,1.0,0.0,1.0,1.0,0.0,0.0,1.0,0.0
-0.5189873417721519,0.6952252260730907,0.3159197001947496,0.45150590255399115,0.3300808225484613,-1.0,0.655857939706139,0.0,0.0,1.0,1.0,0.0,0.0,0.0,1.0,1.0,0.0
-0.4683544303797469,-1.0,-0.3154514630024463,-1.0,0.6204932585253002,-0.18845328911581682,0.5522638836550007,0.0,1.0,0.0,1.0,0.0,1.0,0.0,0.0,1.0,0.0
-0.1392405063291139,0.005684214437439383,-1.0,-0.5865750491295142,0.3190588891809385,-1.0,0.2899113292594777,1.0,0.0,0.0,1.0,0.0,0.0,1.0,0.0,1.0,0.0
-0.8987341772151899,-1.0,-1.0,-1.0,-1.0,-1.0,-1.0,0.0,0.0,1.0,1.0,0.0,0.0,0.0,1.0,1.0,0.0
-0.8227848101265822,-1.0,-1.0,-1.0,-1.0,-1.0,-1.0,1.0,0.0,0.0,0.0,1.0,1.0,0.0,0.0,1.0,0.0
-0.03797468354430378,-1.0,-0.8654440222251701,-0.18657298641838826,-1.0,0.3570331290358666,0.2933934474557045,1.0,0.0,0.0,1.0,0.0,0.0,0.0,1.0,1.0,0.0
-0.8227848101265822,-1.0,-1.0,-1.0,-1.0,-1.0,-1.0,1.0,0.0,0.0,1.0,0.0,0.0,0.0,1.0,1.0,0.0
-0.6708860759493671,-1.0,-1.0,-1.0,-1.0,-1.0,-1.0,1.0,0.0,0.0,0.0,1.0,0.0,0.0,1.0,1.0,0.0
-0.5949367088607596,-1.0,-1.0,0.4073382795683338,-1.0,0.10155709882410657,0.3145975771764009,1.0,0.0,0.0,1.0,0.0,0.0,0.0,1.0,1.0,0.0
-0.5949367088607596,-1.0,0.3622610422241699,-1.0,0.4821617112859464,-0.014062110593152988,0.5213170530146782,1.0,0.0,0.0,1.0,0.0,0.0,0.0,1.0,1.0,0.0
-0.3924050632911392,-1.0,-1.0,-1.0,-1.0,-1.0,-1.0,1.0,0.0,0.0,0.0,1.0,0.0,0.0,1.0,1.0,0.0
-0.03797468354430378,-1.0,0.0003736705620103198,-1.0,0.7338272349037396,-0.283210201982813,0.6620695216839911,0.0,1.0,0.0,1.0,0.0,1.0,0.0,0.0,1.0,0.0
-1.0,-1.0,-1.0,-1.0,-1.0,-1.0,-1.0,1.0,0.0,0.0,1.0,0.0,0.0,0.0,1.0,1.0,0.0
-0.49367088607594933,-1.0,-1.0,-1.0,-1.0,-1.0,-1.0,1.0,0.0,0.0,1.0,0.0,0.0,0.0,1.0,1.0,0.0
0.08860759493670889,-0.8551412152377926,-0.5734676419580506,-1.0,-1.0,0.32531240194001465,0.255592184247051,1.0,0.0,0.0,1.0,0.0,0.0,0.0,1.0,1.0,0.0
-0.44303797468354433,-0.03549957591880015,-1.0,0.47817873817696754,-1.0,-0.35927607543759066,0.3474810535889217,0.0,0.0,1.0,1.0,0.0,0.0,0.0,1.0,1.0,0.0
-0.26582278481012656,0.20874456491694504,-1.0,0.3394330861947277,-1.0,-1.0,0.2905690895592532,1.0,0.0,0.0,1.0,0.0,0.0,0.0,1.0,1.0,0.0
0.49367088607594933,-1.0,0.8854119125411688,-1.0,0.15416147452614193,-1.0,0.8552786284655425,0.0,1.0,0.0,1.0,0.0,0.0,0.0,1.0,1.0,0.0
-0.2911392405063291,-1.0,-1.0,-1.0,-1.0,-1.0,-1.0,0.0,0.0,1.0,0.0,1.0,0.0,0.0,1.0,1.0,0.0
-0.08860759493670889,-1.0,-1.0,0.4365529112981521,-0.8616088449879872,-0.8602553620751245,0.28947155819687853,1.0,0.0,0.0,1.0,0.0,0.0,0.0,1.0,1.0,0.0
0.012658227848101333,-0.07651953516393095,0.40502096646323293,-1.0,0.16842870209166705,0.7617421813006082,0.7146787318276153,0.0,1.0,0.0,1.0,0.0,1.0,0.0,0.0,1.0,0.0
-0.5443037974683544,-1.0,-1.0,-1.0,-1.0,-1.0,-1.0,1.0,0.0,0.0,0.0,1.0,0.0,0.0,1.0,1.0,0.0
-0.012658227848101333,-1.0,-1.0,-1.0,-1.0,-1.0,-1.0,1.0,0.0,0.0,0.0,1.0,0.0,0.0,1.0,1.0,0.0
-0.5696202531645569,-1.0,-1.0,-1.0,-1.0,-1.0,-1.0,0.0,0.0,1.0,0.0,1.0,1.0,0.0,0.0,1.0,0.0
-0.06329113924050633,-1.0,0.40192618256916357,-1.0,-1.0,0.3846447392075354,0.47807415876266,1.0,0.0,0.0,1.0,0.0,0.0,0.0,1.0,1.0,0.0
0.08860759493670889,-1.0,0.273098618226046,-1.0,-0.7806552088744709,-1.0,0.25079928924001504,1.0,0.0,0.0,1.0,0.0,0.0,0.0,1.0,1.0,0.0
-0.3924050632911392,0.003978188225416401,-0.40898743448058295,-1.0,-0.1546342450073407,0.2557232279366932,0.25321079861192275,1.0,0.0,0.0,1.0,0.0,0.0,0.0,1.0,1.0,0.0
0.240506329113924,0.6093565674927452,-0.26986364026596166,-0.0013434766045952173,-0.36548174383843235,-1.0,0.48252385658907593,0.0,0.0,1.0,1.0,0.0,0.0,0.0,1.0,1.0,0.0
-0.5949367088607596,-1.0,-1.0,-1.0,-1.0,-1.0,-1.0,1.0,0.0,0.0,0.0,1.0,0.0,1.0,0.0,1.0,0.0
-0.5949367088607596,-1.0,-1.0,-1.0,-1.0,-1.0,-1.0,0.0,1.0,0.0,0.0,1.0,0.0,0.0,1.0,1.0,0.0
-0.2911392405063291,-1.0,-1.0,-1.0,-1.0,-1.0,-1.0,0.0,0.0,1.0,0.0,1.0,0.0,0.0,1.0,1.0,0.0
-0.36708860759493667,-1.0,-1.0,-1.0,-1.0,-1.0,-1.0,0.0,1.0,0.0,0.0,1.0,1.0,0.0,0.0,1.0,0.0
-0.5696202531645569,0.4326916641463494,-0.24850990987970567,0.20680036689197023,-1.0,-1.0,0.36514846927468536,0.0,0.0,1.0,1.0,0.0,0.0,0.0,1.0,1.0,0.0
0.36708860759493667,-1.0,-1.0,-1.0,-1.0,-1.0,-1.0,0.0,0.0,1.0,0.0,1.0,0.0,0.0,1.0,1.0,0.0
-0.49367088607594933,-1.0,-1.0,0.4325816106828768,-1.0,-1.0,0.28546728953998235,1.0,0.0,0.0,1.0,0.0,1.0,0.0,0.0,1.0,0.0
-0.2911392405063291,-1.0,0.4481428384049442,-1.0,-0.004991874962858578,0.3011082120317281,0.4927975947629675,0.0,1.0,0.0,1.0,0.0,0.0,0.0,1.0,1.0,0.0
-0.3417721518987342,-1.0,0.748253707571173,-1.0,0.6298110757186979,-0.07155672233498855,0.7867394911747285,0.0,1.0,0.0,1.0,0.0,0.0,0.0,1.0,1.0,0.0
-0.3417721518987342,-1.0,0.6492651527341586,-1.0,-0.17279732755673072,-0.10196395864476704,0.6253181191446637,0.0,1.0,0.0,1.0,0.0,0.0,0.0,1.0,1.0,0.0
0.16455696202531644,0.15223521128267636,-1.0,0.28279637661738155,0.23305039489648105,-0.27200682563365874,0.34877573205275003,0.0,0.0,1.0,1.0,0.0,0.0,0.0,1.0,1.0,0.0
-1.0,-1.0,-1.0,-1.0,-1.0,-1.0,-1.0,1.0,0.0,0.0,1.0,0.0,0.0,0.0,1.0,1.0,0.0
-0.06329113924050633,-1.0,-1.0,-1.0,-1.0,-1.0,-1.0,0.0,1.0,0.0,0.0,1.0,1.0,0.0,0.0,1.0,0.0
-0.31645569620253167,-1.0,0.824591701189149,-1.0,-0.1353420949832087,-1.0,0.7930386770053681,0.0,1.0,0.0,1.0,0.0,1.0,0.0,0.0,1.0,0.0
-0.31645569620253167,-1.0,-1.0,-1.0,-1.0,-1.0,-1.0,0.0,1.0,0.0,0.0,1.0,1.0,0.0,0.0,1.0,0.0
1.0,0.8055249853796651,0.06065674295684942,-0.558205183510456,0.5684084588600593,0.5494134802560393,0.7677994119476585,0.0,1.0,0.0,1.0,0.0,0.0,0.0,1.0,1.0,0.0
-0.06329113924050633,-1.0,-1.0,0.4292993598297705,-1.0,-0.5570199784244338,0.2843399020374313,1.0,0.0,0.0,1.0,0.0,0.0,1.0,0.0,1.0,0.0
-0.189873417721519,0.16130510622586658,0.20678772969502934,-0.7054701223403039,-0.4464353799519486,-0.02021858578185931,0.2978692864573731,1.0,0.0,0.0,1.0,0.0,0.0,0.0,1.0,1.0,0.0
-0.21518987341772156,0.4563994852879003,0.4329210775404899,-1.0,0.5788853731123231,0.49665743935578255,0.6894958184075746,0.0,1.0,0.0,1.0,0.0,0.0,0.0,1.0,1.0,0.0
-0.08860759493670889,-1.0,-1.0,-1.0,-1.0,-1.0,-1.0,1.0,0.0,0.0,0.0,1.0,0.0,0.0,1.0,1.0,0.0
0.5189873417721518,-1.0,-1.0,-1.0,-1.0,-1.0,-1.0,0.0,1.0,0.0,0.0,1.0,0.0,0.0,1.0,1.0,0.0
0.06329113924050622,-1.0,-1.0,-1.0,-1.0,-1.0,-1.0,0.0,0.0,1.0,0.0,1.0,0.0,0.0,1.0,1.0,0.0
-1.0,-1.0,-1.0,-1.0,-1.0,-1.0,-1.0,1.0,0.0,0.0,1.0,0.0,0.0,0.0,1.0,1.0,0.0
-0.5189873417721519,-1.0,-1.0,-1.0,-1.0,-1.0,-1.0,1.0,0.0,0.0,0.0,1.0,1.0,0.0,0.0,1.0,0.0
-0.21518987341772156,-1.0,0.5158558478145521,-1.0,-0.21110956333010122,0.5462384713919095,0.6100524217788352,0.0,1.0,0.0,1.0,0.0,1.0,0.0,0.0,0.0,1.0
-0.3924050632911392,-1.0,-1.0,-1.0,-1.0,-1.0,-1.0,0.0,1.0,0.0,0.0,1.0,1.0,0.0,0.0,1.0,0.0
-0.31645569620253167,-1.0,-0.4743045158486082,-1.0,0.31770528241625606,0.17036685294013054,0.331571006695365,1.0,0.0,0.0,1.0,0.0,1.0,0.0,0.0,1.0,0.0
-0.26582278481012656,0.5088116949514674,-1.0,0.41806661362681585,0.06853183468750279,-1.0,0.4811595521309302,0.0,0.0,1.0,1.0,0.0,0.0,0.0,1.0,1.0,0.0
-0.16455696202531644,-0.6636483178693894,-1.0,-0.28458972591597387,-1.0,0.5971983067890014,0.5125043605687367,1.0,0.0,0.0,1.0,0.0,0.0,0.0,1.0,1.0,0.0
-0.2405063291139241,-1.0,-1.0,-1.0,-1.0,-1.0,-1.0,1.0,0.0,0.0,0.0,1.0,0.0,0.0,1.0,1.0,0.0
-0.7974683544303798,-1.0,-1.0,-1.0,-1.0,-1.0,-1.0,1.0,0.0,0.0,1.0,0.0,1.0,0.0,0.0,1.0,0.0
-0.189873417721519,0.6688628217741677,-0.20198383861853442,0.3909195335238198,-1.0,-1.0,0.5660111509569377,0.0,0.0,1.0,1.0,0.0,0.0,0.0,1.0,1.0,0.0
-0.620253164556962,-1.0,0.3073407656218634,0.024109294259877956,-1.0,-0.3861971921026601,0.31382418596927875,1.0,0.0,0.0,1.0,0.0,0.0,0.0,1.0,1.0,0.0
-0.21518987341772156,-1.0,0.3790794819550585,-1.0,0.35769633985991844,0.244269744658274,0.4984709543096888,0.0,1.0,0.0,1.0,0.0,0.0,0.0,1.0,1.0,0.0
-0.16455696202531644,-1.0,-1.0,-1.0,-1.0,-1.0,-1.0,0.0,1.0,0.0,0.0,1.0,0.0,0.0,1.0,1.0,0.0
-0.7721518987341772,-1.0,-1.0,-1.0,-1.0,-1.0,-1.0,1.0,0.0,0.0,1.0,0.0,0.0,0.0,1.0,1.0,0.0
-0.7468354430379747,-1.0,-1.0,-1.0,-1.0,-1.0,-1.0,1.0,0.0,0.0,0.0,1.0,0.0,0.0,1.0,1.0,0.0
-0.16455696202531644,-0.5187895331071819,0.40150031788240903,-1.0,0.7223515785305472,0.47224824294472967,0.723419308664758,0.0,1.0,0.0,1.0,0.0,1.0,0.0,0.0,0.0,1.0
-0.4177215189873418,-1.0,-0.534512796009096,0.07826329301013302,-1.0,-0.0249625433900017,0.08416879844948744,1.0,0.0,0.0,1.0,0.0,0.0,0.0,1.0,1.0,0.0
-1.0,-1.0,-1.0,-1.0,-1.0,-1.0,-1.0,0.0,0.0,1.0,1.0,0.0,0.0,0.0,1.0,1.0,0.0
-0.06329113924050633,-1.0,-1.0,-1.0,-1.0,-1.0,-1.0,0.0,1.0,0.0,0.0,1.0,1.0,0.0,0.0,1.0,0.0
-0.189873417721519,-1.0,-1.0,-1.0,-1.0,-1.0,-1.0,1.0,0.0,0.0,0.0,1.0,0.0,1.0,0.0,1.0,0.0
-0.9240506329113924,-1.0,-1.0,-1.0,-1.0,-1.0,-1.0,0.0,0.0,1.0,0.0,1.0,0.0,0.0,1.0,1.0,0.0
-0.6708860759493671,-1.0,-1.0,-1.0,-1.0,-1.0,-1.0,0.0,1.0,0.0,0.0,1.0,1.0,0.0,0.0,1.0,0.0
-0.2911392405063291,-1.0,-1.0,-1.0,-1.0,-1.0,-1.0,1.0,0.0,0.0,0.0,1.0,0.0,0.0,1.0,1.0,0.0
-0.2405063291139241,-1.0,-1.0,-1.0,-1.0,-1.0,-1.0,1.0,0.0,0.0,0.0,1.0,0.0,0.0,1.0,1.0,0.0
-0.26582278481012656,-0.7102824304755853,-1.0,0.3809343351522769,0.30334748726784944,-0.283210201982813,0.3789907953622811,1.0,0.0,0.0,1.0,0.0,0.0,0.0,1.0,1.0,0.0
0.08860759493670889,-1.0,0.726049051086173,-1.0,0.5812214141885663,0.5664610019155938,0.7966744772629624,0.0,1.0,0.0,1.0,0.0,0.0,0.0,1.0,1.0,0.0
-1.0,-1.0,-1.0,-1.0,-1.0,-1.0,-1.0,1.0,0.0,0.0,0.0,1.0,0.0,0.0,1.0,1.0,0.0
-0.31645569620253167,-1.0,0.27610410494615056,-1.0,0.02656517724382379,-1.0,0.29382427401442257,1.0,0.0,0.0,1.0,0.0,0.0,0.0,1.0,1.0,0.0
-0.012658227848101333,-1.0,-1.0,-1.0,-1.0,-1.0,-1.0,1.0,0.0,0.0,0.0,1.0,0.0,1.0,0.0,1.0,0.0
-0.11392405063291144,-1.0,0.6737487614736615,-0.5865750491295142,-0.5613104177489419,0.09371818455795045,0.6517880927377036,0.0,1.0,0.0,1.0,0.0,0.0,0.0,1.0,1.0,0.0
0.4177215189873418,-1.0,-1.0,-1.0,-1.0,-1.0,-1.0,0.0,1.0,0.0,0.0,1.0,0.0,0.0,1.0,1.0,0.0
-0.2405063291139241,-1.0,-1.0,-1.0,-1.0,-1.0,-1.0,0.0,1.0,0.0,0.0,1.0,1.0,0.0,0.0,1.0,0.0
-0.012658227848101333,-1.0,-0.41845873931992317,0.40190865045735924,-1.0,0.32133127886267965,0.3882594091628233,1.0,0.0,0.0,1.0,0.0,0.0,1.0,0.0,1.0,0.0
-0.4683544303797469,0.30454382822092674,-1.0,0.5865056862830127,-0.11775092984877333,-1.0,0.4793793631495562,0.0,0.0,1.0,1.0,0.0,1.0,0.0,0.0,1.0,0.0
-0.5696202531645569,-1.0,-1.0,-1.0,-1.0,-1.0,-1.0,1.0,0.0,0.0,0.0,1.0,1.0,0.0,0.0,1.0,0.0
-0.16455696202531644,-1.0,-0.3602014629370759,-0.852735061170152,-0.29594014131866886,0.5724996565475218,0.4915813822100028,0.0,1.0,0.0,1.0,0.0,1.0,0.0,0.0,1.0,0.0
-0.3417721518987342,-1.0,0.2944580850299634,-1.0,-0.5038728988504453,-0.10670791625290932,0.29274537656158284,1.0,0.0,0.0,1.0,0.0,0.0,0.0,1.0,1.0,0.0
-0.5443037974683544,-1.0,-1.0,0.5829554489562674,-0.8616088449879872,-1.0,0.4205097153382329,1.0,0.0,0.0,1.0,0.0,0.0,1.0,0.0,1.0,0.0
-0.5696202531645569,-1.0,0.23081110258234117,-0.37442921457910205,0.1510563383304051,-1.0,0.29744751488910315,1.0,0.0,0.0,1.0,0.0,0.0,0.0,1.0,1.0,0.0
-0.2911392405063291,-1.0,-0.5963320666755103,-0.5865750491295142,-1.0,0.2459463355772682,0.18322579989052357,1.0,0.0,0.0,1.0,0.0,0.0,0.0,1.0,1.0,0.0
0.240506329113924,-0.27570607618896315,0.5357718659479545,-1.0,0.04227657915691263,-0.009565071443462414,0.5312326026185228,0.0,1.0,0.0,1.0,0.0,0.0,0.0,1.0,1.0,0.0
-0.44303797468354433,-1.0,-1.0,-1.0,-1.0,-1.0,-1.0,0.0,1.0,0.0,0.0,1.0,0.0,0.0,1.0,1.0,0.0
0.1898734177215189,-1.0,0.11171425038716642,-0.05612143585309892,0.24078524274293955,-1.0,0.2946830172281585,1.0,0.0,0.0,1.0,0.0,0.0,0.0,1.0,1.0,0.0
-0.2405063291139241,0.29412357171786896,-1.0,0.16704702858151999,-1.0,-0.11654444739286807,0.27672710334034045,1.0,0.0,0.0,1.0,0.0,0.0,0.0,1.0,1.0,0.0
-0.31645569620253167,-1.0,-1.0,-1.0,-1.0,-1.0,-1.0,0.0,0.0,1.0,0.0,1.0,0.0,0.0,1.0,1.0,0.0
-0.08860759493670889,-1.0,0.5283004809106682,0.5750321401183818,0.5847463320528719,-0.8602553620751245,0.6900889591440278,0.0,1.0,0.0,1.0,0.0,0.0,0.0,1.0,1.0,0.0
-0.4683544303797469,-1.0,-1.0,-1.0,-1.0,-1.0,-1.0,0.0,1.0,0.0,0.0,1.0,1.0,0.0,0.0,1.0,0.0
0.012658227848101333,-1.0,-1.0,-1.0,-1.0,-1.0,-1.0,1.0,0.0,0.0,0.0,1.0,0.0,0.0,1.0,1.0,0.0
-0.03797468354430378,0.2949765812711149,0.2614675973624707,0.2499612433784868,0.34813286775944685,-1.0,0.4811595521309302,0.0,0.0,1.0,1.0,0.0,0.0,0.0,1.0,1.0,0.0
-0.2405063291139241,-1.0,-1.0,-1.0,-1.0,-1.0,-1.0,0.0,0.0,1.0,0.0,1.0,0.0,0.0,1.0,1.0,0.0
0.11392405063291133,-1.0,-1.0,-1.0,-1.0,-1.0,-1.0,1.0,0.0,0.0,0.0,1.0,0.0,1.0,0.0,1.0,0.0
-0.8227848101265822,-1.0,-1.0,-1.0,-1.0,-1.0,-1.0,0.0,0.0,1.0,0.0,1.0,0.0,0.0,1.0,1.0,0.0
0.1898734177215189,-1.0,-1.0,-1.0,-1.0,-1.0,-1.0,0.0,0.0,1.0,0.0,1.0,0.0,0.0,1.0,1.0,0.0
-0.5189873417721519,-0.6255454734896567,-1.0,-1.0,0.3127548742780599,-1.0,0.25480168966136607,1.0,0.0,0.0,1.0,0.0,0.0,1.0,0.0,1.0,0.0
0.139240506329114,0.2557641440641556,-0.028617721007941688,0.20166295327009975,-1.0,-1.0,0.28366025543132345,1.0,0.0,0.0,1.0,0.0,0.0,0.0,1.0,1.0,0.0
0.21518987341772156,-0.2343630575961404,-1.0,-0.3247957777941519,0.3144186858486333,-0.8602553620751245,0.2707504172839674,1.0,0.0,0.0,1.0,0.0,0.0,0.0,1.0,1.0,0.0
0.26582278481012667,0.5398875774290217,-1.0,-0.23283016877370677,-0.07080780777595519,-1.0,0.42084155296962034,0.0,0.0,1.0,1.0,0.0,0.0,0.0,1.0,1.0,0.0
-0.36708860759493667,-0.8551412152377926,0.6240617753543396,-1.0,-1.0,-0.7785099892122169,0.5950590984306319,0.0,1.0,0.0,1.0,0.0,0.0,0.0,1.0,0.0,1.0
-0.9240506329113924,-1.0,-1.0,-1.0,-1.0,-1.0,-1.0,0.0,0.0,1.0,0.0,1.0,0.0,0.0,1.0,1.0,0.0
-0.31645569620253167,-1.0,-1.0,-1.0,-1.0,-1.0,-1.0,1.0,0.0,0.0,0.0,1.0,1.0,0.0,0.0,1.0,0.0
-0.5443037974683544,0.13189484775749305,-1.0,-1.0,-1.0,0.4583289621179687,0.4075702585050258,1.0,0.0,0.0,1.0,0.0,0.0,0.0,1.0,1.0,0.0
-0.3924050632911392,-1.0,-1.0,-1.0,-1.0,-1.0,-1.0,1.0,0.0,0.0,0.0,1.0,0.0,1.0,0.0,1.0,0.0
-0.21518987341772156,-1.0,0.6256806025968393,-0.14478023263996997,-0.1927796138817054,-1.0,0.6013359014809183,1.0,0.0,0.0,1.0,0.0,0.0,0.0,1.0,1.0,0.0
-0.49367088607594933,-1.0,-1.0,-1.0,-1.0,-1.0,-1.0,1.0,0.0,0.0,0.0,1.0,0.0,1.0,0.0,1.0,0.0
-0.620253164556962,-1.0,-1.0,-1.0,-1.0,-1.0,-1.0,1.0,0.0,0.0,0.0,1.0,0.0,1.0,0.0,1.0,0.0
-0.36708860759493667,-1.0,0.6929707568516144,-1.0,-0.27905773174939197,-0.8602553620751245,0.6637459037999718,0.0,1.0,0.0,1.0,0.0,0.0,0.0,1.0,1.0,0.0
-0.49367088607594933,-1.0,-1.0,-1.0,-1.0,-1.0,-1.0,0.0,0.0,1.0,0.0,1.0,0.0,0.0,1.0,1.0,0.0
-0.8987341772151899,-1.0,-1.0,-1.0,-1.0,-1.0,-1.0,1.0,0.0,0.0,1.0,0.0,0.0,0.0,1.0,1.0,0.0
-0.3924050632911392,-1.0,0.5126760348352823,-1.0,0.31524542091412733,0.5606744423365937,0.6400474310145092,0.0,1.0,0.0,1.0,0.0,1.0,0.0,0.0,1.0,0.0
0.31645569620253156,0.5106395816805467,-1.0,-0.25713760857903223,-0.37397903613286987,-1.0,0.3853528422834447,0.0,0.0,1.0,1.0,0.0,1.0,0.0,0.0,1.0,0.0
-0.49367088607594933,0.3160143028548481,0.0037111150902235934,-1.0,-0.6422640538624581,-1.0,0.2550655522240399,1.0,0.0,0.0,1.0,0.0,0.0,0.0,1.0,1.0,0.0
-0.3417721518987342,-1.0,0.2582247646859477,-0.025885159429180238,-0.24446295258768158,-1.0,0.27268341910299565,1.0,0.0,0.0,1.0,0.0,0.0,0.0,1.0,1.0,0.0
-0.3924050632911392,0.474469020818592,0.02261370348397551,0.419936152753271,-0.7806552088744709,-1.0,0.46300566302056945,1.0,0.0,0.0,1.0,0.0,0.0,0.0,1.0,1.0,0.0
-0.3924050632911392,-1.0,-1.0,-1.0,-1.0,-1.0,-1.0,0.0,1.0,0.0,0.0,1.0,0.0,0.0,1.0,1.0,0.0
-0.4683544303797469,-1.0,-1.0,-1.0,-1.0,-1.0,-1.0,1.0,0.0,0.0,0.0,1.0,0.0,0.0,1.0,1.0,0.0
0.3417721518987342,-1.0,-1.0,-1.0,-1.0,-1.0,-1.0,0.0,1.0,0.0,1.0,0.0,0.0,0.0,1.0,1.0,0.0
-0.5189873417721519,-1.0,-1.0,-1.0,-1.0,-1.0,-1.0,0.0,1.0,0.0,0.0,1.0,1.0,0.0,0.0,1.0,0.0
-1.0,-1.0,-1.0,-1.0,-1.0,-1.0,-1.0,1.0,0.0,0.0,0.0,1.0,0.0,0.0,1.0,1.0,0.0
-0.1392405063291139,-1.0,-1.0,-1.0,-1.0,-1.0,-1.0,1.0,0.0,0.0,0.0,1.0,0.0,0.0,1.0,1.0,0.0
-0.49367088607594933,-1.0,-1.0,0.6776889283957261,-0.2845281077249162,0.1757593885761024,0.530301283369679,1.0,0.0,0.0,1.0,0.0,0.0,0.0,1.0,1.0,0.0
-0.36708860759493667,-1.0,-1.0,-1.0,-1.0,-1.0,-1.0,0.0,1.0,0.0,0.0,1.0,1.0,0.0,0.0,1.0,0.0
0.31645569620253156,-1.0,0.2582247646859477,-0.5107964623092589,-1.0,-1.0,0.23826178454250058,1.0,0.0,0.0,1.0,0.0,0.0,1.0,0.0,1.0,0.0
0.1898734177215189,-1.0,-1.0,-1.0,-1.0,-1.0,-1.0,0.0,1.0,0.0,0.0,1.0,0.0,0.0,1.0,1.0,0.0
0.5189873417721518,-1.0,-1.0,-1.0,-1.0,-1.0,-1.0,1.0,0.0,0.0,1.0,0.0,1.0,0.0,0.0,1.0,0.0
0.3924050632911391,-1.0,0.43472576895652004,0.07826329301013302,-1.0,-1.0,0.4268250608996804,1.0,0.0,0.0,1.0,0.0,0.0,0.0,1.0,1.0,0.0
-0.5949367088607596,-1.0,-1.0,-1.0,-1.0,-1.0,-1.0,1.0,0.0,0.0,0.0,1.0,0.0,0.0,1.0,1.0,0.0
-0.31645569620253167,0.1699976921372257,0.4915272310676517,-0.7665905942836959,-0.7806552088744709,-1.0,0.48734046439130574,0.0,1.0,0.0,1.0,0.0,1.0,0.0,0.0,1.0,0.0
-0.4683544303797469,-1.0,-1.0,-1.0,-1.0,-1.0,-1.0,0.0,1.0,0.0,0.0,1.0,1.0,0.0,0.0,1.0,0.0
0.11392405063291133,-0.2453649161795992,0.23820076872056428,-1.0,0.48228087346975146,0.6508005390240248,0.655180248921728,0.0,1.0,0.0,1.0,0.0,1.0,0.0,0.0,1.0,0.0
-0.012658227848101333,-1.0,-1.0,-0.4905470142953362,0.3579185504928044,-1.0,0.29871004050405636,1.0,0.0,0.0,1.0,0.0,0.0,0.0,1.0,1.0,0.0
-0.5189873417721519,0.5997785349296569,-1.0,-1.0,-1.0,-0.8602553620751245,0.4594288100457655,1.0,0.0,0.0,1.0,0.0,0.0,0.0,1.0,1.0,0.0
-0.36708860759493667,-0.6636483178693894,-1.0,0.0602593074572757,0.31469464474956466,-1.0,0.2912245882145654,1.0,0.0,0.0,1.0,0.0,0.0,0.0,1.0,1.0,0.0
0.7468354430379747,-1.0,-1.0,-1.0,-1.0,-1.0,-1.0,1.0,0.0,0.0,0.0,1.0,0.0,0.0,1.0,1.0,0.0
-0.06329113924050633,0.151390818011107,-1.0,0.3930426186837519,-0.6422640538624581,-1.0,0.3081212548288894,1.0,0.0,0.0,1.0,0.0,0.0,0.0,1.0,1.0,0.0
-1.0,-1.0,-1.0,-1.0,-1.0,-1.0,-1.0,1.0,0.0,0.0,0.0,1.0,0.0,0.0,1.0,1.0,0.0
-0.5696202531645569,-1.0,0.15465183478285183,0.2745244453357698,-1.0,-0.5807660862253737,0.2724428630192193,1.0,0.0,0.0,1.0,0.0,0.0,0.0,1.0,1.0,0.0
-0.4177215189873418,0.2236342109339562,0.038920050832941255,-1.0,-1.0,-0.8602553620751245,0.20636211511482583,1.0,0.0,0.0,1.0,0.0,1.0,0.0,0.0,1.0,0.0
0.31645569620253156,0.5086586469399363,-0.05213466143846146,0.2955870864505614,-1.0,-1.0,0.44323438208031396,0.0,0.0,1.0,1.0,0.0,0.0,0.0,1.0,1.0,0.0
-0.03797468354430378,0.25003811326444136,0.3478214333326839,-1.0,-1.0,-0.6755229990923698,0.385751811395431,1.0,0.0,0.0,1.0,0.0,0.0,0.0,1.0,1.0,0.0
-0.5189873417721519,-1.0,-1.0,-1.0,-1.0,0.4028850993158093,0.32656327149793496,1.0,0.0,0.0,1.0,0.0,0.0,0.0,1.0,1.0,0.0
0.4683544303797469,-1.0,-1.0,-1.0,-1.0,-1.0,-1.0,0.0,1.0,0.0,0.0,1.0,1.0,0.0,0.0,1.0,0.0
0.03797468354430378,-1.0,-1.0,-1.0,-1.0,0.3734293744599637,0.29871004050405636,1.0,0.0,0.0,1.0,0.0,0.0,0.0,1.0,1.0,0.0
-0.31645569620253167,-1.0,-1.0,-1.0,-1.0,-1.0,-1.0,0.0,1.0,0.0,1.0,0.0,0.0,0.0,1.0,1.0,0.0
-0.189873417721519,0.5715183354939988,-1.0,0.3802943997379,-1.0,-1.0,0.49203837165239883,0.0,0.0,1.0,1.0,0.0,0.0,0.0,1.0,1.0,0.0
-0.49367088607594933,0.2836062808748008,-1.0,0.5440468021653051,-1.0,-1.0,0.4389613082943311,0.0,0.0,1.0,1.0,0.0,0.0,0.0,1.0,1.0,0.0
-0.5189873417721519,-1.0,-1.0,-1.0,0.30595740983156205,0.029404030667748104,0.2874799370190644,1.0,0.0,0.0,1.0,0.0,0.0,0.0,1.0,1.0,0.0
-0.7974683544303798,-1.0,-1.0,-1.0,-1.0,-1.0,-1.0,1.0,0.0,0.0,1.0,0.0,0.0,0.0,1.0,1.0,0.0
0.012658227848101333,0.5968876591360466,-0.8654440222251701,-1.0,-1.0,-0.3431387535006696,0.45906740582170524,0.0,0.0,1.0,1.0,0.0,0.0,0.0,1.0,1.0,0.0
-0.2405063291139241,-1.0,-1.0,-1.0,-1.0,-1.0,-1.0,0.0,0.0,1.0,0.0,1.0,0.0,0.0,1.0,1.0,0.0
-0.5949367088607596,0.3666887797386742,-1.0,-0.017385690167839973,-0.011949242073952537,-1.0,0.30367815672848075,1.0,0.0,0.0,1.0,0.0,0.0,0.0,1.0,1.0,0.0
-0.3924050632911392,0.3608704494351427,-1.0,0.32119381268187763,-1.0,-1.0,0.3474810535889217,0.0,0.0,1.0,1.0,0.0,0.0,0.0,1.0,1.0,0.0
-0.5443037974683544,-0.7704042582518641,0.39367053733503576,-0.1266103287679058,-0.32769839905788767,-0.8602553620751245,0.3814524738126823,1.0,0.0,0.0,1.0,0.0,0.0,0.0,1.0,1.0,0.0
-0.5696202531645569,0.5441940505475287,-1.0,0.5898781125989325,-1.0,-1.0,0.5499199114492679,0.0,0.0,1.0,1.0,0.0,0.0,0.0,1.0,1.0,0.0
-0.49367088607594933,-0.10623216221710607,-0.5734676419580506,0.3262127483616142,0.1724049178063567,-1.0,0.3065175383591958,1.0,0.0,0.0,1.0,0.0,0.0,0.0,1.0,1.0,0.0
-0.31645569620253167,-1.0,-1.0,-1.0,-1.0,-1.0,-1.0,1.0,0.0,0.0,0.0,1.0,1.0,0.0,0.0,1.0,0.0
-0.5949367088607596,-1.0,-1.0,-1.0,-1.0,-1.0,-1.0,1.0,0.0,0.0,0.0,1.0,1.0,0.0,0.0,1.0,0.0
-0.620253164556962,0.4730214856779762,-1.0,0.09851274102405583,-0.8616088449879872,-0.499020713362466,0.37240908291198216,0.0,0.0,1.0,1.0,0.0,0.0,0.0,1.0,1.0,0.0
-0.49367088607594933,-0.8551412152377926,0.29981019260675623,-1.0,-1.0,-1.0,0.27672710334034045,1.0,0.0,0.0,1.0,0.0,1.0,0.0,0.0,1.0,0.0
-0.4683544303797469,-1.0,-1.0,-1.0,-1.0,-1.0,-1.0,1.0,0.0,0.0,0.0,1.0,1.0,0.0,0.0,1.0,0.0
-0.2405063291139241,-1.0,-0.11395393210487581,-1.0,0.21616798532720405,0.39744637924875437,0.4016743055577603,1.0,0.0,0.0,1.0,0.0,0.0,0.0,1.0,1.0,0.0
-0.2911392405063291,-1.0,-1.0,0.8841987746858908,-1.0,-1.0,0.6907070939543074,1.0,0.0,0.0,1.0,0.0,0.0,0.0,1.0,1.0,0.0
-0.189873417721519,0.6349570414949881,-1.0,-0.017385690167839973,-1.0,-1.0,0.49898510784718453,0.0,0.0,1.0,1.0,0.0,0.0,0.0,1.0,1.0,0.0
-0.012658227848101333,-1.0,0.2973956932973778,-1.0,-0.1927796138817054,-1.0,0.28703451468770114,1.0,0.0,0.0,1.0,0.0,0.0,0.0,1.0,1.0,0.0
0.5696202531645569,0.38682689732240716,-0.46177608890068045,-1.0,-1.0,-1.0,0.26879761484571585,1.0,0.0,0.0,1.0,0.0,0.0,0.0,1.0,1.0,0.0
-0.03797468354430378,-1.0,-1.0,-1.0,-1.0,-1.0,-1.0,0.0,1.0,0.0,0.0,1.0,0.0,0.0,1.0,1.0,0.0
0.16455696202531644,-1.0,0.7242247728117355,-1.0,-0.30190047148617816,0.5843718676230805,0.7524220905246803,0.0,1.0,0.0,1.0,0.0,1.0,0.0,0.0,1.0,0.0
0.36708860759493667,-1.0,0.7505266730704867,-1.0,-0.1927796138817054,-0.03648618810853188,0.7231026297362948,0.0,1.0,0.0,1.0,0.0,0.0,0.0,1.0,1.0,0.0
0.06329113924050622,-1.0,-1.0,-1.0,-1.0,-1.0,-1.0,0.0,0.0,1.0,0.0,1.0,0.0,0.0,1.0,1.0,0.0
0.3924050632911391,-1.0,0.6878699766638039,0.07693126107978876,0.6621508568778736,0.5308917889395615,0.7943829837985885,0.0,1.0,0.0,1.0,0.0,0.0,0.0,1.0,1.0,0.0
0.4683544303797469,-1.0,0.17981161513029598,-0.7665905942836959,-1.0,0.10494556339491501,0.24253322546309364,1.0,0.0,0.0,1.0,0.0,1.0,0.0,0.0,1.0,0.0
-0.8987341772151899,-1.0,-1.0,-1.0,-1.0,-1.0,-1.0,1.0,0.0,0.0,1.0,0.0,0.0,0.0,1.0,1.0,0.0
0.08860759493670889,0.11945716578703025,-1.0,-1.0,0.2897601891511101,0.258487741914468,0.37593825942930725,1.0,0.0,0.0,1.0,0.0,0.0,0.0,1.0,1.0,0.0
-0.4683544303797469,-0.26303631529358906,-0.059630698611390365,-1.0,0.2250037737180457,-1.0,0.22607327351218043,1.0,0.0,0.0,1.0,0.0,0.0,0.0,1.0,1.0,0.0
0.11392405063291133,-0.029382445057654194,-1.0,-0.37442921457910205,0.41524499498897116,-0.8602553620751245,0.3698270027479391,1.0,0.0,0.0,1.0,0.0,0.0,0.0,1.0,1.0,0.0
-0.4683544303797469,-1.0,-1.0,-1.0,-1.0,-1.0,-1.0,0.0,0.0,1.0,0.0,1.0,0.0,0.0,1.0,1.0,0.0
-0.5443037974683544,-1.0,-1.0,-1.0,-1.0,-1.0,-1.0,0.0,1.0,0.0,0.0,1.0,1.0,0.0,0.0,1.0,0.0
0.06329113924050622,0.44363140067845386,-1.0,-0.16885786344836606,-1.0,-0.499020713362466,0.3280075259136781,0.0,0.0,1.0,1.0,0.0,0.0,0.0,1.0,1.0,0.0
-0.5443037974683544,-1.0,0.16453301310385116,0.617829340847176,-1.0,-1.0,0.48616728732836023,1.0,0.0,0.0,1.0,0.0,0.0,0.0,1.0,1.0,0.0
-0.21518987341772156,0.8844865872677024,0.09453568715463834,-1.0,0.6127126704048691,0.5593558706245394,0.8204052526431778,0.0,1.0,0.0,1.0,0.0,1.0,0.0,0.0,0.0,1.0
-0.36708860759493667,0.4268860949820572,-1.0,-0.852735061170152,-0.09719672610884411,-1.0,0.3197374772423094,0.0,0.0,1.0,1.0,0.0,0.0,0.0,1.0,1.0,0.0
-0.4177215189873418,-1.0,-1.0,-1.0,-1.0,-1.0,-1.0,0.0,1.0,0.0,0.0,1.0,0.0,0.0,1.0,1.0,0.0
-0.9493670886075949,-1.0,-1.0,-1.0,-1.0,-1.0,-1.0,1.0,0.0,0.0,1.0,0.0,0.0,0.0,1.0,1.0,0.0
-1.0,-1.0,-1.0,-1.0,-1.0,-1.0,-1.0,1.0,0.0,0.0,1.0,0.0,1.0,0.0,0.0,1.0,0.0
-0.5189873417721519,-0.02149520523117754,-1.0,0.3228799992862754,-0.22297381961557772,-1.0,0.2379735899734854,1.0,0.0,0.0,1.0,0.0,1.0,0.0,0.0,1.0,0.0
-0.3417721518987342,0.4188071798551589,-0.6222536135015577,-0.41094024468060797,-0.0009309302268775133,-1.0,0.3274672118880446,0.0,0.0,1.0,1.0,0.0,0.0,0.0,1.0,1.0,0.0
-0.2911392405063291,-1.0,-1.0,-1.0,-1.0,-1.0,-1.0,1.0,0.0,0.0,0.0,1.0,0.0,0.0,1.0,1.0,0.0
-0.03797468354430378,-1.0,-1.0,-1.0,-1.0,-1.0,-1.0,0.0,0.0,1.0,0.0,1.0,0.0,0.0,1.0,1.0,0.0
-0.5949367088607596,-1.0,-1.0,-1.0,-1.0,-1.0,-1.0,1.0,0.0,0.0,1.0,0.0,1.0,0.0,0.0,1.0,0.0
0.139240506329114,-0.7704042582518641,-0.2990369087154182,0.4899740924282985,-0.5402745340816825,-1.0,0.3448650170523748,0.0,0.0,1.0,1.0,0.0,0.0,0.0,1.0,1.0,0.0
-0.4683544303797469,-0.4639587993442762,-1.0,-1.0,0.48024538000046,-1.0,0.41477826438761767,1.0,0.0,0.0,1.0,0.0,0.0,0.0,1.0,1.0,0.0
-0.620253164556962,-1.0,-1.0,-1.0,-1.0,-1.0,-1.0,0.0,1.0,0.0,0.0,1.0,1.0,0.0,0.0,1.0,0.0
0.11392405063291133,0.5199821689650268,0.10331492979268919,-0.08271339656191012,-0.30190047148617816,-1.0,0.4331452199509489,1.0,0.0,0.0,1.0,0.0,0.0,0.0,1.0,1.0,0.0
-0.620253164556962,-1.0,-1.0,-1.0,-1.0,-1.0,-1.0,1.0,0.0,0.0,0.0,1.0,0.0,0.0,1.0,1.0,0.0
0.139240506329114,0.5661225997107324,-1.0,-0.658061401139107,-1.0,-0.6387653512873415,0.4295895585606251,1.0,0.0,0.0,1.0,0.0,0.0,0.0,1.0,1.0,0.0
-0.5696202531645569,-1.0,-1.0,-1.0,-1.0,-1.0,-1.0,0.0,1.0,0.0,0.0,1.0,1.0,0.0,0.0,1.0,0.0
-0.8227848101265822,-1.0,-1.0,-1.0,-1.0,-1.0,-1.0,1.0,0.0,0.0,0.0,1.0,0.0,0.0,1.0,1.0,0.0
-0.5189873417721519,0.1629127068483509,-1.0,0.16352066718006153,-0.013370288877458503,-0.5570199784244338,0.23359755994066989,1.0,0.0,0.0,1.0,0.0,0.0,0.0,1.0,1.0,0.0
-0.44303797468354433,-1.0,-1.0,-1.0,-1.0,-1.0,-1.0,1.0,0.0,0.0,0.0,1.0,0.0,1.0,0.0,1.0,0.0
-0.4177215189873418,-1.0,-1.0,-1.0,-1.0,-1.0,-1.0,1.0,0.0,0.0,0.0,1.0,0.0,0.0,1.0,1.0,0.0
-0.21518987341772156,-1.0,-1.0,-1.0,-1.0,-1.0,-1.0,0.0,0.0,1.0,0.0,1.0,0.0,0.0,1.0,1.0,0.0
-0.9746835443037974,-1.0,-1.0,-1.0,-1.0,-1.0,-1.0,0.0,0.0,1.0,0.0,1.0,0.0,0.0,1.0,1.0,0.0
-0.1392405063291139,-1.0,-1.0,-1.0,-1.0,-1.0,-1.0,1.0,0.0,0.0,0.0,1.0,0.0,0.0,1.0,1.0,0.0
-0.3924050632911392,-0.4484711928323267,-1.0,-0.7665905942836959,0.3004069888591596,-0.7205107241502491,0.24671105528094617,1.0,0.0,0.0,1.0,0.0,1.0,0.0,0.0,1.0,0.0
-0.8227848101265822,-1.0,-1.0,-1.0,-1.0,-1.0,-1.0,1.0,0.0,0.0,1.0,0.0,0.0,0.0,1.0,1.0,0.0
0.26582278481012667,0.18779457132127497,-1.0,-0.34328207546548817,0.26834205516024556,-1.0,0.29425412914828364,1.0,0.0,0.0,1.0,0.0,0.0,0.0,1.0,1.0,0.0
-0.21518987341772156,-1.0,-1.0,-1.0,-1.0,-1.0,-1.0,1.0,0.0,0.0,0.0,1.0,0.0,1.0,0.0,1.0,0.0
-0.3924050632911392,-1.0,-1.0,-1.0,-1.0,-1.0,-1.0,1.0,0.0,0.0,0.0,1.0,1.0,0.0,0.0,1.0,0.0
-0.6455696202531646,-1.0,-1.0,-1.0,-1.0,-1.0,-1.0,0.0,1.0,0.0,0.0,1.0,1.0,0.0,0.0,1.0,0.0
-0.8227848101265822,-1.0,-1.0,-1.0,-1.0,-1.0,-1.0,0.0,0.0,1.0,0.0,1.0,0.0,0.0,1.0,1.0,0.0
-0.3924050632911392,0.4556115972655219,-1.0,-1.0,0.12573265381549148,-1.0,0.3725515115111344,0.0,0.0,1.0,1.0,0.0,0.0,0.0,1.0,1.0,0.0
-0.7215189873417722,-1.0,-1.0,-1.0,-1.0,-1.0,-1.0,1.0,0.0,0.0,0.0,1.0,0.0,1.0,0.0,1.0,0.0
-0.012658227848101333,-1.0,-1.0,-1.0,-1.0,-1.0,-1.0,1.0,0.0,0.0,0.0,1.0,1.0,0.0,0.0,1.0,0.0
-0.4177215189873418,0.42891401758282255,-1.0,0.042166816009804986,-1.0,0.21872684843281043,0.39253782207802046,0.0,0.0,1.0,1.0,0.0,0.0,0.0,1.0,1.0,0.0
-0.49367088607594933,0.37900293896512105,-1.0,0.30077500762674614,-1.0,-1.0,0.34990140778026446,0.0,0.0,1.0,1.0,0.0,0.0,0.0,1.0,1.0,0.0
-0.189873417721519,0.3589989111030514,-1.0,-1.0,0.1047757012554229,-0.8602553620751245,0.30100317627942696,0.0,0.0,1.0,1.0,0.0,0.0,1.0,0.0,1.0,0.0
-0.6708860759493671,0.2557641440641556,-1.0,0.5766914811817923,-1.0,0.22157313894688024,0.4918861635236764,1.0,0.0,0.0,1.0,0.0,1.0,0.0,0.0,1.0,0.0
-0.8987341772151899,-1.0,-1.0,-1.0,-1.0,-1.0,-1.0,1.0,0.0,0.0,0.0,1.0,1.0,0.0,0.0,1.0,0.0
-0.8227848101265822,-1.0,-1.0,-1.0,-1.0,-1.0,-1.0,0.0,0.0,1.0,1.0,0.0,0.0,0.0,1.0,1.0,0.0
-0.4683544303797469,-1.0,-0.2839027615450932,-1.0,0.14598543126808927,0.26843630912073047,0.2944686937979426,1.0,0.0,0.0,1.0,0.0,0.0,0.0,1.0,1.0,0.0
-0.5949367088607596,-0.5654236457133779,-1.0,0.22014925094143623,-1.0,0.31609438972260717,0.3172800027332523,1.0,0.0,0.0,1.0,0.0,0.0,0.0,1.0,1.0,0.0
0.012658227848101333,-1.0,-1.0,-1.0,0.34028354758114676,-0.7785099892122169,0.28022519545011293,1.0,0.0,0.0,1.0,0.0,0.0,0.0,1.0,1.0,0.0
0.08860759493670889,-1.0,-1.0,-1.0,-1.0,-1.0,-1.0,1.0,0.0,0.0,0.0,1.0,0.0,0.0,1.0,1.0,0.0
-0.8734177215189873,-1.0,-1.0,-1.0,-1.0,-1.0,-1.0,1.0,0.0,0.0,1.0,0.0,1.0,0.0,0.0,1.0,0.0
-0.2911392405063291,-1.0,0.5618356797220021,-1.0,0.4470669647217962,0.1905734834052173,0.6194825080628277,0.0,1.0,0.0,1.0,0.0,0.0,0.0,1.0,0.0,1.0
-1.0,-1.0,-1.0,-1.0,-1.0,-1.0,-1.0,1.0,0.0,0.0,1.0,0.0,0.0,0.0,1.0,1.0,0.0
-0.49367088607594933,-1.0,-1.0,-1.0,-1.0,-1.0,-1.0,0.0,0.0,1.0,0.0,1.0,0.0,0.0,1.0,1.0,0.0
-0.16455696202531644,-1.0,-1.0,-1.0,-1.0,-1.0,-1.0,1.0,0.0,0.0,0.0,1.0,0.0,0.0,1.0,1.0,0.0
0.012658227848101333,-1.0,-1.0,-1.0,-1.0,-1.0,-1.0,0.0,1.0,0.0,0.0,1.0,0.0,0.0,1.0,1.0,0.0
-0.4683544303797469,-1.0,-1.0,0.44733991815624274,-0.21894022317537787,-1.0,0.3087191873768642,1.0,0.0,0.0,1.0,0.0,1.0,0.0,0.0,1.0,0.0
-0.012658227848101333,-1.0,-1.0,-1.0,-1.0,0.4127946242639964,0.33593368382940003,1.0,0.0,0.0,1.0,0.0,0.0,0.0,1.0,1.0,0.0
-0.4177215189873418,-1.0,-1.0,-1.0,-1.0,-1.0,-1.0,0.0,1.0,0.0,0.0,1.0,0.0,0.0,1.0,1.0,0.0
-0.5696202531645569,-0.019569043666193497,-0.687570694869583,0.6038660111567609,-0.47309575479577604,-1.0,0.451315216591301,1.0,0.0,0.0,1.0,0.0,0.0,0.0,1.0,1.0,0.0
-0.5443037974683544,-1.0,-1.0,-1.0,-1.0,-1.0,-1.0,1.0,0.0,0.0,0.0,1.0,0.0,1.0,0.0,1.0,0.0
-0.49367088607594933,0.3795716115620096,-1.0,-1.0,-0.25375096367024685,-0.8602553620751245,0.26904281188414436,1.0,0.0,0.0,1.0,0.0,0.0,0.0,1.0,1.0,0.0
0.3924050632911391,0.5521769453786072,-1.0,-0.852735061170152,-1.0,-0.6076872028904432,0.41670795720086384,0.0,0.0,1.0,1.0,0.0,1.0,0.0,0.0,1.0,0.0
-0.36708860759493667,-1.0,-1.0,-1.0,-1.0,-1.0,-1.0,0.0,1.0,0.0,0.0,1.0,1.0,0.0,0.0,1.0,0.0
-0.189873417721519,-1.0,-1.0,-1.0,-1.0,-1.0,-1.0,0.0,0.0,1.0,0.0,1.0,0.0,0.0,1.0,1.0,0.0
-0.08860759493670889,-1.0,-1.0,-1.0,-1.0,-1.0,-1.0,0.0,1.0,0.0,0.0,1.0,1.0,0.0,0.0,1.0,0.0
-0.26582278481012656,0.015637859912279062,-1.0,0.035776608085858586,-0.02361131481502332,0.2421542069244682,0.289030770321669,1.0,0.0,0.0,1.0,0.0,0.0,0.0,1.0,1.0,0.0
-0.189873417721519,-1.0,-1.0,-1.0,-1.0,-1.0,-1.0,1.0,0.0,0.0,0.0,1.0,0.0,1.0,0.0,1.0,0.0
-0.44303797468354433,-1.0,-0.4389116641832207,-1.0,-0.17599189543729488,0.27862809831935387,0.23359755994066989,1.0,0.0,0.0,1.0,0.0,0.0,0.0,1.0,1.0,0.0
-0.3924050632911392,-1.0,-0.16448093094058824,0.3653614356675352,-1.0,-1.0,0.24643536373456643,1.0,0.0,0.0,1.0,0.0,0.0,1.0,0.0,1.0,0.0
-0.8227848101265822,-1.0,-1.0,-1.0,-1.0,-1.0,-1.0,1.0,0.0,0.0,1.0,0.0,0.0,0.0,1.0,1.0,0.0
0.4430379746835442,-1.0,0.30710980397432386,-0.852735061170152,-1.0,-0.7785099892122169,0.2843399020374313,1.0,0.0,0.0,1.0,0.0,0.0,0.0,1.0,1.0,0.0
-0.5443037974683544,-1.0,-1.0,-1.0,0.34221494095474725,-0.08836719647032054,0.3014171626985669,1.0,0.0,0.0,1.0,0.0,0.0,0.0,1.0,1.0,0.0
-0.36708860759493667,0.27205709666098765,-1.0,-1.0,0.26269768681376315,-1.0,0.3163263205488358,1.0,0.0,0.0,1.0,0.0,0.0,0.0,1.0,1.0,0.0
0.5949367088607596,-1.0,-0.3675277377538795,0.03250795289206865,-1.0,0.4361958065811009,0.38022560791244087,1.0,0.0,0.0,1.0,0.0,0.0,0.0,1.0,1.0,0.0
-0.4683544303797469,-0.4484711928323267,-1.0,0.48766682924295135,-0.16655756244782238,-0.8602553620751245,0.34796758895575786,1.0,0.0,0.0,1.0,0.0,1.0,0.0,0.0,1.0,0.0
-0.012658227848101333,-1.0,0.5455546673178522,-1.0,-0.6422640538624581,0.5292601450625984,0.6176019436535649,0.0,1.0,0.0,1.0,0.0,1.0,0.0,0.0,0.0,1.0
0.03797468354430378,-1.0,-1.0,-1.0,-1.0,-1.0,-1.0,1.0,0.0,0.0,0.0,1.0,0.0,0.0,1.0,1.0,0.0
-0.5696202531645569,-1.0,-1.0,-1.0,-1.0,-1.0,-1.0,0.0,1.0,0.0,0.0,1.0,0.0,0.0,1.0,1.0,0.0
0.2911392405063291,-1.0,-1.0,0.42046729902227664,-1.0,-0.6755229990923698,0.2755466619768592,1.0,0.0,0.0,1.0,0.0,0.0,0.0,1.0,1.0,0.0
-0.44303797468354433,-1.0,-1.0,-0.3338379252482363,-1.0,0.3216182666636316,0.255592184247051,1.0,0.0,0.0,1.0,0.0,0.0,0.0,1.0,1.0,0.0
-0.5443037974683544,-1.0,-1.0,-1.0,-1.0,-1.0,-1.0,1.0,0.0,0.0,0.0,1.0,0.0,1.0,0.0,1.0,0.0
-1.0,-1.0,-1.0,-1.0,-1.0,-1.0,-1.0,0.0,0.0,1.0,1.0,0.0,0.0,0.0,1.0,1.0,0.0
-0.4177215189873418,0.7102240786532306,0.23012515401751754,-0.013260154774867972,-1.0,-0.09057059431598824,0.5966477798835819,0.0,1.0,0.0,1.0,0.0,0.0,0.0,1.0,1.0,0.0
-0.4683544303797469,-1.0,-1.0,0.3850475822548409,-0.6786656890936953,-1.0,0.24393603290457144,1.0,0.0,0.0,1.0,0.0,0.0,1.0,0.0,1.0,0.0
-0.012658227848101333,0.8053769775474122,-0.05066957341355416,-1.0,-0.8616088449879872,0.512841049640083,0.7033709741091432,0.0,1.0,0.0,1.0,0.0,1.0,0.0,0.0,1.0,0.0
-0.2911392405063291,0.6869106911737755,-1.0,-1.0,-1.0,-0.6387653512873415,0.539118960050843,1.0,0.0,0.0,1.0,0.0,0.0,0.0,1.0,1.0,0.0
-0.5696202531645569,-1.0,-1.0,-1.0,-1.0,-1.0,-1.0,0.0,1.0,0.0,0.0,1.0,0.0,0.0,1.0,1.0,0.0
-0.5189873417721519,-1.0,-1.0,-1.0,-1.0,-1.0,-1.0,1.0,0.0,0.0,0.0,1.0,0.0,1.0,0.0,1.0,0.0
-0.5443037974683544,-1.0,-1.0,-0.42465199542280296,0.2856564383103728,-1.0,0.23181862941739362,1.0,0.0,0.0,1.0,0.0,1.0,0.0,0.0,1.0,0.0
0.139240506329114,0.4473597125475719,0.6033528008661802,-1.0,0.27785129200842396,0.6721541923472678,0.7457052183555086,0.0,1.0,0.0,1.0,0.0,1.0,0.0,0.0,0.0,1.0
-0.4177215189873418,-1.0,-1.0,-1.0,-1.0,-1.0,-1.0,0.0,0.0,1.0,0.0,1.0,0.0,0.0,1.0,1.0,0.0
-1.0,-1.0,-1.0,-1.0,-1.0,-1.0,-1.0,1.0,0.0,0.0,1.0,0.0,0.0,0.0,1.0,1.0,0.0
-0.08860759493670889,-1.0,0.6521387724096874,-0.06118020810482594,0.4625116473929647,0.2814478491248187,0.6916972983045342,0.0,1.0,0.0,1.0,0.0,1.0,0.0,0.0,1.0,0.0
-0.31645569620253167,-0.3959497317415208,-0.18669063921329143,-0.08271339656191012,0.46654787433274025,-0.4063749077027098,0.4206203920734737,1.0,0.0,0.0,1.0,0.0,0.0,0.0,1.0,1.0,0.0
-0.5443037974683544,-1.0,-1.0,-1.0,-1.0,-1.0,-1.0,1.0,0.0,0.0,0.0,1.0,0.0,0.0,1.0,1.0,0.0
-0.44303797468354433,0.42778982417589173,-1.0,-1.0,-1.0,-0.11908044178819044,0.31784993042557796,1.0,0.0,0.0,1.0,0.0,0.0,0.0,1.0,1.0,0.0
-0.6708860759493671,-1.0,-1.0,-1.0,-1.0,-1.0,-1.0,1.0,0.0,0.0,0.0,1.0,0.0,0.0,1.0,1.0,0.0
0.1898734177215189,-1.0,0.6629673545707522,-1.0,-0.03599706728108598,0.1506042005399144,0.6479319337417675,0.0,1.0,0.0,1.0,0.0,0.0,0.0,1.0,1.0,0.0
-0.16455696202531644,0.17077028839756103,0.16929117390563198,-0.852735061170152,-1.0,-0.6387653512873415,0.24588278169232924,1.0,0.0,0.0,1.0,0.0,0.0,1.0,0.0,1.0,0.0
-0.3417721518987342,-1.0,-1.0,-1.0,-1.0,-1.0,-1.0,0.0,1.0,0.0,0.0,1.0,1.0,0.0,0.0,1.0,0.0
-0.16455696202531644,-1.0,0.3312028609061646,-1.0,-0.07464746905468156,-1.0,0.32674440279051353,1.0,0.0,0.0,1.0,0.0,0.0,0.0,1.0,1.0,0.0
0.11392405063291133,0.5154371995486815,0.3228611589945529,-0.385916249737544,0.45377403289063234,0.6609090498294139,0.702817809019882,0.0,1.0,0.0,1.0,0.0,0.0,0.0,1.0,0.0,1.0
-0.5443037974683544,-0.38465038264461693,-0.7867338209790253,0.5889200122291471,-0.8616088449879872,-0.7785099892122169,0.42821232071516,1.0,0.0,0.0,1.0,0.0,0.0,0.0,1.0,1.0,0.0
0.26582278481012667,-1.0,0.5326876335478825,-1.0,0.005658982592516848,0.5057187163615993,0.6073710741862257,0.0,1.0,0.0,1.0,0.0,0.0,0.0,1.0,1.0,0.0
-0.5443037974683544,0.2804363190092234,-1.0,-0.47206071662399995,0.16142250136579173,-1.0,0.2753096940518822,1.0,0.0,0.0,1.0,0.0,0.0,0.0,1.0,1.0,0.0
-0.31645569620253167,0.07937338666668725,0.2585218163764409,-1.0,-1.0,-1.0,0.28091717686720474,1.0,0.0,0.0,1.0,0.0,0.0,0.0,1.0,1.0,0.0
-0.49367088607594933,-1.0,-0.12221574242806665,-0.7665905942836959,0.2850175378194535,-0.08403135417588359,0.27672710334034045,1.0,0.0,0.0,1.0,0.0,0.0,0.0,1.0,1.0,0.0
-0.8734177215189873,-1.0,-1.0,-1.0,-1.0,-1.0,-1.0,1.0,0.0,0.0,0.0,1.0,0.0,0.0,1.0,1.0,0.0
0.06329113924050622,-1.0,-1.0,-1.0,-1.0,-1.0,-1.0,0.0,1.0,0.0,0.0,1.0,1.0,0.0,0.0,1.0,0.0
-0.6708860759493671,0.4839860958174633,0.6323273485944958,-1.0,0.6568054487167208,-0.181378566865096,0.7514490347622176,0.0,1.0,0.0,1.0,0.0,1.0,0.0,0.0,1.0,0.0
0.620253164556962,-1.0,0.11793668188518991,-0.7665905942836959,0.3004069888591596,-1.0,0.3153678435620455,1.0,0.0,0.0,1.0,0.0,1.0,0.0,0.0,1.0,0.0
0.08860759493670889,-0.7704042582518641,0.6657922158374239,-1.0,-0.5848265349639614,-1.0,0.6362295410443335,0.0,1.0,0.0,1.0,0.0,0.0,0.0,1.0,1.0,0.0
-0.06329113924050633,0.516029231248873,-1.0,0.35370243902908904,-0.7232176899759744,-1.0,0.4491364423497124,0.0,0.0,1.0,1.0,0.0,0.0,0.0,1.0,1.0,0.0
-0.2911392405063291,-1.0,-1.0,-1.0,-1.0,-1.0,-1.0,0.0,1.0,0.0,0.0,1.0,1.0,0.0,0.0,1.0,0.0
-0.9240506329113924,-1.0,-1.0,-1.0,-1.0,-1.0,-1.0,1.0,0.0,0.0,0.0,1.0,1.0,0.0,0.0,1.0,0.0
-0.26582278481012656,0.6121744131093207,-1.0,0.0602593074572757,-1.0,-1.0,0.48268372298930173,0.0,0.0,1.0,1.0,0.0,0.0,0.0,1.0,1.0,0.0
0.36708860759493667,-1.0,-1.0,-1.0,-1.0,-1.0,-1.0,0.0,1.0,0.0,0.0,1.0,1.0,0.0,0.0,1.0,0.0
-0.36708860759493667,-1.0,-1.0,-1.0,-1.0,-1.0,-1.0,1.0,0.0,0.0,0.0,1.0,0.0,0.0,1.0,1.0,0.0
-0.31645569620253167,-1.0,-1.0,-1.0,-1.0,-1.0,-1.0,0.0,1.0,0.0,0.0,1.0,1.0,0.0,0.0,1.0,0.0
-0.189873417721519,-1.0,0.29593244585275613,-1.0,-0.8616088449879872,0.4510669966707612,0.46095718013160547,0.0,1.0,0.0,1.0,0.0,0.0,0.0,1.0,0.0,1.0
0.03797468354430378,-0.8551412152377926,0.32540152120418675,-0.658061401139107,-0.19631344477175017,-0.4410214483004983,0.3165174390321084,1.0,0.0,0.0,1.0,0.0,0.0,0.0,1.0,1.0,0.0
-0.08860759493670889,-1.0,-1.0,-1.0,-1.0,-1.0,-1.0,0.0,0.0,1.0,0.0,1.0,0.0,0.0,1.0,1.0,0.0
-0.5189873417721519,0.10091413861792087,-1.0,0.697952746756771,-1.0,-1.0,0.535640675793039,0.0,0.0,1.0,1.0,0.0,0.0,0.0,1.0,1.0,0.0
-0.7468354430379747,-1.0,-1.0,-1.0,-1.0,-1.0,-1.0,1.0,0.0,0.0,1.0,0.0,0.0,0.0,1.0,1.0,0.0
-0.5443037974683544,-1.0,-1.0,-1.0,-1.0,-1.0,-1.0,1.0,0.0,0.0,0.0,1.0,0.0,1.0,0.0,1.0,0.0
-0.03797468354430378,-0.28234114300394575,0.17936586696232348,0.013572007651950324,0.18228004090950112,-1.0,0.3079215265014559,0.0,0.0,1.0,1.0,0.0,0.0,0.0,1.0,1.0,0.0
-0.21518987341772156,0.4427937761086196,-0.5963320666755103,0.5088106925647269,-1.0,0.31726995512985945,0.5200733841402396,1.0,0.0,0.0,1.0,0.0,1.0,0.0,0.0,1.0,0.0
-0.4177215189873418,0.4459177064786801,-1.0,-0.25079509588414395,-0.5212452626117072,-1.0,0.3269253621501833,1.0,0.0,0.0,1.0,0.0,0.0,0.0,1.0,1.0,0.0
0.3924050632911391,0.6287587181169347,-1.0,-0.852735061170152,-1.0,0.13959210399270372,0.5069580589705946,0.0,0.0,1.0,1.0,0.0,0.0,0.0,1.0,1.0,0.0
0.012658227848101333,-1.0,-1.0,-1.0,-1.0,-1.0,-1.0,0.0,1.0,0.0,0.0,1.0,0.0,0.0,1.0,1.0,0.0
-0.1392405063291139,0.5857555398235368,-1.0,-0.025885159429180238,-0.25375096367024685,-0.7205107241502491,0.4596994143085147,0.0,0.0,1.0,1.0,0.0,0.0,0.0,1.0,1.0,0.0
-0.3417721518987342,0.33547754839214616,-0.13757813564685917,-1.0,-1.0,-0.015583694390131297,0.27696231702976926,1.0,0.0,0.0,1.0,0.0,1.0,0.0,0.0,1.0,0.0
0.012658227848101333,-1.0,-1.0,-1.0,-1.0,-1.0,-1.0,0.0,1.0,0.0,0.0,1.0,0.0,0.0,1.0,1.0,0.0
-0.31645569620253167,-1.0,-0.07226105427883389,-1.0,-0.6422640538624581,0.31071783386678287,0.2717193681429104,1.0,0.0,0.0,1.0,0.0,0.0,0.0,1.0,1.0,0.0
-0.16455696202531644,-0.1866599551890682,-0.11598665478157943,0.408463889602271,0.14469732207084762,-1.0,0.35276584570863,1.0,0.0,0.0,1.0,0.0,0.0,0.0,1.0,1.0,0.0
-0.4683544303797469,-1.0,-1.0,-1.0,-1.0,-1.0,-1.0,0.0,1.0,0.0,0.0,1.0,0.0,0.0,1.0,1.0,0.0
-0.5189873417721519,-1.0,0.4102529733613036,-1.0,-0.8616088449879872,-0.3960337232426189,0.3876027062361589,1.0,0.0,0.0,1.0,0.0,0.0,0.0,1.0,1.0,0.0
-0.6455696202531646,-0.6255454734896567,-1.0,0.3116726987264371,0.1374602247851353,-0.5357783611674942,0.27220200301106146,1.0,0.0,0.0,1.0,0.0,0.0,0.0,1.0,1.0,0.0
0.31645569620253156,-1.0,-1.0,0.3724609448054992,-0.05091608903386202,-1.0,0.2630692473235283,1.0,0.0,0.0,1.0,0.0,1.0,0.0,0.0,1.0,0.0
-0.44303797468354433,0.009055046391831967,-1.0,0.5881985908332759,-1.0,0.39566659322721565,0.5200077025991598,0.0,0.0,1.0,1.0,0.0,1.0,0.0,0.0,1.0,0.0
0.16455696202531644,-1.0,-0.10798043796714663,0.6230039365477109,-1.0,-1.0,0.46511999897487954,1.0,0.0,0.0,1.0,0.0,0.0,0.0,1.0,1.0,0.0
-1.0,-1.0,-1.0,-1.0,-1.0,-1.0,-1.0,1.0,0.0,0.0,0.0,1.0,0.0,0.0,1.0,1.0,0.0
-0.6455696202531646,-1.0,-1.0,-1.0,-1.0,-1.0,-1.0,0.0,1.0,0.0,0.0,1.0,1.0,0.0,0.0,1.0,0.0
0.240506329113924,0.20874456491694504,0.0910504365929079,-1.0,-1.0,-1.0,0.21951496243606505,1.0,0.0,0.0,1.0,0.0,0.0,0.0,1.0,1.0,0.0
-0.2911392405063291,-0.1824378509765714,-1.0,-1.0,-0.7806552088744709,0.4185501307969193,0.3497410033357169,0.0,0.0,1.0,1.0,0.0,1.0,0.0,0.0,1.0,0.0
-0.16455696202531644,-1.0,0.2686422218514901,-0.7665905942836959,-1.0,0.2211015389748221,0.3379928290088232,1.0,0.0,0.0,1.0,0.0,0.0,1.0,0.0,1.0,0.0
0.03797468354430378,-1.0,-0.0755513574867599,0.9713079009169676,0.8218631913285566,-0.5165629810276651,0.8881313894053837,0.0,1.0,0.0,1.0,0.0,0.0,0.0,1.0,1.0,0.0
-0.4177215189873418,-1.0,-0.02221043173582371,-0.47206071662399995,0.2922442800822116,-1.0,0.27696231702976926,1.0,0.0,0.0,1.0,0.0,0.0,0.0,1.0,1.0,0.0
-0.11392405063291144,0.48672470405337553,-1.0,-1.0,-1.0,-1.0,0.3562093668882307,0.0,0.0,1.0,1.0,0.0,0.0,0.0,1.0,1.0,0.0
-0.11392405063291144,-1.0,-1.0,-1.0,-1.0,-1.0,-1.0,0.0,1.0,0.0,0.0,1.0,1.0,0.0,0.0,1.0,0.0
0.03797468354430378,-1.0,-1.0,-1.0,-1.0,-1.0,-1.0,0.0,1.0,0.0,0.0,1.0,1.0,0.0,0.0,0.0,1.0
-0.9240506329113924,-1.0,-1.0,-1.0,-1.0,-1.0,-1.0,1.0,0.0,0.0,0.0,1.0,0.0,0.0,1.0,1.0,0.0
-0.5189873417721519,-1.0,-1.0,-1.0,-1.0,-1.0,-1.0,0.0,0.0,1.0,0.0,1.0,0.0,0.0,1.0,1.0,0.0
-0.189873417721519,-1.0,0.2012858930445678,-1.0,0.08574642978544778,-0.33552996763665077,0.26001077523741456,1.0,0.0,0.0,1.0,0.0,0.0,1.0,0.0,1.0,0.0
-1.0,-1.0,-1.0,-1.0,-1.0,-1.0,-1.0,0.0,0.0,1.0,1.0,0.0,0.0,0.0,1.0,1.0,0.0
-0.2911392405063291,-1.0,-1.0,-1.0,-1.0,-1.0,-1.0,1.0,0.0,0.0,0.0,1.0,0.0,1.0,0.0,1.0,0.0
-0.3417721518987342,-1.0,-0.687570694869583,0.25172928462444366,-1.0,-0.3960337232426189,0.13493030445735177,1.0,0.0,0.0,1.0,0.0,0.0,0.0,1.0,1.0,0.0
-0.11392405063291144,0.4877425001417175,-0.3043556864083907,-0.558205183510456,-1.0,-1.0,0.3635133345862065,0.0,0.0,1.0,1.0,0.0,0.0,0.0,1.0,0.0,1.0
-0.26582278481012656,0.12814610059992715,0.36485284630319703,-1.0,-0.5848265349639614,0.3827477256660943,0.47642998581939344,0.0,1.0,0.0,1.0,0.0,0.0,0.0,1.0,1.0,0.0
0.3924050632911391,-1.0,0.37699470178214045,-1.0,-1.0,0.2303301017984265,0.41236723912163487,1.0,0.0,0.0,1.0,0.0,0.0,1.0,0.0,1.0,0.0
-0.189873417721519,-1.0,0.1683488262208408,-0.5865750491295142,0.6524337899146726,0.33865803726510757,0.6278720512788423,0.0,1.0,0.0,1.0,0.0,0.0,0.0,1.0,1.0,0.0
-0.012658227848101333,-1.0,-1.0,-1.0,-1.0,-1.0,-1.0,0.0,1.0,0.0,0.0,1.0,0.0,0.0,1.0,1.0,0.0
-0.08860759493670889,-1.0,-1.0,-1.0,-1.0,-1.0,-1.0,1.0,0.0,0.0,0.0,1.0,0.0,0.0,1.0,1.0,0.0
-0.31645569620253167,-1.0,-1.0,-1.0,-1.0,-1.0,-1.0,1.0,0.0,0.0,0.0,1.0,0.0,0.0,1.0,1.0,0.0
0.16455696202531644,-1.0,0.582922203134066,-1.0,-0.8616088449879872,0.737963751432084,0.7362449120282375,0.0,1.0,0.0,1.0,0.0,0.0,0.0,1.0,1.0,0.0
0.240506329113924,-1.0,-1.0,-1.0,-1.0,-1.0,-1.0,0.0,1.0,0.0,0.0,1.0,1.0,0.0,0.0,1.0,0.0
-0.08860759493670889,-1.0,0.33564246326015024,-1.0,0.3336236116542357,0.2814478491248187,0.4792167004510377,0.0,1.0,0.0,1.0,0.0,0.0,0.0,1.0,1.0,0.0
-0.36708860759493667,-1.0,-1.0,-1.0,-1.0,-1.0,-1.0,1.0,0.0,0.0,0.0,1.0,0.0,0.0,1.0,1.0,0.0
-0.6708860759493671,0.42438049815234846,-0.8654440222251701,-1.0,-0.13798658706186173,-1.0,0.3144045233157535,1.0,0.0,0.0,1.0,0.0,0.0,0.0,1.0,1.0,0.0
-0.21518987341772156,-1.0,-1.0,-1.0,-1.0,-1.0,-1.0,1.0,0.0,0.0,0.0,1.0,0.0,0.0,1.0,1.0,0.0
0.139240506329114,-1.0,-1.0,0.6847624604961151,0.5084790981558245,-1.0,0.6114807541562268,1.0,0.0,0.0,1.0,0.0,0.0,0.0,1.0,1.0,0.0
-0.5949367088607596,0.5970883188253997,-1.0,-0.4905470142953362,-1.0,-1.0,0.4577970682343184,1.0,0.0,0.0,1.0,0.0,0.0,0.0,1.0,1.0,0.0
-0.31645569620253167,-1.0,-1.0,-1.0,-1.0,-1.0,-1.0,1.0,0.0,0.0,0.0,1.0,0.0,0.0,1.0,1.0,0.0
-0.3924050632911392,0.393573353068309,-1.0,-1.0,0.14534241546900972,-1.0,0.3343745965030003,1.0,0.0,0.0,1.0,0.0,1.0,0.0,0.0,1.0,0.0
0.03797468354430378,0.20088205582245466,-0.12648235905280358,-0.191242589706499,-1.0,0.11558054665226347,0.24835688424629865,1.0,0.0,0.0,1.0,0.0,1.0,0.0,0.0,1.0,0.0
-0.49367088607594933,0.3175481596515286,-1.0,0.15443986632880935,-1.0,-1.0,0.26830627263791507,1.0,0.0,0.0,1.0,0.0,0.0,0.0,1.0,1.0,0.0
-0.16455696202531644,-1.0,-1.0,-1.0,-1.0,-1.0,-1.0,1.0,0.0,0.0,0.0,1.0,0.0,1.0,0.0,1.0,0.0
-0.2405063291139241,-0.004767315848004383,-1.0,-1.0,0.3160687467531744,-0.31428835037971126,0.2912245882145654,1.0,0.0,0.0,1.0,0.0,0.0,0.0,1.0,1.0,0.0
-0.49367088607594933,-1.0,-1.0,-1.0,-1.0,-1.0,-1.0,1.0,0.0,0.0,0.0,1.0,0.0,0.0,1.0,1.0,0.0
-0.4177215189873418,-0.4205648609511705,-0.8654440222251701,0.41427744623910834,-0.7232176899759744,-0.7205107241502491,0.27435886579108937,1.0,0.0,0.0,1.0,0.0,0.0,0.0,1.0,1.0,0.0
-0.1392405063291139,0.4890918965999915,0.1837779487432547,-1.0,-0.37397903613286987,-1.0,0.41906503997575784,1.0,0.0,0.0,1.0,0.0,0.0,0.0,1.0,1.0,0.0
0.2911392405063291,-1.0,0.1091683353142423,-1.0,0.44173864227986215,0.3119250763730277,0.4788909580888334,0.0,1.0,0.0,1.0,0.0,0.0,0.0,1.0,1.0,0.0
-0.44303797468354433,-1.0,-1.0,-1.0,-1.0,-1.0,-1.0,1.0,0.0,0.0,0.0,1.0,0.0,0.0,1.0,1.0,0.0
-0.620253164556962,-0.5933299775945341,0.44858935554685697,0.6336714590335546,-1.0,-1.0,0.5778659437117541,1.0,0.0,0.0,1.0,0.0,1.0,0.0,0.0,1.0,0.0
-0.5696202531645569,-1.0,-1.0,-1.0,-1.0,-1.0,-1.0,0.0,1.0,0.0,0.0,1.0,1.0,0.0,0.0,1.0,0.0
0.6962025316455696,-0.3112127747555923,0.30004999898914586,-1.0,-0.2634922240576568,-0.33552996763665077,0.29702480812812015,1.0,0.0,0.0,1.0,0.0,0.0,0.0,1.0,1.0,0.0
0.620253164556962,0.2858414578005455,0.2719940733293855,-0.7665905942836959,-0.8616088449879872,-1.0,0.34731859881036686,1.0,0.0,0.0,1.0,0.0,0.0,0.0,1.0,1.0,0.0
-0.012658227848101333,0.6053466426841834,-0.3333832713674393,0.5498959918769382,-1.0,-1.0,0.5647685131769515,0.0,1.0,0.0,1.0,0.0,0.0,0.0,1.0,1.0,0.0
-0.11392405063291144,-0.0595980496109102,-1.0,-1.0,0.25835716297562605,-1.0,0.2303234008026842,1.0,0.0,0.0,1.0,0.0,0.0,0.0,1.0,1.0,0.0
0.012658227848101333,0.39383873348543696,-1.0,-0.04635151241033164,-1.0,-1.0,0.29166033850964634,0.0,0.0,1.0,1.0,0.0,0.0,0.0,1.0,1.0,0.0
-0.3417721518987342,-1.0,-1.0,-1.0,-1.0,-1.0,-1.0,0.0,1.0,0.0,0.0,1.0,0.0,0.0,1.0,1.0,0.0
-0.3924050632911392,-1.0,0.31920443578786273,-1.0,-0.6786656890936953,-0.5570199784244338,0.2980798228355881,1.0,0.0,0.0,1.0,0.0,1.0,0.0,0.0,1.0,0.0
0.5696202531645569,0.416440370295625,-0.46177608890068045,-1.0,-1.0,-0.8602553620751245,0.29553790956252945,1.0,0.0,0.0,1.0,0.0,0.0,0.0,1.0,1.0,0.0
-0.3417721518987342,0.2531808348992184,-1.0,0.3900031047976056,-0.17279732755673072,-1.0,0.34470031667833156,1.0,0.0,0.0,1.0,0.0,0.0,0.0,1.0,1.0,0.0
-0.620253164556962,-0.1866599551890682,-0.6222536135015577,-1.0,0.3699834384394949,-1.0,0.3186071932727055,1.0,0.0,0.0,1.0,0.0,0.0,0.0,1.0,1.0,0.0
-0.21518987341772156,-1.0,0.245636872814333,-0.7665905942836959,-0.6786656890936953,-0.36785647232007146,0.23181862941739362,1.0,0.0,0.0,1.0,0.0,1.0,0.0,0.0,1.0,0.0
-0.5443037974683544,-1.0,-1.0,-0.558205183510456,0.3130331408499871,-1.0,0.255592184247051,1.0,0.0,0.0,1.0,0.0,0.0,0.0,1.0,1.0,0.0
-0.6708860759493671,-0.40789510005579643,-1.0,-0.0487521978057921,0.25799115694638375,-1.0,0.23418686696664492,1.0,0.0,0.0,1.0,0.0,0.0,1.0,0.0,1.0,0.0
-0.03797468354430378,-1.0,-1.0,-1.0,-1.0,-1.0,-1.0,1.0,0.0,0.0,0.0,1.0,1.0,0.0,0.0,1.0,0.0
-0.31645569620253167,-1.0,-1.0,-1.0,-1.0,-1.0,-1.0,1.0,0.0,0.0,1.0,0.0,0.0,1.0,0.0,1.0,0.0
0.11392405063291133,-0.5187895331071819,0.5036530517699374,-1.0,0.2881917896243922,-0.8602553620751245,0.5234580120979677,0.0,1.0,0.0,1.0,0.0,1.0,0.0,0.0,1.0,0.0
-0.4177215189873418,-1.0,-1.0,-1.0,-1.0,-1.0,-1.0,1.0,0.0,0.0,0.0,1.0,0.0,1.0,0.0,1.0,0.0
-1.0,-1.0,-1.0,-1.0,-1.0,-1.0,-1.0,0.0,0.0,1.0,1.0,0.0,0.0,0.0,1.0,1.0,0.0
-0.2405063291139241,-1.0,-1.0,-0.17753083896430388,0.30910166746036993,-0.6755229990923698,0.263321918892786,1.0,0.0,0.0,1.0,0.0,0.0,0.0,1.0,1.0,0.0
0.3417721518987342,-1.0,-1.0,-1.0,-1.0,-1.0,-1.0,0.0,0.0,1.0,1.0,0.0,0.0,0.0,1.0,1.0,0.0
-0.31645569620253167,-1.0,-1.0,-1.0,-1.0,-1.0,-1.0,0.0,0.0,1.0,0.0,1.0,1.0,0.0,0.0,1.0,0.0
-0.06329113924050633,-1.0,-1.0,-1.0,-1.0,-1.0,-1.0,1.0,0.0,0.0,1.0,0.0,0.0,0.0,1.0,1.0,0.0
-0.49367088607594933,0.6353749321569362,-1.0,-0.02806423901298427,-1.0,-1.0,0.49898510784718453,0.0,0.0,1.0,1.0,0.0,0.0,0.0,1.0,1.0,0.0
-0.2911392405063291,-1.0,-1.0,-1.0,-1.0,-1.0,-1.0,1.0,0.0,0.0,0.0,1.0,0.0,0.0,1.0,1.0,0.0
-0.7215189873417722,-1.0,-1.0,-1.0,-1.0,-1.0,-1.0,0.0,0.0,1.0,0.0,1.0,0.0,0.0,1.0,1.0,0.0
0.3924050632911391,0.23976242400780268,-1.0,0.4353198353066934,-1.0,-0.3012768103756228,0.36186405384583953,0.0,0.0,1.0,1.0,0.0,0.0,0.0,1.0,1.0,0.0
-0.2405063291139241,-1.0,-1.0,-1.0,-1.0,-1.0,-1.0,1.0,0.0,0.0,0.0,1.0,0.0,0.0,1.0,1.0,0.0
-0.26582278481012656,-1.0,-1.0,-1.0,-1.0,-1.0,-1.0,0.0,1.0,0.0,0.0,1.0,0.0,1.0,0.0,1.0,0.0
-0.1392405063291139,-1.0,-1.0,-1.0,-1.0,-1.0,-1.0,1.0,0.0,0.0,0.0,1.0,0.0,0.0,1.0,1.0,0.0
-0.012658227848101333,-1.0,0.08094508685068047,-1.0,0.5000499316453211,0.5109438027386717,0.5758671356008842,0.0,1.0,0.0,1.0,0.0,0.0,0.0,1.0,1.0,0.0
0.49367088607594933,0.28180076596958403,-0.04071235282148089,-1.0,-0.8616088449879872,-1.0,0.2198324324030163,1.0,0.0,0.0,1.0,0.0,1.0,0.0,0.0,1.0,0.0
-0.44303797468354433,-1.0,-1.0,-1.0,-1.0,-1.0,-1.0,1.0,0.0,0.0,0.0,1.0,0.0,0.0,1.0,1.0,0.0
-0.5949367088607596,-1.0,-1.0,-1.0,-1.0,-1.0,-1.0,0.0,1.0,0.0,0.0,1.0,0.0,0.0,1.0,1.0,0.0
-0.620253164556962,-1.0,0.24531941854594486,0.18785213122886213,-1.0,-1.0,0.29209509507457176,1.0,0.0,0.0,1.0,0.0,0.0,0.0,1.0,1.0,0.0
0.08860759493670889,-0.5933299775945341,-0.3675277377538795,-1.0,0.710289995185919,-1.0,0.6341832887932655,1.0,0.0,0.0,1.0,0.0,0.0,1.0,0.0,1.0,0.0
0.4683544303797469,-1.0,-1.0,-1.0,-1.0,-1.0,-1.0,1.0,0.0,0.0,0.0,1.0,0.0,0.0,1.0,1.0,0.0
-0.16455696202531644,-1.0,0.5641857189956736,-1.0,-0.02511816146215251,-1.0,0.5438727524151696,0.0,1.0,0.0,1.0,0.0,0.0,0.0,1.0,1.0,0.0
0.06329113924050622,-1.0,-1.0,-1.0,-1.0,-1.0,-1.0,0.0,1.0,0.0,0.0,1.0,1.0,0.0,0.0,1.0,0.0
-0.5443037974683544,-1.0,-1.0,-1.0,-1.0,-1.0,-1.0,1.0,0.0,0.0,0.0,1.0,1.0,0.0,0.0,1.0,0.0
0.4177215189873418,0.5000635756140899,-1.0,-0.0973715114387731,-0.8616088449879872,-1.0,0.3783013165959246,1.0,0.0,0.0,1.0,0.0,0.0,1.0,0.0,1.0,0.0
-0.08860759493670889,-1.0,-1.0,-1.0,-1.0,-1.0,-1.0,0.0,1.0,0.0,0.0,1.0,0.0,0.0,1.0,1.0,0.0
-0.5443037974683544,-0.6636483178693894,0.3974798703531539,-1.0,-1.0,0.050278752653048375,0.39722334841700824,0.0,1.0,0.0,1.0,0.0,0.0,0.0,1.0,1.0,0.0
-0.11392405063291144,-1.0,-1.0,-1.0,-1.0,-1.0,-1.0,1.0,0.0,0.0,0.0,1.0,0.0,0.0,1.0,1.0,0.0
-0.3924050632911392,-1.0,-1.0,-1.0,0.3093850688323523,-1.0,0.25025923032049513,1.0,0.0,0.0,1.0,0.0,1.0,0.0,0.0,1.0,0.0
-0.3924050632911392,0.428689662166315,0.2694856261116698,0.43031469460301786,-1.0,-1.0,0.48850646601449643,1.0,0.0,0.0,1.0,0.0,1.0,0.0,0.0,1.0,0.0
-0.8481012658227848,-1.0,-1.0,-1.0,-1.0,-1.0,-1.0,1.0,0.0,0.0,1.0,0.0,0.0,0.0,1.0,1.0,0.0
-0.620253164556962,0.8078058031466346,-1.0,0.6637241003193219,-1.0,0.45628066834134007,0.7480434161779324,0.0,0.0,1.0,1.0,0.0,0.0,0.0,1.0,1.0,0.0
-0.4177215189873418,-1.0,-1.0,-1.0,-1.0,-1.0,-1.0,1.0,0.0,0.0,0.0,1.0,1.0,0.0,0.0,1.0,0.0
-0.5189873417721519,-1.0,0.39892532187039653,-1.0,0.49170420985202434,-0.26663026977783433,0.5350952085508163,0.0,1.0,0.0,1.0,0.0,1.0,0.0,0.0,1.0,0.0
-0.3924050632911392,-1.0,-1.0,-1.0,-1.0,-1.0,-1.0,0.0,0.0,1.0,0.0,1.0,0.0,0.0,1.0,1.0,0.0
-0.26582278481012656,0.4190423932175298,-1.0,-0.852735061170152,-1.0,-1.0,0.2946830172281585,1.0,0.0,0.0,1.0,0.0,0.0,0.0,1.0,1.0,0.0
-0.21518987341772156,-1.0,-0.8654440222251701,-1.0,-0.4343312963306818,0.3584714863576859,0.28836767166671073,1.0,0.0,0.0,1.0,0.0,0.0,0.0,1.0,1.0,0.0
-0.11392405063291144,-1.0,-1.0,-1.0,-1.0,-1.0,-1.0,0.0,1.0,0.0,0.0,1.0,0.0,1.0,0.0,1.0,0.0
-0.6455696202531646,-1.0,-1.0,-1.0,-1.0,-1.0,-1.0,1.0,0.0,0.0,0.0,1.0,0.0,1.0,0.0,1.0,0.0
1.0,0.3406721915634512,-1.0,-1.0,0.0588378805988663,-0.6387653512873415,0.2781340519483333,1.0,0.0,0.0,1.0,0.0,0.0,0.0,1.0,1.0,0.0
-0.5443037974683544,0.593548651937396,-1.0,-0.7665905942836959,0.3464934525291443,-1.0,0.5198105220908751,0.0,0.0,1.0,1.0,0.0,0.0,0.0,1.0,1.0,0.0
0.5189873417721518,-1.0,0.6887456489414467,-1.0,0.6921522593717466,-0.5570199784244338,0.7705550251804492,0.0,1.0,0.0,1.0,0.0,0.0,0.0,1.0,1.0,0.0
-0.06329113924050633,-1.0,-0.534512796009096,0.33865484943830326,-0.5402745340816825,0.1499332884527944,0.2888099936078252,1.0,0.0,0.0,1.0,0.0,0.0,1.0,0.0,1.0,0.0
0.08860759493670889,-1.0,-1.0,-1.0,-1.0,-1.0,-1.0,1.0,0.0,0.0,0.0,1.0,0.0,0.0,1.0,1.0,0.0
-0.11392405063291144,0.320205614809973,0.041660659766772135,0.584554275118168,-1.0,-0.6076872028904432,0.49203837165239883,1.0,0.0,0.0,1.0,0.0,0.0,0.0,1.0,1.0,0.0
-0.4683544303797469,-1.0,-1.0,-1.0,-1.0,0.34565095432252724,0.2724428630192193,1.0,0.0,0.0,1.0,0.0,0.0,0.0,1.0,1.0,0.0
-0.26582278481012656,0.32208331881986685,-1.0,0.26591735860837273,0.1729665390853703,-1.0,0.3669164016149582,0.0,0.0,1.0,1.0,0.0,0.0,0.0,1.0,1.0,0.0
-0.5443037974683544,0.11945716578703025,0.24016825085158322,-0.7665905942836959,0.2383748766506515,-0.16470718131487705,0.37593825942930725,1.0,0.0,0.0,1.0,0.0,0.0,0.0,1.0,1.0,0.0
-0.5696202531645569,-1.0,0.29172565903363545,-1.0,-0.47309575479577604,-1.0,0.2717193681429104,1.0,0.0,0.0,1.0,0.0,0.0,0.0,1.0,1.0,0.0
-0.2911392405063291,-0.2239115273106964,0.767768404679446,-1.0,-0.057922289759737455,0.27286745224233777,0.7503532832511297,0.0,1.0,0.0,1.0,0.0,0.0,0.0,1.0,1.0,0.0
-0.4177215189873418,-1.0,-1.0,-1.0,-1.0,-1.0,-1.0,0.0,1.0,0.0,0.0,1.0,0.0,0.0,1.0,1.0,0.0
0.3924050632911391,-1.0,0.425152645466786,-1.0,0.4981885768084191,0.4834773199626836,0.6208421518266873,0.0,1.0,0.0,1.0,0.0,0.0,0.0,1.0,1.0,0.0
-0.012658227848101333,-1.0,-1.0,-1.0,-1.0,-1.0,-1.0,0.0,1.0,0.0,0.0,1.0,0.0,0.0,1.0,1.0,0.0
-0.2911392405063291,0.3548854828441499,-1.0,-1.0,-1.0,-0.3861971921026601,0.24168655935896544,1.0,0.0,0.0,1.0,0.0,0.0,0.0,1.0,1.0,0.0
-0.012658227848101333,0.2557641440641556,-1.0,0.4375342451303639,-1.0,-1.0,0.36306494393395305,0.0,0.0,1.0,1.0,0.0,0.0,0.0,1.0,1.0,0.0
-0.012658227848101333,0.10517932850223399,-1.0,0.6537882725221336,-1.0,-1.0,0.49898510784718453,0.0,0.0,1.0,1.0,0.0,0.0,0.0,1.0,1.0,0.0
0.03797468354430378,-1.0,0.5677790047335756,-1.0,0.21252119475491638,0.2600506094007735,0.588980772582393,0.0,1.0,0.0,1.0,0.0,0.0,0.0,1.0,1.0,0.0
-0.2911392405063291,0.5883856657833662,-1.0,-0.43931011029966616,-0.10607179757566865,-1.0,0.45825173258313723,0.0,0.0,1.0,1.0,0.0,0.0,0.0,1.0,1.0,0.0
-0.7468354430379747,-1.0,-1.0,-1.0,-1.0,-1.0,-1.0,0.0,0.0,1.0,1.0,0.0,0.0,0.0,1.0,1.0,0.0
-0.620253164556962,-1.0,-1.0,-1.0,-1.0,-1.0,-1.0,0.0,1.0,0.0,0.0,1.0,1.0,0.0,0.0,1.0,0.0
-0.36708860759493667,0.3069692370729564,-1.0,0.2009187899980951,-1.0,-1.0,0.2753096940518822,0.0,0.0,1.0,1.0,0.0,0.0,0.0,1.0,1.0,0.0
-0.44303797468354433,0.13096394621650265,-1.0,0.3697842681801691,-0.45932089796816633,-1.0,0.2899113292594777,0.0,0.0,1.0,1.0,0.0,0.0,0.0,1.0,1.0,0.0
-0.08860759493670889,-1.0,-1.0,-1.0,-1.0,-1.0,-1.0,1.0,0.0,0.0,0.0,1.0,0.0,0.0,1.0,1.0,0.0
-0.03797468354430378,-1.0,0.521374838214782,-1.0,0.0627721208623262,-1.0,0.5088480315343451,1.0,0.0,0.0,1.0,0.0,0.0,0.0,1.0,1.0,0.0
-0.3417721518987342,0.35868535207887997,-0.15676640951065357,-1.0,0.4573150957369596,-1.0,0.4689364091935013,0.0,0.0,1.0,1.0,0.0,0.0,0.0,1.0,1.0,0.0
-0.49367088607594933,-1.0,-1.0,-1.0,-1.0,-1.0,-1.0,0.0,0.0,1.0,0.0,1.0,0.0,0.0,1.0,1.0,0.0
-0.6708860759493671,0.3865524559823694,-0.7867338209790253,-0.7665905942836959,-1.0,-1.0,0.26583038496700495,0.0,0.0,1.0,1.0,0.0,0.0,0.0,1.0,1.0,0.0
-0.3924050632911392,-1.0,-1.0,-1.0,-1.0,-1.0,-1.0,0.0,1.0,0.0,0.0,1.0,1.0,0.0,0.0,1.0,0.0
-0.3417721518987342,0.5461225820773061,-1.0,-0.06636237713478388,-0.5848265349639614,-1.0,0.4202881689203908,0.0,0.0,1.0,1.0,0.0,0.0,0.0,1.0,1.0,0.0
-0.2911392405063291,0.6338665988624101,-0.04491735280013376,-0.20090145282423522,-1.0,-1.0,0.5036227378881948,0.0,0.0,1.0,1.0,0.0,1.0,0.0,0.0,1.0,0.0
-0.36708860759493667,-1.0,0.1980705277445889,-0.09138637207784794,-0.5038728988504453,0.026945355121360093,0.2550655522240399,1.0,0.0,0.0,1.0,0.0,0.0,0.0,1.0,1.0,0.0
-0.5696202531645569,-1.0,-1.0,-1.0,-1.0,-1.0,-1.0,1.0,0.0,0.0,1.0,0.0,0.0,1.0,0.0,1.0,0.0
-0.2405063291139241,0.4108927829822655,-1.0,-0.270420583399818,-1.0,-1.0,0.2936089824375072,1.0,0.0,0.0,1.0,0.0,0.0,0.0,1.0,1.0,0.0
-0.7468354430379747,-1.0,-1.0,-1.0,-1.0,-1.0,-1.0,1.0,0.0,0.0,1.0,0.0,0.0,0.0,1.0,1.0,0.0
-0.2911392405063291,-1.0,-1.0,-1.0,-1.0,-1.0,-1.0,0.0,1.0,0.0,0.0,1.0,0.0,0.0,1.0,1.0,0.0
-0.5949367088607596,-1.0,-1.0,-1.0,-1.0,-1.0,-1.0,1.0,0.0,0.0,0.0,1.0,0.0,0.0,1.0,1.0,0.0
0.03797468354430378,-0.2891937913590461,-1.0,0.48708607699902484,-1.0,-0.6755229990923698,0.3400299704349561,0.0,0.0,1.0,1.0,0.0,0.0,0.0,1.0,1.0,0.0
-0.5949367088607596,-1.0,-1.0,-1.0,-1.0,-1.0,-1.0,1.0,0.0,0.0,0.0,1.0,0.0,1.0,0.0,1.0,0.0
-0.8734177215189873,-1.0,-1.0,-1.0,-1.0,-1.0,-1.0,0.0,0.0,1.0,0.0,1.0,0.0,0.0,1.0,1.0,0.0
-0.189873417721519,0.2510909469793132,-1.0,-0.558205183510456,0.040106381343727016,-0.6387653512873415,0.2169559888317858,1.0,0.0,0.0,1.0,0.0,0.0,1.0,0.0,1.0,0.0
-0.4177215189873418,-1.0,-1.0,-1.0,-1.0,-1.0,-1.0,1.0,0.0,0.0,0.0,1.0,0.0,1.0,0.0,1.0,0.0
-0.11392405063291144,-1.0,-1.0,-1.0,-1.0,-1.0,-1.0,0.0,0.0,1.0,1.0,0.0,0.0,0.0,1.0,1.0,0.0
-0.5189873417721519,-1.0,-1.0,-1.0,-1.0,-1.0,-1.0,0.0,0.0,1.0,0.0,1.0,0.0,0.0,1.0,1.0,0.0
-0.189873417721519,0.4471543198525083,-1.0,0.21740781423484545,-0.6422640538624581,-1.0,0.3711224143309204,0.0,0.0,1.0,1.0,0.0,0.0,0.0,1.0,1.0,0.0
-0.4177215189873418,-1.0,0.22665857543597356,-1.0,0.13879572296216414,-1.0,0.2868114126480812,1.0,0.0,0.0,1.0,0.0,0.0,0.0,1.0,1.0,0.0
-0.49367088607594933,-1.0,-1.0,-1.0,-1.0,-1.0,-1.0,1.0,0.0,0.0,0.0,1.0,0.0,0.0,1.0,1.0,0.0
-0.189873417721519,-1.0,-0.2084552125928104,-1.0,-1.0,0.30363230003830743,0.24917450095814808,1.0,0.0,0.0,1.0,0.0,0.0,1.0,0.0,1.0,0.0
-0.9493670886075949,-1.0,-1.0,-1.0,-1.0,-1.0,-1.0,1.0,0.0,0.0,1.0,0.0,0.0,1.0,0.0,1.0,0.0
-0.49367088607594933,0.514992072542477,-1.0,-1.0,-0.5038728988504453,-1.0,0.383479866238857,0.0,0.0,1.0,1.0,0.0,0.0,0.0,1.0,1.0,0.0
-0.2405063291139241,-1.0,-1.0,-1.0,-1.0,-1.0,-1.0,0.0,0.0,1.0,0.0,1.0,0.0,0.0,1.0,1.0,0.0
-0.44303797468354433,-1.0,0.2358798825049504,0.15257618422973618,-0.13798658706186173,-1.0,0.29296164507155775,1.0,0.0,0.0,1.0,0.0,0.0,0.0,1.0,1.0,0.0
-0.08860759493670889,-1.0,-1.0,-1.0,-1.0,-1.0,-1.0,0.0,0.0,1.0,0.0,1.0,0.0,0.0,1.0,1.0,0.0
-0.8481012658227848,-1.0,-1.0,-1.0,-1.0,-1.0,-1.0,1.0,0.0,0.0,1.0,0.0,0.0,0.0,1.0,1.0,0.0
0.08860759493670889,-1.0,-1.0,-1.0,-1.0,-1.0,-1.0,1.0,0.0,0.0,0.0,1.0,0.0,1.0,0.0,1.0,0.0
-0.3924050632911392,0.47945786590709893,-1.0,0.26315453167805947,-0.7232176899759744,0.04011144392268706,0.4229298833076711,1.0,0.0,0.0,1.0,0.0,0.0,0.0,1.0,1.0,0.0
-0.4177215189873418,0.3536033496791524,-1.0,0.36707343846015417,-1.0,-1.0,0.3627654298564802,0.0,0.0,1.0,1.0,0.0,0.0,0.0,1.0,1.0,0.0
-0.3417721518987342,-1.0,-1.0,-1.0,-1.0,-1.0,-1.0,0.0,0.0,1.0,0.0,1.0,0.0,0.0,1.0,1.0,0.0
-0.49367088607594933,0.5575767937603298,-1.0,-1.0,-0.8616088449879872,-1.0,0.42095203727934716,1.0,0.0,0.0,1.0,0.0,0.0,0.0,1.0,1.0,0.0
-0.44303797468354433,-1.0,-1.0,-1.0,-1.0,-1.0,-1.0,0.0,0.0,1.0,0.0,1.0,0.0,0.0,1.0,1.0,0.0
-0.44303797468354433,-1.0,-0.4389116641832207,-1.0,0.28405533724371734,-1.0,0.23122194451370714,1.0,0.0,0.0,1.0,0.0,0.0,1.0,0.0,1.0,0.0
0.03797468354430378,0.3657807969183393,-0.3272201111258505,0.6018425825581697,-1.0,-1.0,0.49905844528648013,0.0,0.0,1.0,1.0,0.0,0.0,0.0,1.0,1.0,0.0
-0.5443037974683544,-0.06668303489978522,0.37060256122764357,0.3274491731719267,-1.0,-1.0,0.42542763218737756,0.0,0.0,1.0,1.0,0.0,1.0,0.0,0.0,1.0,0.0
-0.03797468354430378,-1.0,-1.0,-1.0,-1.0,-1.0,-1.0,1.0,0.0,0.0,1.0,0.0,0.0,0.0,1.0,1.0,0.0
-1.0,-1.0,-1.0,-1.0,-1.0,-1.0,-1.0,1.0,0.0,0.0,1.0,0.0,0.0,0.0,1.0,1.0,0.0
-0.4683544303797469,-1.0,0.2711615206228344,-1.0,-1.0,-1.0,0.24835688424629865,1.0,0.0,0.0,1.0,0.0,0.0,1.0,0.0,1.0,0.0
-0.620253164556962,-1.0,-1.0,-1.0,-1.0,-1.0,-1.0,1.0,0.0,0.0,0.0,1.0,0.0,0.0,1.0,1.0,0.0
-0.012658227848101333,-0.4340525761212535,0.2365458290992457,0.21946720092727667,-1.0,-1.0,0.2985001993479246,1.0,0.0,0.0,1.0,0.0,0.0,0.0,1.0,1.0,0.0
0.36708860759493667,-1.0,-1.0,-0.619325655453848,0.4267403401771055,-0.33552996763665077,0.3669164016149582,1.0,0.0,0.0,1.0,0.0,0.0,0.0,1.0,1.0,0.0
-0.44303797468354433,0.15968504345871937,-1.0,-1.0,-1.0,0.1943826716791215,0.22881635207629936,1.0,0.0,0.0,1.0,0.0,1.0,0.0,0.0,1.0,0.0
0.08860759493670889,-1.0,-1.0,-1.0,-1.0,-1.0,-1.0,0.0,1.0,0.0,0.0,1.0,0.0,0.0,1.0,1.0,0.0
-0.03797468354430378,-1.0,-1.0,-1.0,-1.0,-1.0,-1.0,0.0,0.0,1.0,0.0,1.0,0.0,0.0,1.0,1.0,0.0
-0.4177215189873418,0.2236342109339562,-1.0,-1.0,-0.6786656890936953,0.19166918662461074,0.2545374613846978,1.0,0.0,0.0,1.0,0.0,0.0,0.0,1.0,1.0,0.0
-0.36708860759493667,0.3876480655710859,-0.45000744077727617,-1.0,-0.5613104177489419,-1.0,0.2717193681429104,1.0,0.0,0.0,1.0,0.0,0.0,0.0,1.0,1.0,0.0
-0.3924050632911392,-1.0,-1.0,-1.0,-1.0,-1.0,-1.0,0.0,0.0,1.0,0.0,1.0,0.0,0.0,1.0,1.0,0.0
-0.2911392405063291,-1.0,-1.0,-1.0,-1.0,-1.0,-1.0,1.0,0.0,0.0,0.0,1.0,0.0,1.0,0.0,1.0,0.0
-0.21518987341772156,-1.0,-1.0,-1.0,-1.0,-1.0,-1.0,1.0,0.0,0.0,0.0,1.0,0.0,0.0,1.0,1.0,0.0
-0.44303797468354433,-1.0,-1.0,-1.0,-1.0,-1.0,-1.0,1.0,0.0,0.0,0.0,1.0,1.0,0.0,0.0,1.0,0.0
-0.6708860759493671,-1.0,-1.0,-1.0,-1.0,-1.0,-1.0,1.0,0.0,0.0,0.0,1.0,0.0,1.0,0.0,1.0,0.0
0.240506329113924,-1.0,-1.0,-1.0,-1.0,-1.0,-1.0,0.0,0.0,1.0,0.0,1.0,0.0,0.0,1.0,1.0,0.0
0.49367088607594933,0.012372370812063771,-1.0,0.030854571808936138,-0.5038728988504453,0.45963481775583137,0.413289323971729,0.0,0.0,1.0,1.0,0.0,0.0,0.0,1.0,1.0,0.0
0.31645569620253156,-1.0,0.25613257708555714,-1.0,-1.0,0.20590631639765178,0.32455938550630026,1.0,0.0,0.0,1.0,0.0,0.0,0.0,1.0,1.0,0.0
0.06329113924050622,-0.15875362330791187,-1.0,0.5543208816165033,-1.0,-1.0,0.40155206081416916,1.0,0.0,0.0,1.0,0.0,0.0,0.0,1.0,1.0,0.0
-0.3417721518987342,-1.0,-1.0,-1.0,-1.0,-1.0,-1.0,0.0,1.0,0.0,0.0,1.0,0.0,0.0,1.0,1.0,0.0
0.012658227848101333,-1.0,-0.5176218654293654,-1.0,0.537140600060243,0.4449385948506339,0.5563791824176159,0.0,1.0,0.0,1.0,0.0,0.0,0.0,1.0,0.0,1.0
-0.5949367088607596,-1.0,-1.0,-1.0,-1.0,-1.0,-1.0,0.0,1.0,0.0,0.0,1.0,0.0,0.0,1.0,1.0,0.0
-0.3417721518987342,-1.0,0.2623426848332051,-1.0,-1.0,-0.17793217702564434,0.255592184247051,1.0,0.0,0.0,1.0,0.0,0.0,0.0,1.0,1.0,0.0
-0.1392405063291139,-0.10623216221710607,-1.0,0.16704702858151999,0.19321570986799497,-1.0,0.25079928924001504,1.0,0.0,0.0,1.0,0.0,1.0,0.0,0.0,1.0,0.0
0.31645569620253156,-0.4484711928323267,0.6911895053657076,-1.0,0.8464635744484788,0.1499332884527944,0.8544506669660008,0.0,1.0,0.0,1.0,0.0,1.0,0.0,0.0,1.0,0.0
-0.2911392405063291,-1.0,0.31257842593707363,-1.0,-0.42291926273692904,-1.0,0.29274537656158284,1.0,0.0,0.0,1.0,0.0,0.0,0.0,1.0,1.0,0.0
-0.2911392405063291,-1.0,-1.0,-1.0,-1.0,-1.0,-1.0,0.0,0.0,1.0,0.0,1.0,0.0,0.0,1.0,1.0,0.0
-0.2405063291139241,0.30454382822092674,-1.0,-1.0,-1.0,0.1616808186980807,0.281606655633561,1.0,0.0,0.0,1.0,0.0,0.0,0.0,1.0,1.0,0.0
-0.3924050632911392,-1.0,-0.40898743448058295,-1.0,-0.45932089796816633,0.308893306517499,0.24726124518980264,1.0,0.0,0.0,1.0,0.0,0.0,0.0,1.0,1.0,0.0
-0.16455696202531644,-1.0,-1.0,-1.0,-1.0,-1.0,-1.0,0.0,0.0,1.0,0.0,1.0,0.0,0.0,1.0,1.0,0.0
-0.08860759493670889,-0.8551412152377926,0.7885226295351602,-0.852735061170152,0.4827568122720962,-0.3281979270406924,0.7864149410944745,0.0,1.0,0.0,1.0,0.0,1.0,0.0,0.0,0.0,1.0
-0.620253164556962,-0.5187895331071819,0.29197565680399884,-0.658061401139107,-1.0,-0.7785099892122169,0.2724428630192193,1.0,0.0,0.0,1.0,0.0,0.0,0.0,1.0,1.0,0.0
0.139240506329114,0.6025322864951628,-1.0,-1.0,0.2962161494441522,-1.0,0.5130502182676433,1.0,0.0,0.0,1.0,0.0,0.0,0.0,1.0,1.0,0.0
-0.5443037974683544,-0.8551412152377926,-0.8654440222251701,-1.0,0.08312508491371173,0.24843536590914317,0.2534768707710904,1.0,0.0,0.0,1.0,0.0,0.0,0.0,1.0,1.0,0.0
-0.189873417721519,-1.0,-1.0,-1.0,-1.0,-1.0,-1.0,0.0,0.0,1.0,0.0,1.0,0.0,0.0,1.0,1.0,0.0
0.620253164556962,-1.0,-1.0,-1.0,-1.0,-1.0,-1.0,0.0,1.0,0.0,1.0,0.0,1.0,0.0,0.0,1.0,0.0
-0.4683544303797469,-1.0,0.5432404077127582,-1.0,0.20358338105753115,0.2754080120048126,0.5717554585678146,0.0,1.0,0.0,1.0,0.0,0.0,0.0,1.0,1.0,0.0
-0.2405063291139241,-1.0,-1.0,-1.0,-1.0,-1.0,-1.0,0.0,1.0,0.0,0.0,1.0,0.0,0.0,1.0,1.0,0.0
-0.49367088607594933,-0.32729663573877876,-0.21514978089102166,-0.852735061170152,-1.0,0.24001623465007893,0.2029270551336151,1.0,0.0,0.0,1.0,0.0,1.0,0.0,0.0,1.0,0.0
-0.5443037974683544,-1.0,-1.0,-1.0,-1.0,-1.0,-1.0,1.0,0.0,0.0,0.0,1.0,0.0,1.0,0.0,1.0,0.0
-0.11392405063291144,-1.0,-1.0,-0.7665905942836959,0.30011054302438844,-0.5165629810276651,0.24477278920517387,1.0,0.0,0.0,1.0,0.0,0.0,1.0,0.0,1.0,0.0
0.4430379746835442,-1.0,-1.0,-1.0,-1.0,-1.0,-1.0,1.0,0.0,0.0,0.0,1.0,0.0,1.0,0.0,1.0,0.0
0.5189873417721518,-1.0,-1.0,0.4562651696530746,0.29892033840859566,-0.8602553620751245,0.4085157814406297,0.0,1.0,0.0,1.0,0.0,0.0,0.0,1.0,1.0,0.0
-0.3417721518987342,-1.0,-1.0,-1.0,-1.0,-1.0,-1.0,0.0,0.0,1.0,0.0,1.0,0.0,0.0,1.0,1.0,0.0
-0.4177215189873418,-1.0,-1.0,0.6255447273758772,-1.0,-1.0,0.45861468494616786,1.0,0.0,0.0,1.0,0.0,0.0,0.0,1.0,1.0,0.0
-0.4683544303797469,-1.0,-1.0,-1.0,-1.0,-1.0,-1.0,0.0,0.0,1.0,0.0,1.0,0.0,0.0,1.0,1.0,0.0
-0.4683544303797469,-1.0,-1.0,-1.0,-1.0,-1.0,-1.0,1.0,0.0,0.0,0.0,1.0,0.0,0.0,1.0,1.0,0.0
-0.3417721518987342,-1.0,0.6904210798522461,-1.0,0.2971216214407204,0.37607346345501846,0.7043726350032633,0.0,1.0,0.0,1.0,0.0,0.0,0.0,1.0,1.0,0.0
-0.11392405063291144,0.3025009277853645,-1.0,-1.0,-0.18930724404587485,0.10827801771501622,0.2764915990842052,1.0,0.0,0.0,1.0,0.0,0.0,1.0,0.0,1.0,0.0
-0.1392405063291139,-1.0,-0.07226105427883389,-0.619325655453848,-1.0,0.3378658598367563,0.2936089824375072,1.0,0.0,0.0,1.0,0.0,0.0,0.0,1.0,1.0,0.0
-0.6708860759493671,0.4452966449505673,-1.0,0.05439801444025161,0.1361157332866465,-1.0,0.38707571026519116,0.0,0.0,1.0,1.0,0.0,0.0,0.0,1.0,1.0,0.0
-0.7974683544303798,-1.0,-1.0,-1.0,-1.0,-1.0,-1.0,1.0,0.0,0.0,1.0,0.0,0.0,0.0,1.0,1.0,0.0
0.5189873417721518,-0.37393074834497464,0.7273000038441986,-1.0,-1.0,0.5091417000483425,0.7382418279936898,0.0,1.0,0.0,1.0,0.0,0.0,0.0,1.0,1.0,0.0
-0.31645569620253167,0.02668125423082568,0.5608376145832952,-0.5107964623092589,0.20833732548192763,0.29951445751762873,0.5950147788509605,0.0,1.0,0.0,1.0,0.0,0.0,0.0,1.0,1.0,0.0
-0.3417721518987342,0.418571701463591,-1.0,-1.0,-1.0,-0.3768183431027897,0.2985001993479246,1.0,0.0,0.0,1.0,0.0,0.0,0.0,1.0,1.0,0.0
-0.4683544303797469,-0.3540121549940377,-1.0,0.43924074745316477,0.08312508491371173,-1.0,0.33884428496238117,0.0,0.0,1.0,1.0,0.0,0.0,0.0,1.0,1.0,0.0
-0.4177215189873418,0.07575968768855779,0.5087902021649879,-0.852735061170152,-0.3143830504493078,0.3898224479168153,0.5590206478017461,1.0,0.0,0.0,1.0,0.0,0.0,1.0,0.0,1.0,0.0
-0.8227848101265822,-1.0,-1.0,-1.0,-1.0,-1.0,-1.0,1.0,0.0,0.0,0.0,1.0,0.0,0.0,1.0,1.0,0.0
-0.620253164556962,0.2061564569127463,-0.2990369087154182,-0.619325655453848,-1.0,0.30300423443340296,0.3172800027332523,1.0,0.0,0.0,1.0,0.0,0.0,0.0,1.0,1.0,0.0
0.139240506329114,-0.8551412152377926,-1.0,0.3724609448054992,-0.5402745340816825,0.025704681076007763,0.27672710334034045,1.0,0.0,0.0,1.0,0.0,0.0,0.0,1.0,1.0,0.0
0.240506329113924,-1.0,0.448366225359236,-1.0,-0.40188337906966964,-1.0,0.42445414579411067,1.0,0.0,0.0,1.0,0.0,0.0,0.0,1.0,1.0,0.0
0.21518987341772156,-1.0,-1.0,-0.852735061170152,-1.0,-1.0,-0.8678579563284781,1.0,0.0,0.0,1.0,0.0,0.0,0.0,1.0,1.0,0.0
-0.3924050632911392,0.285396330794341,-1.0,0.08350944589750786,-1.0,-1.0,0.22942060193588443,1.0,0.0,0.0,1.0,0.0,0.0,0.0,1.0,1.0,0.0
-0.9240506329113924,-1.0,-1.0,-1.0,-1.0,-1.0,-1.0,1.0,0.0,0.0,1.0,0.0,0.0,0.0,1.0,1.0,0.0
-0.2911392405063291,-1.0,-1.0,-1.0,-1.0,-1.0,-1.0,1.0,0.0,0.0,0.0,1.0,1.0,0.0,0.0,1.0,0.0
-0.9746835443037974,-1.0,-1.0,-1.0,-1.0,-1.0,-1.0,1.0,0.0,0.0,0.0,1.0,0.0,0.0,1.0,1.0,0.0
-1.0,-1.0,-1.0,-1.0,-1.0,-1.0,-1.0,0.0,1.0,0.0,0.0,1.0,0.0,0.0,1.0,1.0,0.0
-0.012658227848101333,-1.0,-0.8654440222251701,-1.0,0.3190588891809385,-1.0,0.2597536738213766,1.0,0.0,0.0,1.0,0.0,0.0,0.0,1.0,1.0,0.0
-0.2405063291139241,-1.0,-1.0,-1.0,-1.0,-1.0,-1.0,1.0,0.0,0.0,0.0,1.0,0.0,1.0,0.0,1.0,0.0
0.3417721518987342,-1.0,-1.0,-1.0,-1.0,-1.0,-1.0,0.0,1.0,0.0,0.0,1.0,1.0,0.0,0.0,1.0,0.0
-0.5189873417721519,-0.4340525761212535,0.24658613261227802,-1.0,0.014534054059341273,-1.0,0.2717193681429104,1.0,0.0,0.0,1.0,0.0,0.0,0.0,1.0,1.0,0.0
-0.4683544303797469,-1.0,-1.0,-1.0,-1.0,-1.0,-1.0,1.0,0.0,0.0,1.0,0.0,0.0,1.0,0.0,1.0,0.0
-0.31645569620253167,0.5557515677444729,-0.687570694869583,-0.3161228022782141,-1.0,-1.0,0.422272878621454,0.0,0.0,1.0,1.0,0.0,0.0,0.0,1.0,0.0,1.0
-0.6455696202531646,0.39224137245738344,-1.0,-0.852735061170152,-0.6786656890936953,-0.8602553620751245,0.2714775917362522,1.0,0.0,0.0,1.0,0.0,0.0,0.0,1.0,1.0,0.0
-0.620253164556962,-1.0,-1.0,-1.0,-1.0,-1.0,-1.0,1.0,0.0,0.0,0.0,1.0,0.0,0.0,1.0,1.0,0.0
-0.11392405063291144,-1.0,0.29421126587165514,-0.385916249737544,0.07413003974290344,-1.0,0.3204872940244494,1.0,0.0,0.0,1.0,0.0,0.0,0.0,1.0,1.0,0.0
-0.3417721518987342,-1.0,-1.0,-1.0,-1.0,-1.0,-1.0,0.0,1.0,0.0,1.0,0.0,0.0,0.0,1.0,1.0,0.0
0.240506329113924,-1.0,-1.0,-1.0,-1.0,-1.0,-1.0,1.0,0.0,0.0,0.0,1.0,0.0,0.0,1.0,1.0,0.0
-0.2405063291139241,-1.0,-0.26540084045943624,-1.0,-1.0,-0.6076872028904432,-0.2542093088949986,1.0,0.0,0.0,1.0,0.0,0.0,0.0,1.0,1.0,0.0
0.26582278481012667,-1.0,-1.0,-1.0,-1.0,-1.0,-1.0,0.0,1.0,0.0,0.0,1.0,0.0,0.0,1.0,1.0,0.0
-0.31645569620253167,-0.8551412152377926,-1.0,-1.0,-0.3921421186822598,0.38211140037364477,0.311092338408792,1.0,0.0,0.0,1.0,0.0,0.0,0.0,1.0,1.0,0.0
-0.31645569620253167,0.2928374935028868,0.36121455321080354,0.45035685488056454,-1.0,-0.8602553620751245,0.4928733510409753,1.0,0.0,0.0,1.0,0.0,0.0,0.0,1.0,1.0,0.0
-0.5696202531645569,-1.0,-1.0,0.46288434665617384,-1.0,-0.6387653512873415,0.31363034693773617,1.0,0.0,0.0,1.0,0.0,0.0,0.0,1.0,1.0,0.0
-0.8734177215189873,-1.0,-1.0,-1.0,-1.0,-1.0,-1.0,1.0,0.0,0.0,0.0,1.0,0.0,0.0,1.0,1.0,0.0
0.11392405063291133,-1.0,0.5193719616029098,-1.0,0.44071438673100793,0.327273866018847,0.6073710741862257,0.0,1.0,0.0,1.0,0.0,0.0,0.0,1.0,1.0,0.0
-0.31645569620253167,-1.0,-1.0,-1.0,-1.0,-1.0,-1.0,0.0,1.0,0.0,0.0,1.0,1.0,0.0,0.0,1.0,0.0
-0.4177215189873418,-0.2239115273106964,-0.687570694869583,-0.5107964623092589,0.1510563383304051,0.4625067879188296,0.4273598176909832,1.0,0.0,0.0,1.0,0.0,0.0,0.0,1.0,1.0,0.0
0.16455696202531644,-1.0,-1.0,-1.0,-1.0,-1.0,-1.0,0.0,1.0,0.0,0.0,1.0,1.0,0.0,0.0,1.0,0.0
-0.3924050632911392,-0.6255454734896567,-0.8654440222251701,-0.558205183510456,-1.0,0.3705252625836848,0.29871004050405636,1.0,0.0,0.0,1.0,0.0,0.0,0.0,1.0,1.0,0.0
-0.9240506329113924,-1.0,-1.0,-1.0,-1.0,-1.0,-1.0,1.0,0.0,0.0,0.0,1.0,0.0,0.0,1.0,1.0,0.0
-0.2911392405063291,0.5394916435239097,0.041660659766772135,-1.0,-0.41212440500723446,0.6176195408340768,0.6184661723670981,0.0,1.0,0.0,1.0,0.0,1.0,0.0,0.0,1.0,0.0
0.21518987341772156,0.25780804348895714,0.48581331039356,-1.0,-1.0,-1.0,0.49302477334528083,1.0,0.0,0.0,1.0,0.0,0.0,0.0,1.0,1.0,0.0
-0.6708860759493671,-0.296278776647921,0.1616211098769813,0.25522183007115573,-1.0,-1.0,0.2724428630192193,1.0,0.0,0.0,1.0,0.0,0.0,0.0,1.0,1.0,0.0
-0.3924050632911392,-1.0,-0.0007516847163019369,0.35622958654568526,-0.37397903613286987,-1.0,0.2707504172839674,1.0,0.0,0.0,1.0,0.0,0.0,0.0,1.0,1.0,0.0
-0.26582278481012656,-0.7704042582518641,-0.7308880444503403,0.5540381691370668,-0.3419656266234128,-1.0,0.3983458678786005,1.0,0.0,0.0,1.0,0.0,0.0,1.0,0.0,1.0,0.0
-0.06329113924050633,0.23865078813996776,0.3960235751373007,-0.4905470142953362,-0.12017103503196569,-1.0,0.42821232071516,1.0,0.0,0.0,1.0,0.0,0.0,0.0,1.0,1.0,0.0
0.240506329113924,-1.0,0.7623963726179284,-0.41094024468060797,0.0004045679501512023,0.04582312609026373,0.7380744708701601,0.0,1.0,0.0,1.0,0.0,1.0,0.0,0.0,1.0,0.0
0.6455696202531644,-1.0,-1.0,-1.0,-1.0,0.37365104451651754,0.29891965093869466,1.0,0.0,0.0,1.0,0.0,0.0,0.0,1.0,1.0,0.0
-0.4177215189873418,0.12624620523876162,-1.0,0.6415924513953979,0.23998501628876845,-1.0,0.5252559165621498,0.0,0.0,1.0,1.0,0.0,1.0,0.0,0.0,1.0,0.0
-0.5189873417721519,0.45142573672460284,-1.0,-0.2110204317621882,-1.0,-1.0,0.3312176411241319,1.0,0.0,0.0,1.0,0.0,0.0,0.0,1.0,1.0,0.0
-1.0,-1.0,-1.0,-1.0,-1.0,-1.0,-1.0,1.0,0.0,0.0,1.0,0.0,0.0,0.0,1.0,1.0,0.0
-0.5189873417721519,-1.0,-1.0,-1.0,-1.0,-1.0,-1.0,1.0,0.0,0.0,0.0,1.0,0.0,1.0,0.0,1.0,0.0
0.2911392405063291,-0.8551412152377926,0.6069367163560104,-1.0,-0.003629028490048647,-1.0,0.5850985011187158,0.0,1.0,0.0,1.0,0.0,0.0,0.0,1.0,1.0,0.0
-0.11392405063291144,0.6107702395150134,-1.0,-0.00921320580666718,-0.8616088449879872,-1.0,0.47823779883373563,1.0,0.0,0.0,1.0,0.0,0.0,0.0,1.0,1.0,0.0
-0.5949367088607596,-1.0,-1.0,-1.0,-1.0,-1.0,-1.0,1.0,0.0,0.0,0.0,1.0,0.0,0.0,1.0,1.0,0.0
0.240506329113924,-1.0,-1.0,-1.0,-1.0,-1.0,-1.0,0.0,1.0,0.0,0.0,1.0,0.0,0.0,1.0,1.0,0.0
-0.8987341772151899,-1.0,-1.0,-1.0,-1.0,-1.0,-1.0,1.0,0.0,0.0,0.0,1.0,0.0,0.0,1.0,1.0,0.0
-0.21518987341772156,0.39621211350907526,-1.0,-0.09435786662710888,0.27585137979714824,-1.0,0.38930545113483284,0.0,0.0,1.0,1.0,0.0,1.0,0.0,0.0,1.0,0.0
0.4430379746835442,0.36486885197860497,-1.0,-1.0,-1.0,-1.0,0.24505089380751643,1.0,0.0,0.0,1.0,0.0,0.0,0.0,1.0,1.0,0.0
-0.11392405063291144,-1.0,-1.0,-1.0,-1.0,-1.0,-1.0,0.0,0.0,1.0,0.0,1.0,0.0,0.0,1.0,1.0,0.0
-0.36708860759493667,-1.0,-1.0,-1.0,-1.0,-1.0,-1.0,0.0,0.0,1.0,0.0,1.0,0.0,0.0,1.0,1.0,0.0
-0.44303797468354433,-0.19986352748682001,0.3589276195168891,0.06313041056822466,0.4431928091818207,-0.8602553620751245,0.5039803457047367,1.0,0.0,0.0,1.0,0.0,0.0,0.0,1.0,1.0,0.0
-0.9746835443037974,-1.0,-1.0,-1.0,-1.0,-1.0,-1.0,1.0,0.0,0.0,0.0,1.0,1.0,0.0,0.0,1.0,0.0
-0.36708860759493667,-1.0,-1.0,-1.0,-1.0,-1.0,-1.0,0.0,0.0,1.0,0.0,1.0,1.0,0.0,0.0,1.0,0.0
-0.7721518987341772,-1.0,-1.0,-1.0,-1.0,-1.0,-1.0,0.0,0.0,1.0,0.0,1.0,0.0,0.0,1.0,1.0,0.0
-0.9493670886075949,-1.0,-1.0,-1.0,-1.0,-1.0,-1.0,1.0,0.0,0.0,1.0,0.0,0.0,0.0,1.0,1.0,0.0
-0.08860759493670889,-1.0,-1.0,-1.0,-1.0,-1.0,-1.0,0.0,1.0,0.0,0.0,1.0,1.0,0.0,0.0,1.0,0.0
-0.26582278481012656,0.19131888840669653,-1.0,0.4426131737690844,-0.6422640538624581,-1.0,0.35038181291755377,0.0,0.0,1.0,1.0,0.0,0.0,0.0,1.0,1.0,0.0
-0.2911392405063291,0.041509248252832975,-0.5734676419580506,0.343663166862638,-1.0,-0.1295559873969565,0.2707504172839674,1.0,0.0,0.0,1.0,0.0,0.0,0.0,1.0,1.0,0.0
-0.9493670886075949,-1.0,-1.0,-1.0,-1.0,-1.0,-1.0,0.0,0.0,1.0,0.0,1.0,0.0,0.0,1.0,1.0,0.0
-0.9493670886075949,-1.0,-1.0,-1.0,-1.0,-1.0,-1.0,1.0,0.0,0.0,1.0,0.0,0.0,1.0,0.0,1.0,0.0
0.31645569620253156,-1.0,-1.0,-1.0,-1.0,-1.0,-1.0,0.0,1.0,0.0,0.0,1.0,0.0,0.0,1.0,1.0,0.0
-0.21518987341772156,0.36849299569616356,-1.0,0.3636355253075203,-1.0,-1.0,0.36837725681771083,0.0,0.0,1.0,1.0,0.0,0.0,0.0,1.0,1.0,0.0
0.11392405063291133,-1.0,-1.0,-1.0,-1.0,-1.0,-1.0,0.0,0.0,1.0,0.0,1.0,0.0,0.0,1.0,1.0,0.0
-0.1392405063291139,-1.0,0.562270724787389,-1.0,-0.05614755600273069,-0.4410214483004983,0.541833172060094,0.0,1.0,0.0,1.0,0.0,1.0,0.0,0.0,1.0,0.0
-0.2911392405063291,-1.0,0.3438460744397911,-1.0,0.5592236026405681,0.2600506094007735,0.5809447396067009,0.0,1.0,0.0,1.0,0.0,0.0,0.0,1.0,1.0,0.0
-0.49367088607594933,-1.0,0.23012515401751754,-0.30779003243456393,0.01203831864946392,-0.16470718131487705,0.27672710334034045,1.0,0.0,0.0,1.0,0.0,0.0,0.0,1.0,1.0,0.0
-1.0,-1.0,-1.0,-1.0,-1.0,-1.0,-1.0,1.0,0.0,0.0,0.0,1.0,0.0,1.0,0.0,1.0,0.0
-0.5949367088607596,-1.0,-1.0,-1.0,-1.0,-1.0,-1.0,1.0,0.0,0.0,0.0,1.0,0.0,0.0,1.0,1.0,0.0
0.240506329113924,0.2131980343604838,-1.0,-1.0,0.1510563383304051,-1.0,0.23477435794343604,1.0,0.0,0.0,1.0,0.0,1.0,0.0,0.0,1.0,0.0
-0.21518987341772156,-1.0,0.35875058052435604,-1.0,0.02539416958763585,0.43390848500800416,0.4908938374696301,0.0,1.0,0.0,1.0,0.0,1.0,0.0,0.0,1.0,0.0
-0.4177215189873418,-1.0,-1.0,-1.0,-1.0,-1.0,-1.0,1.0,0.0,0.0,1.0,0.0,0.0,0.0,1.0,1.0,0.0
0.06329113924050622,-1.0,-1.0,-1.0,0.07228135771050459,-0.20730897443030571,0.063723438570634,1.0,0.0,0.0,1.0,0.0,0.0,1.0,0.0,1.0,0.0
-0.03797468354430378,-1.0,-1.0,-1.0,-1.0,-1.0,-1.0,1.0,0.0,0.0,0.0,1.0,1.0,0.0,0.0,1.0,0.0
-0.620253164556962,-1.0,-1.0,-1.0,-1.0,-1.0,-1.0,1.0,0.0,0.0,0.0,1.0,0.0,0.0,1.0,1.0,0.0
-0.012658227848101333,-1.0,0.304784946943228,-1.0,-0.8616088449879872,-1.0,0.281606655633561,1.0,0.0,0.0,1.0,0.0,0.0,0.0,1.0,1.0,0.0
0.08860759493670889,-1.0,-1.0,-1.0,-1.0,-1.0,-1.0,0.0,0.0,1.0,0.0,1.0,1.0,0.0,0.0,1.0,0.0
-0.16455696202531644,-1.0,-1.0,-1.0,-1.0,-1.0,-1.0,0.0,0.0,1.0,0.0,1.0,0.0,0.0,1.0,1.0,0.0
-0.012658227848101333,-1.0,-1.0,-1.0,-1.0,-1.0,-1.0,1.0,0.0,0.0,0.0,1.0,1.0,0.0,0.0,1.0,0.0
-0.3924050632911392,-1.0,-0.2084552125928104,0.3657049416388025,-1.0,-0.24645255417778467,0.25374257209786033,1.0,0.0,0.0,1.0,0.0,1.0,0.0,0.0,1.0,0.0
-0.9746835443037974,-1.0,-1.0,-1.0,-1.0,-1.0,-1.0,1.0,0.0,0.0,1.0,0.0,0.0,1.0,0.0,1.0,0.0
-0.6455696202531646,-1.0,-1.0,-1.0,-1.0,-1.0,-1.0,0.0,1.0,0.0,0.0,1.0,1.0,0.0,0.0,1.0,0.0
-0.21518987341772156,-1.0,-1.0,-1.0,-1.0,-1.0,-1.0,0.0,1.0,0.0,1.0,0.0,0.0,0.0,1.0,1.0,0.0
-0.2405063291139241,0.32208331881986685,-0.687570694869583,-1.0,0.032319357436344065,-1.0,0.25898028261425443,1.0,0.0,0.0,1.0,0.0,0.0,0.0,1.0,1.0,0.0
0.16455696202531644,-1.0,0.7662765553046484,-1.0,-1.0,0.023200190532007392,0.737948856542467,0.0,1.0,0.0,1.0,0.0,1.0,0.0,0.0,1.0,0.0
0.5696202531645569,-1.0,0.23951463662514794,0.08480099028186072,-1.0,-1.0,0.2638262595866594,1.0,0.0,0.0,1.0,0.0,0.0,0.0,1.0,1.0,0.0
-0.012658227848101333,-1.0,-1.0,-1.0,-1.0,0.33331709191827374,0.2607800056197276,1.0,0.0,0.0,1.0,0.0,0.0,1.0,0.0,1.0,0.0
-0.49367088607594933,0.34574084058466203,-1.0,-0.7665905942836959,-1.0,-1.0,0.2282101809102719,1.0,0.0,0.0,1.0,0.0,0.0,0.0,1.0,1.0,0.0
-0.21518987341772156,-1.0,0.8065136301449274,0.3417508371475606,0.7982546394120218,0.7431689350486232,0.9335813609244792,0.0,1.0,0.0,1.0,0.0,1.0,0.0,0.0,0.0,1.0
-0.5189873417721519,-1.0,-1.0,-1.0,-1.0,-1.0,-1.0,1.0,0.0,0.0,0.0,1.0,0.0,1.0,0.0,1.0,0.0
-0.012658227848101333,0.6753755939669324,-0.14934678377026334,-1.0,-1.0,-1.0,0.5332043401287225,1.0,0.0,0.0,1.0,0.0,0.0,0.0,1.0,1.0,0.0
-0.5949367088607596,0.19478475640421267,-0.1725147632671038,0.06736560191044205,0.2655398164156282,-0.7785099892122169,0.33367755488149653,1.0,0.0,0.0,1.0,0.0,0.0,0.0,1.0,1.0,0.0
-0.31645569620253167,-0.3637342358463982,-1.0,-0.47206071662399995,-1.0,0.35966232795417663,0.29252886243144127,1.0,0.0,0.0,1.0,0.0,0.0,0.0,1.0,1.0,0.0
-0.5443037974683544,-1.0,-1.0,-1.0,-1.0,-1.0,-1.0,1.0,0.0,0.0,0.0,1.0,0.0,1.0,0.0,1.0,0.0
-0.4683544303797469,-1.0,-1.0,-1.0,-1.0,-1.0,-1.0,0.0,1.0,0.0,0.0,1.0,1.0,0.0,0.0,1.0,0.0
-0.3417721518987342,-0.050510224330065134,-1.0,0.3071997251580041,-1.0,-1.0,0.20738067855881415,1.0,0.0,0.0,1.0,0.0,0.0,1.0,0.0,1.0,0.0
-1.0,-1.0,-1.0,-1.0,-1.0,-1.0,-1.0,1.0,0.0,0.0,0.0,1.0,0.0,0.0,1.0,1.0,0.0
-0.5949367088607596,0.46278865602744346,-1.0,-0.14860841543444325,-1.0,-1.0,0.3435434126531227,0.0,0.0,1.0,1.0,0.0,0.0,0.0,1.0,1.0,0.0
-0.3924050632911392,-1.0,-1.0,0.3757600545267661,-1.0,-1.0,0.2344808387613615,1.0,0.0,0.0,1.0,0.0,0.0,1.0,0.0,1.0,0.0
-0.31645569620253167,-1.0,-1.0,-1.0,-1.0,-1.0,-1.0,1.0,0.0,0.0,0.0,1.0,1.0,0.0,0.0,1.0,0.0
-0.4683544303797469,-1.0,0.027553492716590133,0.3444233050507708,-0.40188337906966964,-0.23254297751680364,0.27929862900355884,1.0,0.0,0.0,1.0,0.0,0.0,0.0,1.0,1.0,0.0
-0.6455696202531646,-1.0,-1.0,-1.0,-1.0,-1.0,-1.0,1.0,0.0,0.0,0.0,1.0,0.0,0.0,1.0,1.0,0.0
-0.6455696202531646,-1.0,-0.7867338209790253,-1.0,-1.0,0.34641318168083557,0.273642619471695,1.0,0.0,0.0,1.0,0.0,1.0,0.0,0.0,1.0,0.0
-0.21518987341772156,-1.0,-1.0,-1.0,-1.0,-1.0,-1.0,0.0,1.0,0.0,0.0,1.0,0.0,0.0,1.0,1.0,0.0
0.2911392405063291,-0.2239115273106964,0.2763750376375236,0.6048705444557889,-1.0,-1.0,0.5036943131363034,0.0,0.0,1.0,1.0,0.0,1.0,0.0,0.0,1.0,0.0
0.3924050632911391,0.17834311148491766,-1.0,0.2955870864505614,-1.0,-1.0,0.255592184247051,1.0,0.0,0.0,1.0,0.0,0.0,0.0,1.0,1.0,0.0
0.6962025316455696,-1.0,-1.0,-1.0,-1.0,-1.0,-1.0,0.0,0.0,1.0,0.0,1.0,0.0,0.0,1.0,1.0,0.0
-0.8481012658227848,-1.0,-1.0,-1.0,-1.0,-1.0,-1.0,1.0,0.0,0.0,1.0,0.0,1.0,0.0,0.0,1.0,0.0
-0.5443037974683544,-1.0,-1.0,-1.0,-1.0,-1.0,-1.0,0.0,1.0,0.0,1.0,0.0,1.0,0.0,0.0,1.0,0.0
-0.16455696202531644,-1.0,-1.0,-1.0,-1.0,-1.0,-1.0,0.0,1.0,0.0,0.0,1.0,1.0,0.0,0.0,1.0,0.0
-0.7721518987341772,-1.0,-1.0,-1.0,-1.0,-1.0,-1.0,1.0,0.0,0.0,1.0,0.0,0.0,0.0,1.0,1.0,0.0
0.4177215189873418,-1.0,-1.0,-1.0,-1.0,-1.0,-1.0,0.0,1.0,0.0,0.0,1.0,1.0,0.0,0.0,1.0,0.0
-0.5189873417721519,0.5845877148113572,-1.0,-0.852735061170152,0.2906953488609503,-1.0,0.49942470989692733,0.0,0.0,1.0,1.0,0.0,0.0,0.0,1.0,1.0,0.0
0.3417721518987342,-1.0,0.6109393992326007,-1.0,-0.47309575479577604,0.6238634121230029,0.69265582883775,1.0,0.0,0.0,1.0,0.0,1.0,0.0,0.0,1.0,0.0
-0.9240506329113924,-1.0,-1.0,-1.0,-1.0,-1.0,-1.0,0.0,0.0,1.0,0.0,1.0,1.0,0.0,0.0,1.0,0.0
-0.8987341772151899,-1.0,-1.0,-1.0,-1.0,-1.0,-1.0,1.0,0.0,0.0,0.0,1.0,0.0,1.0,0.0,1.0,0.0
0.4177215189873418,-1.0,-1.0,-1.0,-1.0,-1.0,-1.0,1.0,0.0,0.0,0.0,1.0,0.0,0.0,1.0,1.0,0.0
-0.8734177215189873,-1.0,-1.0,-1.0,-1.0,-1.0,-1.0,1.0,0.0,0.0,1.0,0.0,1.0,0.0,0.0,1.0,0.0
-1.0,-1.0,-1.0,-1.0,-1.0,-1.0,-1.0,1.0,0.0,0.0,0.0,1.0,0.0,0.0,1.0,1.0,0.0
-0.189873417721519,-1.0,-1.0,-1.0,-1.0,-1.0,-1.0,0.0,0.0,1.0,0.0,1.0,1.0,0.0,0.0,1.0,0.0
-0.9493670886075949,-1.0,-1.0,-1.0,-1.0,-1.0,-1.0,1.0,0.0,0.0,1.0,0.0,0.0,0.0,1.0,1.0,0.0
-0.6962025316455696,-1.0,-1.0,-1.0,-1.0,-1.0,-1.0,0.0,0.0,1.0,0.0,1.0,0.0,0.0,1.0,1.0,0.0
-0.44303797468354433,0.2919756900119246,-1.0,-1.0,0.14209590112450243,-0.3768183431027897,0.2764915990842052,1.0,0.0,0.0,1.0,0.0,1.0,0.0,0.0,1.0,0.0
-0.6708860759493671,-1.0,0.5939342397418386,-1.0,0.46408375183869377,0.6647101156850059,0.7371303397158795,0.0,1.0,0.0,1.0,0.0,0.0,0.0,1.0,1.0,0.0
0.31645569620253156,-1.0,-0.6521778432041954,-1.0,-0.06334315395992085,0.5099321027817403,0.439463126618034,0.0,1.0,0.0,1.0,0.0,0.0,0.0,1.0,1.0,0.0
-0.6962025316455696,-1.0,-1.0,-1.0,-1.0,-1.0,-1.0,1.0,0.0,0.0,1.0,0.0,0.0,0.0,1.0,1.0,0.0
0.06329113924050622,-1.0,-1.0,0.5565691396011831,-1.0,-0.6755229990923698,0.39722334841700824,1.0,0.0,0.0,1.0,0.0,0.0,0.0,1.0,1.0,0.0
-0.5949367088607596,-1.0,-1.0,-1.0,-1.0,-1.0,-1.0,0.0,0.0,1.0,1.0,0.0,0.0,0.0,1.0,1.0,0.0
0.21518987341772156,-1.0,-1.0,-1.0,-1.0,-1.0,-1.0,1.0,0.0,0.0,0.0,1.0,0.0,0.0,1.0,1.0,0.0
0.012658227848101333,-1.0,-1.0,0.44427952267942206,-1.0,-1.0,0.295963922412652,1.0,0.0,0.0,1.0,0.0,0.0,0.0,1.0,1.0,0.0
-0.7974683544303798,-1.0,-1.0,-1.0,-1.0,-1.0,-1.0,1.0,0.0,0.0,0.0,1.0,0.0,0.0,1.0,1.0,0.0
0.240506329113924,-1.0,-1.0,-1.0,-1.0,-1.0,-1.0,0.0,0.0,1.0,0.0,1.0,0.0,0.0,1.0,1.0,0.0
-0.9493670886075949,-1.0,-1.0,-1.0,-1.0,-1.0,-1.0,1.0,0.0,0.0,1.0,0.0,0.0,0.0,1.0,1.0,0.0
-0.9493670886075949,-1.0,-1.0,-1.0,-1.0,-1.0,-1.0,1.0,0.0,0.0,1.0,0.0,0.0,0.0,1.0,1.0,0.0
-0.9240506329113924,-1.0,-1.0,-1.0,-1.0,-1.0,-1.0,1.0,0.0,0.0,1.0,0.0,0.0,0.0,1.0,1.0,0.0
-0.6708860759493671,-1.0,-1.0,-1.0,-1.0,-1.0,-1.0,1.0,0.0,0.0,0.0,1.0,0.0,0.0,1.0,1.0,0.0
0.139240506329114,-1.0,-1.0,-1.0,-1.0,-1.0,-1.0,0.0,0.0,1.0,0.0,1.0,0.0,0.0,1.0,1.0,0.0
-0.16455696202531644,-1.0,-1.0,-1.0,-1.0,-1.0,-1.0,0.0,1.0,0.0,0.0,1.0,1.0,0.0,0.0,1.0,0.0
-0.3924050632911392,0.003978188225416401,-0.534512796009096,0.23965453568335393,0.14405013760452956,-0.2195314375127152,0.2806867953635208,1.0,0.0,0.0,1.0,0.0,0.0,0.0,1.0,1.0,0.0
0.012658227848101333,0.4239216899540077,-1.0,-1.0,-1.0,-1.0,0.29891965093869466,1.0,0.0,0.0,1.0,0.0,0.0,0.0,1.0,1.0,0.0
-1.0,-1.0,-1.0,-1.0,-1.0,-1.0,-1.0,1.0,0.0,0.0,0.0,1.0,1.0,0.0,0.0,1.0,0.0
-0.2405063291139241,0.08174826506853794,-1.0,0.6455828334123019,-1.0,-1.0,0.49058746428822664,0.0,0.0,1.0,1.0,0.0,0.0,0.0,1.0,1.0,0.0
-0.5189873417721519,-1.0,0.28485106849038444,0.07693126107978876,0.702022359009588,-0.23254297751680364,0.6580996666916501,0.0,1.0,0.0,1.0,0.0,1.0,0.0,0.0,1.0,0.0
-0.31645569620253167,-1.0,0.25157191528473666,-1.0,-0.14613695271290328,-1.0,0.2494462624740159,1.0,0.0,0.0,1.0,0.0,1.0,0.0,0.0,1.0,0.0
-0.4177215189873418,-1.0,-1.0,-1.0,-1.0,-1.0,-1.0,0.0,0.0,1.0,0.0,1.0,0.0,0.0,1.0,1.0,0.0
0.03797468354430378,-1.0,0.14899486320319522,-1.0,0.4853543871297512,-0.3768183431027897,0.4577970682343184,0.0,1.0,0.0,1.0,0.0,0.0,0.0,1.0,1.0,0.0
-0.5189873417721519,0.3666887797386742,-1.0,-0.4905470142953362,0.2641238088275044,-0.3431387535006696,0.36514846927468536,0.0,0.0,1.0,1.0,0.0,0.0,0.0,1.0,1.0,0.0
-0.1392405063291139,-1.0,-1.0,-1.0,-1.0,-1.0,-1.0,1.0,0.0,0.0,0.0,1.0,0.0,1.0,0.0,1.0,0.0
-0.189873417721519,-1.0,-1.0,-1.0,-1.0,-1.0,-1.0,0.0,1.0,0.0,0.0,1.0,0.0,0.0,1.0,1.0,0.0
0.03797468354430378,0.145382562927576,-0.8654440222251701,0.4777740553937637,-1.0,-1.0,0.36529642478936664,0.0,0.0,1.0,1.0,0.0,0.0,0.0,1.0,1.0,0.0
-0.16455696202531644,-1.0,-1.0,-1.0,-1.0,-1.0,-1.0,1.0,0.0,0.0,0.0,1.0,0.0,1.0,0.0,1.0,0.0
0.03797468354430378,-1.0,-0.14220033596201886,-0.7054701223403039,-1.0,0.3261553671937072,0.2753096940518822,1.0,0.0,0.0,1.0,0.0,0.0,0.0,1.0,1.0,0.0
-0.1392405063291139,-1.0,-1.0,-1.0,-1.0,-1.0,-1.0,0.0,1.0,0.0,0.0,1.0,1.0,0.0,0.0,1.0,0.0
-0.3924050632911392,0.31134400681667396,-1.0,-1.0,-1.0,0.04694629833294717,0.251606519822666,1.0,0.0,0.0,1.0,0.0,0.0,0.0,1.0,1.0,0.0
0.7974683544303798,0.422076317695266,-1.0,0.5802220283679453,-1.0,-1.0,0.49905844528648013,0.0,0.0,1.0,1.0,0.0,0.0,0.0,1.0,0.0,1.0
0.26582278481012667,-1.0,-1.0,-1.0,-1.0,-1.0,-1.0,0.0,1.0,0.0,0.0,1.0,0.0,0.0,1.0,1.0,0.0
-0.3417721518987342,0.37900293896512105,-1.0,0.5228612489192628,-0.12262083549788372,-1.0,0.4592481935745596,0.0,0.0,1.0,1.0,0.0,0.0,0.0,1.0,1.0,0.0
-0.5189873417721519,0.47910544246708,-0.1286513563871624,-1.0,-1.0,0.17218043844815223,0.4073331432118983,0.0,0.0,1.0,1.0,0.0,1.0,0.0,0.0,1.0,0.0
-0.49367088607594933,-1.0,-1.0,-1.0,-1.0,-1.0,-1.0,1.0,0.0,0.0,0.0,1.0,0.0,0.0,1.0,1.0,0.0
-0.189873417721519,-1.0,-1.0,-1.0,-1.0,-1.0,-1.0,0.0,1.0,0.0,0.0,1.0,1.0,0.0,0.0,1.0,0.0
0.26582278481012667,-1.0,-1.0,-1.0,-1.0,-1.0,-1.0,0.0,1.0,0.0,0.0,1.0,1.0,0.0,0.0,1.0,0.0
0.5443037974683544,-1.0,-1.0,-1.0,-1.0,-1.0,-1.0,0.0,0.0,1.0,0.0,1.0,0.0,0.0,1.0,1.0,0.0
-0.3417721518987342,-1.0,-1.0,-1.0,-1.0,-1.0,-1.0,0.0,1.0,0.0,0.0,1.0,1.0,0.0,0.0,1.0,0.0
-0.4177215189873418,-0.6636483178693894,-1.0,-0.7665905942836959,0.10634780570115177,0.26160145471047036,0.270020458493869,1.0,0.0,0.0,1.0,0.0,1.0,0.0,0.0,1.0,0.0
-0.31645569620253167,-1.0,-1.0,-1.0,-1.0,-1.0,-1.0,0.0,0.0,1.0,0.0,1.0,0.0,0.0,1.0,1.0,0.0
0.03797468354430378,-1.0,0.6801444733130098,-0.558205183510456,0.8187292878634853,-0.32112320478997136,0.8307591471512847,0.0,1.0,0.0,1.0,0.0,1.0,0.0,0.0,1.0,0.0
-0.26582278481012656,-1.0,-1.0,-1.0,-1.0,-1.0,-1.0,0.0,1.0,0.0,0.0,1.0,0.0,0.0,1.0,1.0,0.0
-0.36708860759493667,-1.0,-1.0,-1.0,-1.0,-1.0,-1.0,0.0,1.0,0.0,0.0,1.0,1.0,0.0,0.0,1.0,0.0
0.1898734177215189,-1.0,-1.0,-1.0,-1.0,-1.0,-1.0,1.0,0.0,0.0,0.0,1.0,0.0,0.0,1.0,1.0,0.0
-0.189873417721519,-1.0,-1.0,-1.0,-1.0,-1.0,-1.0,0.0,0.0,1.0,0.0,1.0,0.0,0.0,1.0,1.0,0.0
-0.5949367088607596,-1.0,0.2902188733945932,-1.0,-1.0,-0.5807660862253737,0.26879761484571585,1.0,0.0,0.0,1.0,0.0,0.0,0.0,1.0,1.0,0.0
-0.5949367088607596,-1.0,-1.0,-1.0,-1.0,-1.0,-1.0,1.0,0.0,0.0,0.0,1.0,0.0,0.0,1.0,1.0,0.0
-0.9493670886075949,-1.0,-1.0,-1.0,-1.0,-1.0,-1.0,1.0,0.0,0.0,0.0,1.0,1.0,0.0,0.0,1.0,0.0
-0.2911392405063291,0.39829939228704925,-0.7867338209790253,-0.43931011029966616,-1.0,-0.16470718131487705,0.29296164507155775,1.0,0.0,0.0,1.0,0.0,0.0,0.0,1.0,1.0,0.0
-0.2911392405063291,-1.0,-1.0,0.38441993513087214,-0.3080442249399358,-1.0,0.25079928924001504,1.0,0.0,0.0,1.0,0.0,1.0,0.0,0.0,1.0,0.0
-0.16455696202531644,0.4560059125719462,0.16501411184292758,-0.852735061170152,-1.0,0.004739429724065269,0.4076887056483811,1.0,0.0,0.0,1.0,0.0,0.0,0.0,1.0,1.0,0.0
-0.08860759493670889,-1.0,-1.0,-1.0,-1.0,-1.0,-1.0,1.0,0.0,0.0,0.0,1.0,1.0,0.0,0.0,1.0,0.0
-0.4177215189873418,-0.2239115273106964,-0.46177608890068045,-0.270420583399818,-1.0,0.3020584521072389,0.2550655522240399,1.0,0.0,0.0,1.0,0.0,0.0,1.0,0.0,1.0,0.0
0.08860759493670889,-0.5187895331071819,-1.0,0.4839616324993492,-1.0,0.32921643063169537,0.4308520841755783,1.0,0.0,0.0,1.0,0.0,0.0,0.0,1.0,1.0,0.0
-0.4177215189873418,-1.0,-0.0030221578720291964,-1.0,0.2612613048412311,-1.0,0.2550655522240399,1.0,0.0,0.0,1.0,0.0,1.0,0.0,0.0,1.0,0.0
-0.44303797468354433,-1.0,-1.0,-0.852735061170152,-0.0886994338144067,0.2916840015970559,0.2494462624740159,1.0,0.0,0.0,1.0,0.0,0.0,0.0,1.0,1.0,0.0
-0.44303797468354433,-0.2569782954639235,-1.0,-1.0,0.31135769409738323,-1.0,0.26103572755089166,1.0,0.0,0.0,1.0,0.0,0.0,0.0,1.0,1.0,0.0
0.11392405063291133,-1.0,0.006992149396490621,0.31299643133855337,-1.0,-1.0,0.2379735899734854,1.0,0.0,0.0,1.0,0.0,0.0,1.0,0.0,1.0,0.0
-0.3924050632911392,-1.0,-1.0,-1.0,-1.0,-1.0,-1.0,0.0,1.0,0.0,1.0,0.0,0.0,0.0,1.0,1.0,0.0
0.03797468354430378,-1.0,-1.0,-1.0,-1.0,-1.0,-1.0,1.0,0.0,0.0,0.0,1.0,0.0,0.0,1.0,1.0,0.0
-0.5189873417721519,-1.0,-0.8654440222251701,-1.0,0.5259733149773467,-0.18845328911581682,0.4621177216337853,0.0,1.0,0.0,1.0,0.0,0.0,0.0,1.0,1.0,0.0
-0.31645569620253167,-1.0,-1.0,-1.0,-1.0,-1.0,-1.0,0.0,0.0,1.0,0.0,1.0,0.0,0.0,1.0,1.0,0.0
-0.9493670886075949,-1.0,-1.0,-1.0,-1.0,-1.0,-1.0,1.0,0.0,0.0,0.0,1.0,0.0,0.0,1.0,1.0,0.0
-0.3417721518987342,-1.0,-1.0,-1.0,-1.0,-1.0,-1.0,0.0,1.0,0.0,0.0,1.0,1.0,0.0,0.0,1.0,0.0
-0.4177215189873418,-1.0,-1.0,-0.5107964623092589,-0.15176144388947121,0.4222398083458587,0.3572921160037634,1.0,0.0,0.0,1.0,0.0,0.0,0.0,1.0,1.0,0.0
0.06329113924050622,0.40113578074116885,-0.41845873931992317,-0.7665905942836959,-0.5038728988504453,-0.4172753404995585,0.2892512916546419,1.0,0.0,0.0,1.0,0.0,0.0,0.0,1.0,1.0,0.0
-0.5443037974683544,-1.0,-1.0,-1.0,-1.0,-1.0,-1.0,1.0,0.0,0.0,0.0,1.0,0.0,1.0,0.0,1.0,0.0
-0.5189873417721519,-1.0,-0.11395393210487581,0.35766028822792073,-1.0,-1.0,0.24643536373456643,1.0,0.0,0.0,1.0,0.0,0.0,1.0,0.0,1.0,0.0
-0.6455696202531646,0.37352194303008934,0.06229492349599597,-1.0,0.273153281533977,-0.8602553620751245,0.3992143918003954,1.0,0.0,0.0,1.0,0.0,1.0,0.0,0.0,1.0,0.0
-0.3417721518987342,-0.3112127747555923,0.6366917754668024,-1.0,-0.07464746905468156,-1.0,0.6125753447485325,0.0,1.0,0.0,1.0,0.0,1.0,0.0,0.0,1.0,0.0
0.11392405063291133,-1.0,-1.0,-1.0,-1.0,-1.0,-1.0,0.0,1.0,0.0,1.0,0.0,1.0,0.0,0.0,1.0,0.0
-0.3417721518987342,-1.0,-1.0,-0.852735061170152,-1.0,0.2074279001946302,0.1422168221195672,1.0,0.0,0.0,1.0,0.0,0.0,0.0,1.0,1.0,0.0
-0.31645569620253167,-1.0,-0.3751413897391659,-1.0,0.3171612596463158,-1.0,0.2638262595866594,1.0,0.0,0.0,1.0,0.0,0.0,0.0,1.0,1.0,0.0
0.03797468354430378,-1.0,0.5055746661540121,-0.852735061170152,-0.6114869098077889,-0.35927607543759066,0.48099840193443866,0.0,1.0,0.0,1.0,0.0,0.0,0.0,1.0,1.0,0.0
-0.4177215189873418,0.16530115627851294,-1.0,0.5605844389831676,-0.23997610684263726,-1.0,0.4347957988427036,0.0,0.0,1.0,1.0,0.0,0.0,0.0,1.0,1.0,0.0
-0.36708860759493667,-1.0,-1.0,-1.0,-1.0,-1.0,-1.0,0.0,0.0,1.0,0.0,1.0,0.0,0.0,1.0,1.0,0.0
0.49367088607594933,-1.0,-1.0,-1.0,-1.0,-1.0,-1.0,0.0,1.0,0.0,0.0,1.0,1.0,0.0,0.0,1.0,0.0
-0.26582278481012656,-0.8551412152377926,-1.0,0.040587192399014205,-0.07080780777595519,0.28109752949518896,0.27743187557035265,1.0,0.0,0.0,1.0,0.0,0.0,0.0,1.0,1.0,0.0
-0.620253164556962,0.41040335172717635,-1.0,-1.0,-0.019157831294643102,-1.0,0.3145975771764009,1.0,0.0,0.0,1.0,0.0,0.0,0.0,1.0,1.0,0.0
-0.6455696202531646,-1.0,-1.0,-1.0,-1.0,-1.0,-1.0,0.0,1.0,0.0,0.0,1.0,0.0,0.0,1.0,1.0,0.0
-0.6708860759493671,-1.0,-1.0,-1.0,-1.0,-1.0,-1.0,1.0,0.0,0.0,0.0,1.0,0.0,0.0,1.0,1.0,0.0
0.06329113924050622,0.7820625731046285,0.19766483639137888,-1.0,-1.0,-1.0,0.6428270052563021,1.0,0.0,0.0,1.0,0.0,0.0,0.0,1.0,1.0,0.0
-0.7215189873417722,-1.0,-1.0,-1.0,-1.0,-1.0,-1.0,1.0,0.0,0.0,1.0,0.0,0.0,0.0,1.0,1.0,0.0
-0.012658227848101333,0.5094227686336394,0.07945754515136749,0.459158833200364,-0.8616088449879872,-0.31428835037971126,0.5004465229845894,0.0,0.0,1.0,1.0,0.0,0.0,0.0,1.0,1.0,0.0
-0.1392405063291139,-1.0,-1.0,-1.0,-1.0,-1.0,-1.0,0.0,0.0,1.0,0.0,1.0,0.0,0.0,1.0,1.0,0.0
-0.620253164556962,-1.0,-1.0,-1.0,-1.0,-1.0,-1.0,0.0,1.0,0.0,0.0,1.0,0.0,0.0,1.0,1.0,0.0
0.03797468354430378,-1.0,-1.0,-1.0,-1.0,-1.0,-1.0,1.0,0.0,0.0,0.0,1.0,0.0,0.0,1.0,1.0,0.0
-0.31645569620253167,0.2138265673166726,0.32455842219442754,-1.0,-0.6422640538624581,0.709666459484183,0.6607867946792019,0.0,1.0,0.0,1.0,0.0,1.0,0.0,0.0,1.0,0.0
-0.26582278481012656,-1.0,-1.0,-1.0,-1.0,-1.0,-1.0,0.0,1.0,0.0,0.0,1.0,1.0,0.0,0.0,1.0,0.0
-0.620253164556962,0.19886932388887235,-0.3463296171890683,0.31906708424337693,-0.3921421186822598,-0.21130136025986412,0.29744751488910315,1.0,0.0,0.0,1.0,0.0,0.0,0.0,1.0,1.0,0.0
-0.08860759493670889,-1.0,-1.0,-1.0,-1.0,-1.0,-1.0,0.0,1.0,0.0,0.0,1.0,1.0,0.0,0.0,1.0,0.0
-0.31645569620253167,-1.0,0.28793653596543245,-1.0,-0.3828541075996944,-0.35927607543759066,0.2755466619768592,1.0,0.0,0.0,1.0,0.0,1.0,0.0,0.0,1.0,0.0
-0.5189873417721519,-0.3112127747555923,0.11609080513850478,0.30765128408876974,-1.0,-1.0,0.27672710334034045,1.0,0.0,0.0,1.0,0.0,0.0,0.0,1.0,1.0,0.0
-0.2911392405063291,-1.0,-1.0,-1.0,-1.0,-1.0,-1.0,1.0,0.0,0.0,0.0,1.0,0.0,0.0,1.0,1.0,0.0
-0.3924050632911392,-1.0,-1.0,-0.5865750491295142,0.30393042558864636,-1.0,0.24671105528094617,1.0,0.0,0.0,1.0,0.0,0.0,0.0,1.0,1.0,0.0
0.2911392405063291,-1.0,0.08020274085288115,-0.03930804758854023,-1.0,0.12492317089305227,0.22453211175517773,1.0,0.0,0.0,1.0,0.0,1.0,0.0,0.0,1.0,0.0
-0.4683544303797469,-0.22907196358276727,-0.22564548516224592,-0.03249061571820899,-0.29594014131866886,0.2604394405649355,0.25898028261425443,1.0,0.0,0.0,1.0,0.0,1.0,0.0,0.0,1.0,0.0
-0.44303797468354433,0.0429357865590676,0.2588184142062677,-0.852735061170152,-1.0,-0.7785099892122169,0.2753096940518822,1.0,0.0,0.0,1.0,0.0,0.0,0.0,1.0,1.0,0.0
0.9240506329113924,-1.0,0.5361273380155278,0.28481499889987094,0.9400310105216252,0.16975868084658896,0.8887590605446911,0.0,1.0,0.0,1.0,0.0,1.0,0.0,0.0,1.0,0.0
-0.49367088607594933,-1.0,-1.0,-1.0,0.30910166746036993,-1.0,0.24998862605774574,1.0,0.0,0.0,1.0,0.0,0.0,0.0,1.0,1.0,0.0
0.16455696202531644,-1.0,0.3629555805030089,-1.0,0.6251482849121577,0.7729927210988377,0.7764807147197013,0.0,1.0,0.0,1.0,0.0,0.0,0.0,1.0,1.0,0.0
-0.2405063291139241,-1.0,-1.0,-1.0,-0.3347045997837631,0.33865803726510757,0.2724428630192193,1.0,0.0,0.0,1.0,0.0,0.0,0.0,1.0,1.0,0.0
-0.3924050632911392,-1.0,0.17347602860777123,-1.0,0.06567274669392442,-0.16153217245074747,0.24671105528094617,1.0,0.0,0.0,1.0,0.0,1.0,0.0,0.0,1.0,0.0
-0.03797468354430378,-1.0,0.2993296892875199,-0.7054701223403039,-1.0,-1.0,0.27672710334034045,1.0,0.0,0.0,1.0,0.0,0.0,0.0,1.0,1.0,0.0
0.7721518987341771,-1.0,-1.0,-1.0,-1.0,-1.0,-1.0,0.0,0.0,1.0,0.0,1.0,0.0,0.0,1.0,1.0,0.0
-0.36708860759493667,0.2175585781043723,0.11976517177939638,-0.25713760857903223,-0.4464353799519486,-1.0,0.25025923032049513,0.0,0.0,1.0,1.0,0.0,0.0,0.0,1.0,1.0,0.0
-0.5443037974683544,-0.17424122981986145,0.13153381990280066,-0.852735061170152,-1.0,0.22576861997721864,0.28091717686720474,1.0,0.0,0.0,1.0,0.0,1.0,0.0,0.0,1.0,0.0
-0.2911392405063291,-0.0595980496109102,0.646549539544109,-1.0,-0.7806552088744709,0.48729578441128263,0.6742094180597171,0.0,1.0,0.0,1.0,0.0,1.0,0.0,0.0,1.0,0.0
-0.3924050632911392,-1.0,-1.0,-1.0,-1.0,-1.0,-1.0,1.0,0.0,0.0,0.0,1.0,0.0,0.0,1.0,1.0,0.0
-0.2405063291139241,0.2157009032024313,0.2706044951563962,0.33748212301854075,-1.0,-1.0,0.4031351607605127,1.0,0.0,0.0,1.0,0.0,0.0,0.0,1.0,1.0,0.0
-0.36708860759493667,-1.0,-1.0,-1.0,-1.0,-1.0,-1.0,0.0,1.0,0.0,0.0,1.0,1.0,0.0,0.0,1.0,0.0
-0.4683544303797469,-1.0,-0.40898743448058295,0.5594843283209299,-0.12262083549788372,0.25809512466063955,0.4630942301167491,1.0,0.0,0.0,1.0,0.0,0.0,0.0,1.0,1.0,0.0
-0.3417721518987342,-1.0,-0.21514978089102166,0.22751075070690607,-0.6114869098077889,0.10827801771501622,0.2282101809102719,1.0,0.0,0.0,1.0,0.0,0.0,0.0,1.0,1.0,0.0
-0.9746835443037974,-1.0,-1.0,-1.0,-1.0,-1.0,-1.0,0.0,0.0,1.0,1.0,0.0,0.0,0.0,1.0,1.0,0.0
0.3924050632911391,-1.0,-1.0,-1.0,-1.0,-1.0,-1.0,0.0,1.0,0.0,0.0,1.0,0.0,0.0,1.0,1.0,0.0
0.03797468354430378,-1.0,-1.0,-1.0,-1.0,0.2923482819216674,0.22204004135253208,1.0,0.0,0.0,1.0,0.0,0.0,0.0,1.0,1.0,0.0
-0.4177215189873418,-1.0,-1.0,-1.0,-1.0,-1.0,-1.0,0.0,0.0,1.0,0.0,1.0,1.0,0.0,0.0,1.0,0.0
-0.26582278481012656,-1.0,-1.0,-1.0,-1.0,-1.0,-1.0,0.0,1.0,0.0,0.0,1.0,0.0,0.0,1.0,1.0,0.0
-0.49367088607594933,-1.0,0.22839960272817894,-0.34328207546548817,-1.0,-0.6387653512873415,0.2150139618060909,1.0,0.0,0.0,1.0,0.0,0.0,0.0,1.0,1.0,0.0
-0.4177215189873418,-0.21395788183585684,-1.0,-1.0,0.32595341493436436,-0.7785099892122169,0.27672710334034045,1.0,0.0,0.0,1.0,0.0,1.0,0.0,0.0,1.0,0.0
0.03797468354430378,-1.0,0.013392396414998897,-1.0,0.4629058355428042,0.6369429868509537,0.626110491209281,0.0,1.0,0.0,1.0,0.0,0.0,0.0,1.0,1.0,0.0
0.06329113924050622,-1.0,-1.0,-1.0,-1.0,-1.0,-1.0,0.0,1.0,0.0,0.0,1.0,1.0,0.0,0.0,1.0,0.0
-0.2405063291139241,-1.0,-1.0,-1.0,-1.0,-1.0,-1.0,0.0,0.0,1.0,0.0,1.0,0.0,0.0,1.0,1.0,0.0
0.11392405063291133,-1.0,-1.0,-1.0,-1.0,-1.0,-1.0,1.0,0.0,0.0,0.0,1.0,0.0,1.0,0.0,1.0,0.0
-0.012658227848101333,-1.0,-1.0,-1.0,-1.0,-1.0,-1.0,0.0,1.0,0.0,0.0,1.0,1.0,0.0,0.0,1.0,0.0
-0.189873417721519,-1.0,-1.0,-1.0,-1.0,-1.0,-1.0,1.0,0.0,0.0,1.0,0.0,0.0,0.0,1.0,1.0,0.0
-0.49367088607594933,0.5760032082581747,-1.0,-1.0,0.8136285487006956,-1.0,0.768657028409232,0.0,1.0,0.0,1.0,0.0,0.0,0.0,1.0,1.0,0.0
0.03797468354430378,-0.06909909707364958,0.298847993651133,-1.0,-1.0,-1.0,0.2946830172281585,1.0,0.0,0.0,1.0,0.0,0.0,0.0,1.0,1.0,0.0
0.03797468354430378,-1.0,0.7772468887655133,-1.0,0.3837164780645139,0.48270487113986205,0.79138441510971,0.0,1.0,0.0,1.0,0.0,1.0,0.0,0.0,0.0,1.0
0.139240506329114,-1.0,-1.0,-1.0,-1.0,-1.0,-1.0,0.0,1.0,0.0,0.0,1.0,1.0,0.0,0.0,1.0,0.0
-0.08860759493670889,-1.0,-1.0,0.3921353216595731,-1.0,-1.0,0.24917450095814808,1.0,0.0,0.0,1.0,0.0,1.0,0.0,0.0,1.0,0.0
-0.2911392405063291,-1.0,-1.0,-1.0,-1.0,-1.0,-1.0,0.0,1.0,0.0,0.0,1.0,0.0,0.0,1.0,1.0,0.0
-0.31645569620253167,-1.0,-1.0,-1.0,-1.0,-1.0,-1.0,0.0,0.0,1.0,1.0,0.0,0.0,0.0,1.0,1.0,0.0
0.4430379746835442,-1.0,0.04614407479573068,-1.0,0.8069934630843125,-1.0,0.7302127667888352,0.0,1.0,0.0,1.0,0.0,0.0,0.0,1.0,1.0,0.0
-0.012658227848101333,0.7294997243415604,0.4784976558815903,-1.0,0.45798892774017164,0.29367031220722817,0.7145367099652504,0.0,1.0,0.0,1.0,0.0,0.0,0.0,1.0,1.0,0.0
0.03797468354430378,-1.0,-1.0,-1.0,-1.0,-1.0,-1.0,0.0,0.0,1.0,0.0,1.0,0.0,0.0,1.0,1.0,0.0
-0.9493670886075949,-1.0,-1.0,-1.0,-1.0,-1.0,-1.0,1.0,0.0,0.0,0.0,1.0,0.0,0.0,1.0,1.0,0.0
-0.7721518987341772,-1.0,-1.0,-1.0,-1.0,-1.0,-1.0,0.0,0.0,1.0,1.0,0.0,0.0,0.0,1.0,1.0,0.0
-0.4177215189873418,0.08174826506853794,0.2040563023341242,0.09114350297674911,-1.0,0.39744637924875437,0.4354111000904404,0.0,0.0,1.0,1.0,0.0,0.0,0.0,1.0,1.0,0.0
-0.5189873417721519,0.06194771015643852,-1.0,0.44285202528040934,-1.0,-1.0,0.3262004918050192,0.0,0.0,1.0,1.0,0.0,0.0,0.0,1.0,1.0,0.0
-0.11392405063291144,0.5569701545813759,0.6281280340527493,0.4709830393881427,-1.0,-0.4540329883045867,0.6915904968053272,0.0,0.0,1.0,1.0,0.0,0.0,0.0,1.0,1.0,0.0
-0.49367088607594933,0.6378648788119348,-0.8654440222251701,-1.0,-0.18253858794414057,-0.5165629810276651,0.4992782884833562,1.0,0.0,0.0,1.0,0.0,0.0,0.0,1.0,1.0,0.0
-0.7974683544303798,-1.0,-1.0,-1.0,-1.0,-1.0,-1.0,1.0,0.0,0.0,1.0,0.0,0.0,0.0,1.0,1.0,0.0
0.36708860759493667,-1.0,-1.0,-1.0,-1.0,-1.0,-1.0,1.0,0.0,0.0,1.0,0.0,0.0,0.0,1.0,1.0,0.0
-0.26582278481012656,-1.0,-0.687570694869583,-1.0,-1.0,0.3725402488904388,0.29871004050405636,1.0,0.0,0.0,1.0,0.0,0.0,0.0,1.0,1.0,0.0
-0.21518987341772156,-1.0,0.31392184473715345,-1.0,-1.0,-1.0,0.29035008818985286,1.0,0.0,0.0,1.0,0.0,0.0,1.0,0.0,1.0,0.0
-0.11392405063291144,-1.0,-1.0,-1.0,-1.0,-1.0,-1.0,1.0,0.0,0.0,0.0,1.0,0.0,1.0,0.0,1.0,0.0
-0.5443037974683544,0.33722348210897146,-1.0,-1.0,0.0368062031813885,-0.499020713362466,0.27220200301106146,1.0,0.0,0.0,1.0,0.0,0.0,0.0,1.0,1.0,0.0
-0.16455696202531644,-1.0,-1.0,-1.0,-1.0,-1.0,-1.0,0.0,0.0,1.0,0.0,1.0,0.0,0.0,1.0,1.0,0.0
-0.5949367088607596,0.496199298176607,-1.0,-0.42465199542280296,0.44449256501789414,-1.0,0.5052622078670661,0.0,0.0,1.0,1.0,0.0,0.0,0.0,1.0,1.0,0.0
-0.620253164556962,-1.0,-1.0,-1.0,-1.0,-1.0,-1.0,1.0,0.0,0.0,0.0,1.0,0.0,0.0,1.0,1.0,0.0
-0.2405063291139241,-1.0,0.3719310402659721,0.1079568912413078,-0.09719672610884411,-1.0,0.3873393903502391,0.0,1.0,0.0,1.0,0.0,0.0,0.0,1.0,0.0,1.0
-0.2911392405063291,-1.0,0.2795970741258482,-1.0,-1.0,-0.10912242290962015,0.27696231702976926,1.0,0.0,0.0,1.0,0.0,1.0,0.0,0.0,1.0,0.0
-0.3417721518987342,-1.0,-1.0,-1.0,-0.8616088449879872,-0.2153744057808865,-0.2542093088949986,1.0,0.0,0.0,1.0,0.0,0.0,0.0,1.0,1.0,0.0
-0.36708860759493667,-0.5187895331071819,0.31009108187727485,-0.08556522994385873,-0.487891873354127,-0.181378566865096,0.3176601437786466,1.0,0.0,0.0,1.0,0.0,0.0,0.0,1.0,1.0,0.0
0.3417721518987342,0.4845023259286274,-1.0,-1.0,-1.0,-1.0,0.35418208502405424,1.0,0.0,0.0,1.0,0.0,0.0,1.0,0.0,1.0,0.0
-0.5189873417721519,-1.0,-1.0,-1.0,-1.0,-1.0,-1.0,0.0,1.0,0.0,0.0,1.0,1.0,0.0,0.0,1.0,0.0
-0.49367088607594933,-1.0,-1.0,-1.0,-1.0,-1.0,-1.0,1.0,0.0,0.0,0.0,1.0,0.0,1.0,0.0,1.0,0.0
-1.0,-1.0,-1.0,-1.0,-1.0,-1.0,-1.0,1.0,0.0,0.0,0.0,1.0,1.0,0.0,0.0,1.0,0.0
-0.7215189873417722,-1.0,-1.0,-1.0,-1.0,-1.0,-1.0,1.0,0.0,0.0,1.0,0.0,1.0,0.0,0.0,1.0,0.0
-0.49367088607594933,-1.0,-1.0,0.5866270564073912,0.3773713567338395,-1.0,0.5091264407420559,0.0,0.0,1.0,1.0,0.0,0.0,0.0,1.0,1.0,0.0
-0.4177215189873418,0.032739274060491264,-1.0,-0.852735061170152,0.004358285920376348,0.1838711854523576,0.23389244116125418,1.0,0.0,0.0,1.0,0.0,0.0,0.0,1.0,1.0,0.0
0.06329113924050622,-1.0,0.6696506482145246,-1.0,0.2292792311606131,-0.0523413421951594,0.6590207146242988,0.0,1.0,0.0,1.0,0.0,1.0,0.0,0.0,1.0,0.0
-0.5443037974683544,-1.0,-1.0,-1.0,-1.0,-1.0,-1.0,0.0,1.0,0.0,0.0,1.0,1.0,0.0,0.0,1.0,0.0
-0.44303797468354433,-0.5187895331071819,-1.0,0.41913693527056783,-1.0,-1.0,0.2755466619768592,1.0,0.0,0.0,1.0,0.0,0.0,0.0,1.0,1.0,0.0
-1.0,-1.0,-1.0,-1.0,-1.0,-1.0,-1.0,0.0,0.0,1.0,0.0,1.0,0.0,0.0,1.0,1.0,0.0
-0.03797468354430378,-1.0,-0.11804088815051594,-1.0,-1.0,0.7935485098373409,0.6983852901647198,0.0,1.0,0.0,1.0,0.0,0.0,0.0,1.0,1.0,0.0
-0.31645569620253167,-1.0,0.1820251310388341,-1.0,-1.0,0.17218043844815223,0.26830627263791507,1.0,0.0,0.0,1.0,0.0,0.0,1.0,0.0,1.0,0.0
0.620253164556962,-1.0,0.44825456401485275,-0.47206071662399995,0.197229035610879,0.3354704784370084,0.5200077025991598,0.0,1.0,0.0,1.0,0.0,0.0,0.0,1.0,1.0,0.0
-0.2405063291139241,-1.0,0.661967003558467,-1.0,-0.5613104177489419,0.5256442083376356,0.6923634554960834,0.0,1.0,0.0,1.0,0.0,0.0,0.0,1.0,1.0,0.0
-0.36708860759493667,0.5839479580350031,-1.0,0.08090256169506405,0.09424372207988507,-0.32112320478997136,0.48260380654667356,0.0,0.0,1.0,1.0,0.0,0.0,0.0,1.0,1.0,0.0
-0.189873417721519,-0.8551412152377926,0.3675798199171425,-1.0,-0.21498650520515272,-0.283210201982813,0.3566741554266999,0.0,1.0,0.0,1.0,0.0,0.0,0.0,1.0,1.0,0.0
-0.5443037974683544,-0.06429458546962297,-0.2744314567057531,0.31343584906902366,-1.0,-1.0,0.2232901485933092,1.0,0.0,0.0,1.0,0.0,0.0,1.0,0.0,1.0,0.0
-0.5189873417721519,-1.0,0.2758327935926117,-0.7665905942836959,-1.0,-1.0,0.2534768707710904,1.0,0.0,0.0,1.0,0.0,0.0,0.0,1.0,1.0,0.0
-0.6455696202531646,-1.0,-1.0,-1.0,-1.0,-1.0,-1.0,0.0,1.0,0.0,0.0,1.0,0.0,0.0,1.0,1.0,0.0
-0.2405063291139241,-0.7102824304755853,-1.0,0.4406926328091776,-1.0,-0.2513108349509553,0.3018302520716756,1.0,0.0,0.0,1.0,0.0,0.0,0.0,1.0,1.0,0.0
0.21518987341772156,0.40342816625311206,-0.7867338209790253,0.42827914948069634,0.13812909051300326,-1.0,0.4447027385390867,0.0,0.0,1.0,1.0,0.0,1.0,0.0,0.0,1.0,0.0
-0.26582278481012656,-1.0,-1.0,-1.0,-1.0,-1.0,-1.0,0.0,1.0,0.0,0.0,1.0,0.0,0.0,1.0,1.0,0.0
-0.5443037974683544,-0.8551412152377926,-0.6521778432041954,0.2160237155484641,0.16842870209166705,-1.0,0.2373958905280864,1.0,0.0,0.0,1.0,0.0,1.0,0.0,0.0,1.0,0.0
0.139240506329114,-1.0,-1.0,-1.0,-1.0,-1.0,-1.0,0.0,0.0,1.0,0.0,1.0,0.0,0.0,1.0,1.0,0.0
-0.49367088607594933,-1.0,0.043466470387413914,-1.0,0.2568890958242076,-1.0,0.2638262595866594,1.0,0.0,0.0,1.0,0.0,0.0,0.0,1.0,1.0,0.0
-0.4683544303797469,-1.0,-1.0,-1.0,-1.0,-1.0,-1.0,1.0,0.0,0.0,0.0,1.0,0.0,1.0,0.0,1.0,0.0
-0.21518987341772156,-0.8551412152377926,-1.0,-0.558205183510456,-1.0,0.20179170631692656,0.14030081934769711,1.0,0.0,0.0,1.0,0.0,0.0,0.0,1.0,1.0,0.0
-0.5189873417721519,-0.1033495365093745,-0.6521778432041954,-1.0,0.16553927057663342,0.05678282947290603,0.22204004135253208,1.0,0.0,0.0,1.0,0.0,0.0,0.0,1.0,1.0,0.0
-0.620253164556962,-1.0,-1.0,-1.0,-1.0,-1.0,-1.0,1.0,0.0,0.0,0.0,1.0,0.0,0.0,1.0,1.0,0.0
-0.31645569620253167,-1.0,-1.0,-1.0,-1.0,-1.0,-1.0,0.0,0.0,1.0,0.0,1.0,0.0,0.0,1.0,1.0,0.0
-0.21518987341772156,-1.0,-1.0,-1.0,-1.0,-1.0,-1.0,0.0,1.0,0.0,0.0,1.0,0.0,0.0,1.0,1.0,0.0
-0.26582278481012656,-1.0,-1.0,-1.0,-1.0,-1.0,-1.0,0.0,0.0,1.0,0.0,1.0,0.0,0.0,1.0,1.0,0.0
-0.08860759493670889,0.367893319386837,-1.0,-1.0,-1.0,-1.0,0.24780985181615733,1.0,0.0,0.0,1.0,0.0,1.0,0.0,0.0,1.0,0.0
0.36708860759493667,0.26918766416372764,-1.0,0.4375342451303639,-0.40188337906966964,-0.8602553620751245,0.36997137282003956,0.0,0.0,1.0,1.0,0.0,1.0,0.0,0.0,1.0,0.0
0.3924050632911391,-0.1663539899933849,0.2954422353855428,-0.22716427574925402,-1.0,-1.0,0.29274537656158284,1.0,0.0,0.0,1.0,0.0,0.0,0.0,1.0,1.0,0.0
-0.36708860759493667,0.0342267326558634,0.6308504584492762,-1.0,-1.0,0.5374861266131847,0.677860650590294,0.0,1.0,0.0,1.0,0.0,1.0,0.0,0.0,1.0,0.0
0.240506329113924,-1.0,-1.0,-1.0,-1.0,-1.0,-1.0,0.0,0.0,1.0,1.0,0.0,0.0,0.0,1.0,1.0,0.0
-0.6455696202531646,-1.0,-1.0,-0.42465199542280296,0.30595740983156205,0.35018168198363786,0.39621997414766574,1.0,0.0,0.0,1.0,0.0,1.0,0.0,0.0,1.0,0.0
0.7974683544303798,-1.0,-1.0,-1.0,-1.0,-1.0,-1.0,0.0,1.0,0.0,1.0,0.0,0.0,0.0,1.0,0.0,1.0
-0.620253164556962,-1.0,0.29421126587165514,-1.0,-1.0,-1.0,0.27099311708899076,1.0,0.0,0.0,1.0,0.0,0.0,0.0,1.0,1.0,0.0
-0.49367088607594933,-1.0,-1.0,-1.0,-1.0,-1.0,-1.0,1.0,0.0,0.0,0.0,1.0,0.0,1.0,0.0,1.0,0.0
-0.31645569620253167,-1.0,-1.0,-1.0,-1.0,-1.0,-1.0,0.0,0.0,1.0,0.0,1.0,0.0,1.0,0.0,1.0,0.0
-0.06329113924050633,-1.0,-1.0,-1.0,-1.0,-1.0,-1.0,1.0,0.0,0.0,0.0,1.0,0.0,0.0,1.0,1.0,0.0
-0.7468354430379747,-1.0,-1.0,-1.0,-1.0,-1.0,-1.0,0.0,0.0,1.0,1.0,0.0,0.0,0.0,1.0,1.0,0.0
-0.7974683544303798,-1.0,-1.0,-1.0,-1.0,-1.0,-1.0,1.0,0.0,0.0,1.0,0.0,0.0,0.0,1.0,1.0,0.0
-0.49367088607594933,-1.0,-1.0,-1.0,-1.0,-1.0,-1.0,1.0,0.0,0.0,0.0,1.0,0.0,0.0,1.0,1.0,0.0
-0.49367088607594933,-1.0,-1.0,-1.0,-1.0,-1.0,-1.0,0.0,0.0,1.0,1.0,0.0,0.0,0.0,1.0,1.0,0.0
-0.7721518987341772,-1.0,-1.0,-1.0,-1.0,-1.0,-1.0,1.0,0.0,0.0,1.0,0.0,0.0,0.0,1.0,1.0,0.0
0.240506329113924,0.5911895092614916,0.7233061642467413,-1.0,0.5586555902146713,-0.2195314375127152,0.7857315821493991,0.0,1.0,0.0,1.0,0.0,1.0,0.0,0.0,1.0,0.0
0.08860759493670889,-1.0,0.7864601601355963,0.3796525309809662,-0.5212452626117072,0.12643903439619364,0.771593557788437,0.0,1.0,0.0,1.0,0.0,1.0,0.0,0.0,1.0,0.0
0.03797468354430378,-0.4340525761212535,0.7124460166473745,-0.06375549293234017,0.27884378568289026,0.6098760533685286,0.7635806846543709,0.0,1.0,0.0,1.0,0.0,1.0,0.0,0.0,1.0,0.0
-0.2405063291139241,-0.8551412152377926,0.2971525833822506,-1.0,-0.5212452626117072,-1.0,0.2764915990842052,1.0,0.0,0.0,1.0,0.0,0.0,0.0,1.0,1.0,0.0
-0.36708860759493667,-1.0,-1.0,-0.852735061170152,0.3179767389271946,-0.3431387535006696,0.2650813047454863,1.0,0.0,0.0,1.0,0.0,1.0,0.0,0.0,1.0,0.0
-0.5949367088607596,0.45041662298024954,-1.0,0.18785213122886213,-1.0,-1.0,0.3669164016149582,0.0,0.0,1.0,1.0,0.0,0.0,0.0,1.0,1.0,0.0
-0.31645569620253167,-1.0,-1.0,-1.0,-1.0,-1.0,-1.0,0.0,0.0,1.0,0.0,1.0,0.0,0.0,1.0,1.0,0.0
-0.3924050632911392,0.09211338350639764,-1.0,0.31122961536053273,-0.3209297429561534,-1.0,0.24698634871665126,1.0,0.0,0.0,1.0,0.0,0.0,0.0,1.0,1.0,0.0
-0.2911392405063291,-1.0,0.10265352117377513,0.475943382915873,-0.8616088449879872,0.24884723305161915,0.43127107483016314,1.0,0.0,0.0,1.0,0.0,0.0,0.0,1.0,1.0,0.0
-0.4683544303797469,-0.8551412152377926,-1.0,0.05587856675200009,0.263055173450073,-0.8602553620751245,0.24998862605774574,1.0,0.0,0.0,1.0,0.0,0.0,0.0,1.0,1.0,0.0
-0.4177215189873418,-0.32729663573877876,-0.8654440222251701,0.5175536593173204,-1.0,-1.0,0.3654442655653667,0.0,0.0,1.0,1.0,0.0,0.0,0.0,1.0,1.0,0.0
-0.36708860759493667,0.02044237151630557,-0.06271208460874866,0.27766428174655644,0.05482455485598203,-0.5357783611674942,0.2901308349499321,1.0,0.0,0.0,1.0,0.0,0.0,0.0,1.0,1.0,0.0
0.5443037974683544,0.4845023259286274,-0.3212466169881213,-1.0,-1.0,0.18836404873245272,0.4076887056483811,1.0,0.0,0.0,1.0,0.0,0.0,0.0,1.0,1.0,0.0
0.06329113924050622,-1.0,0.37795969088705483,-1.0,0.3844956253285927,0.30174220279356856,0.5180266594409044,0.0,1.0,0.0,1.0,0.0,1.0,0.0,0.0,1.0,0.0
-0.49367088607594933,-1.0,-1.0,-1.0,-1.0,-1.0,-1.0,1.0,0.0,0.0,0.0,1.0,0.0,0.0,1.0,1.0,0.0
-0.3924050632911392,-1.0,-1.0,-1.0,-1.0,-1.0,-1.0,1.0,0.0,0.0,0.0,1.0,0.0,0.0,1.0,1.0,0.0
0.2911392405063291,-1.0,0.4705970515279294,-1.0,0.5660732716194694,-0.2562890853177435,0.6052405218863508,0.0,1.0,0.0,1.0,0.0,0.0,0.0,1.0,1.0,0.0
-0.9240506329113924,-1.0,-1.0,-1.0,-1.0,-1.0,-1.0,1.0,0.0,0.0,1.0,0.0,0.0,0.0,1.0,1.0,0.0
-0.9493670886075949,-1.0,-1.0,-1.0,-1.0,-1.0,-1.0,1.0,0.0,0.0,0.0,1.0,0.0,0.0,1.0,1.0,0.0
-0.3417721518987342,0.37352194303008934,0.18637785245179028,0.13502377112556174,-1.0,-0.23254297751680364,0.383345375460018,0.0,0.0,1.0,1.0,0.0,0.0,0.0,1.0,0.0,1.0
-0.5189873417721519,0.37526836308508593,-0.7867338209790253,-1.0,-1.0,-1.0,0.2550655522240399,1.0,0.0,0.0,1.0,0.0,1.0,0.0,0.0,1.0,0.0
-0.5696202531645569,-0.3540121549940377,-1.0,0.3890827059706554,0.11099118319317047,-0.6387653512873415,0.3124631555095412,1.0,0.0,0.0,1.0,0.0,0.0,0.0,1.0,1.0,0.0
-0.11392405063291144,-1.0,-1.0,-1.0,-1.0,-1.0,-1.0,0.0,0.0,1.0,0.0,1.0,0.0,0.0,1.0,1.0,0.0
-0.49367088607594933,-1.0,-1.0,-1.0,-1.0,-1.0,-1.0,1.0,0.0,0.0,0.0,1.0,0.0,0.0,1.0,1.0,0.0
-0.4177215189873418,-0.5408085165037282,0.0014925396067362318,-1.0,0.3894872911479892,-1.0,0.35698338610455416,1.0,0.0,0.0,1.0,0.0,0.0,1.0,0.0,1.0,0.0
-0.5949367088607596,-1.0,-1.0,-1.0,-1.0,-1.0,-1.0,1.0,0.0,0.0,0.0,1.0,0.0,0.0,1.0,1.0,0.0
-0.31645569620253167,-0.7704042582518641,0.3096353933068554,-0.37442921457910205,-0.7806552088744709,-1.0,0.2910063389965696,1.0,0.0,0.0,1.0,0.0,0.0,0.0,1.0,1.0,0.0
-0.08860759493670889,-1.0,0.554996971847123,-1.0,-1.0,-0.07358295945209903,0.5332043401287225,1.0,0.0,0.0,1.0,0.0,0.0,0.0,1.0,1.0,0.0
0.21518987341772156,-1.0,-1.0,-1.0,-1.0,-1.0,-1.0,1.0,0.0,0.0,0.0,1.0,1.0,0.0,0.0,1.0,0.0
-0.2405063291139241,-1.0,-1.0,0.23589411190618192,-0.0077457977008904555,0.33865803726510757,0.3583687503276771,0.0,1.0,0.0,1.0,0.0,0.0,0.0,1.0,1.0,0.0
-0.49367088607594933,-1.0,-1.0,-0.852735061170152,-1.0,0.5571389041887582,0.4725094313115479,1.0,0.0,0.0,1.0,0.0,0.0,1.0,0.0,1.0,0.0
-0.2911392405063291,-1.0,-1.0,-1.0,-1.0,-1.0,-1.0,0.0,1.0,0.0,0.0,1.0,0.0,0.0,1.0,1.0,0.0
-0.9746835443037974,-1.0,-1.0,-1.0,-1.0,-1.0,-1.0,1.0,0.0,0.0,1.0,0.0,0.0,0.0,1.0,1.0,0.0
-0.3924050632911392,-1.0,0.2939641324940918,-0.619325655453848,-1.0,-0.8602553620751245,0.27220200301106146,1.0,0.0,0.0,1.0,0.0,1.0,0.0,0.0,1.0,0.0
-0.36708860759493667,-1.0,-1.0,0.41014120144789623,-1.0,-0.20730897443030571,0.27743187557035265,1.0,0.0,0.0,1.0,0.0,0.0,0.0,1.0,1.0,0.0
-0.189873417721519,0.3365268579625964,-1.0,0.04837042160791993,-1.0,0.29790800363052083,0.375658317130696,0.0,0.0,1.0,1.0,0.0,0.0,0.0,1.0,1.0,0.0
0.21518987341772156,-1.0,-1.0,-1.0,-1.0,-1.0,-1.0,0.0,1.0,0.0,0.0,1.0,0.0,0.0,1.0,1.0,0.0
-0.08860759493670889,-1.0,-1.0,-1.0,-1.0,-1.0,-1.0,1.0,0.0,0.0,0.0,1.0,0.0,0.0,1.0,1.0,0.0
-0.5696202531645569,0.23753320766704222,-1.0,0.3107856060099097,-1.0,-1.0,0.2859163843792272,1.0,0.0,0.0,1.0,0.0,0.0,0.0,1.0,1.0,0.0
-0.31645569620253167,-1.0,-1.0,-1.0,-1.0,-1.0,-1.0,0.0,1.0,0.0,0.0,1.0,0.0,0.0,1.0,1.0,0.0
-0.3924050632911392,0.37352194303008934,-1.0,-0.658061401139107,-0.21894022317537787,-0.499020713362466,0.2692876939616151,1.0,0.0,0.0,1.0,0.0,0.0,0.0,1.0,1.0,0.0
-0.5443037974683544,-1.0,-0.26103833682763355,-1.0,0.3336236116542357,-0.14346556405793753,0.29871004050405636,1.0,0.0,0.0,1.0,0.0,0.0,0.0,1.0,1.0,0.0
-0.4177215189873418,0.4948951625848126,-0.13757813564685917,-1.0,0.09507389472310401,0.2893416312269248,0.4672111424766592,1.0,0.0,0.0,1.0,0.0,0.0,0.0,1.0,1.0,0.0
-0.620253164556962,-1.0,0.16259660560742062,-1.0,0.22758001892095692,-1.0,0.28947155819687853,1.0,0.0,0.0,1.0,0.0,0.0,0.0,1.0,1.0,0.0
-0.4683544303797469,-0.48068668872744935,-1.0,-1.0,0.3443656572600835,-1.0,0.28614053569381914,1.0,0.0,0.0,1.0,0.0,0.0,0.0,1.0,1.0,0.0
-0.8227848101265822,-1.0,-1.0,-1.0,-1.0,-1.0,-1.0,1.0,0.0,0.0,1.0,0.0,0.0,0.0,1.0,1.0,0.0
0.5696202531645569,-0.03549957591880015,-1.0,-0.221645565548108,0.41756467856182233,-1.0,0.37411124306906074,0.0,0.0,1.0,1.0,0.0,0.0,0.0,1.0,1.0,0.0
-0.6455696202531646,-0.40789510005579643,-1.0,-1.0,0.31163791341782243,0.010188650527918952,0.29209509507457176,1.0,0.0,0.0,1.0,0.0,0.0,0.0,1.0,1.0,0.0
-1.0,-1.0,-1.0,-1.0,-1.0,-1.0,-1.0,0.0,0.0,1.0,1.0,0.0,0.0,0.0,1.0,1.0,0.0
-0.620253164556962,-1.0,-1.0,-1.0,-1.0,-1.0,-1.0,1.0,0.0,0.0,0.0,1.0,1.0,0.0,0.0,1.0,0.0
-0.3417721518987342,-1.0,-1.0,-1.0,-1.0,-1.0,-1.0,0.0,0.0,1.0,1.0,0.0,0.0,0.0,1.0,1.0,0.0
-0.4683544303797469,-1.0,-1.0,-1.0,-1.0,-1.0,-1.0,1.0,0.0,0.0,0.0,1.0,0.0,0.0,1.0,1.0,0.0
-0.9493670886075949,-1.0,-1.0,-1.0,-1.0,-1.0,-1.0,0.0,1.0,0.0,1.0,0.0,0.0,0.0,1.0,1.0,0.0
-0.11392405063291144,-0.3447223122490274,-1.0,0.5027755453426912,-1.0,-0.28905434729321333,0.35713781355009666,1.0,0.0,0.0,1.0,0.0,0.0,1.0,0.0,1.0,0.0
-0.03797468354430378,-1.0,-1.0,-1.0,-1.0,-1.0,-1.0,1.0,0.0,0.0,0.0,1.0,0.0,1.0,0.0,1.0,0.0
0.139240506329114,-1.0,0.11609080513850478,0.59154446150927,0.20358338105753115,0.49677776696074205,0.5902120406154454,0.0,1.0,0.0,1.0,0.0,1.0,0.0,0.0,1.0,0.0
-0.31645569620253167,-1.0,0.3403726036845298,-1.0,0.31552024027346937,0.3511748312635514,0.4943070299730583,0.0,1.0,0.0,1.0,0.0,0.0,0.0,1.0,1.0,0.0
-0.189873417721519,0.18420979988840713,-1.0,0.35658816620371026,0.2995163276064905,-0.2513108349509553,0.4054255283347832,0.0,0.0,1.0,1.0,0.0,0.0,0.0,1.0,1.0,0.0
-0.03797468354430378,0.34473689765925797,0.3948506214667855,-0.20090145282423522,-0.8616088449879872,0.22942602451604088,0.4860888182302787,1.0,0.0,0.0,1.0,0.0,0.0,0.0,1.0,1.0,0.0
-0.5443037974683544,-1.0,0.28065931065791205,-0.7665905942836959,-0.47309575479577604,-0.2195314375127152,0.2731636225586538,1.0,0.0,0.0,1.0,0.0,0.0,0.0,1.0,1.0,0.0
0.1898734177215189,-1.0,-1.0,0.4406926328091776,-1.0,-0.7785099892122169,0.29317766851801275,1.0,0.0,0.0,1.0,0.0,0.0,0.0,1.0,1.0,0.0
-0.03797468354430378,-1.0,-1.0,-1.0,-0.23558788112085693,0.6377815277347116,0.55120708364728,1.0,0.0,0.0,1.0,0.0,0.0,0.0,1.0,1.0,0.0
-0.5696202531645569,-1.0,-1.0,-1.0,-1.0,-1.0,-1.0,0.0,0.0,1.0,1.0,0.0,0.0,0.0,1.0,1.0,0.0
-0.2911392405063291,-1.0,-1.0,-1.0,-1.0,-1.0,-1.0,1.0,0.0,0.0,0.0,1.0,0.0,0.0,1.0,1.0,0.0
-0.21518987341772156,-1.0,-1.0,-0.025885159429180238,-1.0,-1.0,-0.1259187229044817,0.0,0.0,1.0,1.0,0.0,0.0,0.0,1.0,1.0,0.0
-0.4683544303797469,0.32357342887903173,-0.7867338209790253,-1.0,-1.0,-0.499020713362466,0.2117326300051714,1.0,0.0,0.0,1.0,0.0,0.0,0.0,1.0,1.0,0.0
-0.5189873417721519,0.06707648412250133,-1.0,0.41590965706036376,-1.0,-1.0,0.30671874225238205,0.0,0.0,1.0,1.0,0.0,0.0,0.0,1.0,1.0,0.0
-0.21518987341772156,-1.0,0.47395259528154,-1.0,0.028886787507560463,-0.19955383001457783,0.467903123893751,0.0,1.0,0.0,1.0,0.0,0.0,0.0,1.0,1.0,0.0
-0.49367088607594933,-1.0,-1.0,-1.0,-1.0,-1.0,-1.0,0.0,0.0,1.0,0.0,1.0,0.0,0.0,1.0,1.0,0.0
-0.4177215189873418,-1.0,-1.0,-1.0,-1.0,-1.0,-1.0,0.0,0.0,1.0,0.0,1.0,0.0,0.0,1.0,1.0,0.0
-0.4683544303797469,-0.6636483178693894,-0.7308880444503403,0.06455154226793791,-0.42291926273692904,0.22851787479972296,0.22453211175517773,1.0,0.0,0.0,1.0,0.0,0.0,1.0,0.0,1.0,0.0
0.7215189873417722,-1.0,0.09863703495932863,-1.0,0.48976301299797176,-0.46794256496556785,0.45272285777196863,1.0,0.0,0.0,1.0,0.0,0.0,0.0,1.0,1.0,0.0
0.31645569620253156,-1.0,-1.0,-1.0,-1.0,-1.0,-1.0,0.0,0.0,1.0,0.0,1.0,0.0,0.0,1.0,1.0,0.0
0.3924050632911391,-0.13413849409826228,-1.0,-1.0,-1.0,-1.0,-0.21015001531196242,1.0,0.0,0.0,1.0,0.0,0.0,0.0,1.0,1.0,0.0
-0.4683544303797469,-1.0,-1.0,-1.0,-1.0,-1.0,-1.0,1.0,0.0,0.0,0.0,1.0,1.0,0.0,0.0,1.0,0.0
-0.5189873417721519,-0.8551412152377926,-0.03524373085873089,-1.0,0.10634780570115177,-0.056040691786899854,0.18703112924825693,1.0,0.0,0.0,1.0,0.0,0.0,0.0,1.0,1.0,0.0
-0.5189873417721519,-0.16251925762563446,-1.0,-1.0,-0.2490529531958,0.39002681579658094,0.3320998299778639,1.0,0.0,0.0,1.0,0.0,0.0,1.0,0.0,1.0,0.0
0.139240506329114,-1.0,-1.0,-1.0,-1.0,-1.0,-1.0,0.0,0.0,1.0,0.0,1.0,0.0,1.0,0.0,1.0,0.0
-0.08860759493670889,-1.0,-1.0,-1.0,-1.0,-1.0,-1.0,0.0,0.0,1.0,0.0,1.0,1.0,0.0,0.0,1.0,0.0
-0.012658227848101333,-1.0,0.419277414713247,-1.0,-0.011949242073952537,0.19970247626191107,0.4509380835878005,1.0,0.0,0.0,1.0,0.0,0.0,0.0,1.0,1.0,0.0
-0.3924050632911392,-1.0,-1.0,-1.0,-1.0,-1.0,-1.0,0.0,1.0,0.0,0.0,1.0,0.0,0.0,1.0,1.0,0.0
-0.012658227848101333,0.24306228809839592,-1.0,-0.3338379252482363,0.22758001892095692,-1.0,0.2907878396361492,1.0,0.0,0.0,1.0,0.0,0.0,0.0,1.0,1.0,0.0
-0.3924050632911392,0.05668989698562399,-1.0,0.2534827338918497,0.2367516463027397,0.19970247626191107,0.3800888008228971,1.0,0.0,0.0,1.0,0.0,0.0,0.0,1.0,1.0,0.0
-0.44303797468354433,-1.0,-1.0,-1.0,-1.0,-1.0,-1.0,0.0,0.0,1.0,0.0,1.0,0.0,0.0,1.0,1.0,0.0
-0.4683544303797469,-1.0,-1.0,-1.0,-1.0,-1.0,-1.0,0.0,0.0,1.0,0.0,1.0,0.0,0.0,1.0,1.0,0.0
-1.0,-1.0,-1.0,-1.0,-1.0,-1.0,-1.0,1.0,0.0,0.0,0.0,1.0,0.0,0.0,1.0,1.0,0.0
-0.31645569620253167,-1.0,0.535058963046628,-1.0,-1.0,0.39002681579658094,0.5665265356209195,0.0,1.0,0.0,1.0,0.0,0.0,0.0,1.0,1.0,0.0
-0.189873417721519,0.376712646997853,-1.0,0.5729719213374813,-1.0,-1.0,0.4811595521309302,0.0,0.0,1.0,1.0,0.0,0.0,0.0,1.0,1.0,0.0
0.5696202531645569,0.2061564569127463,0.3730860480872664,0.408463889602271,0.7003908789689304,-0.10196395864476704,0.6968326223903067,0.0,1.0,0.0,1.0,0.0,1.0,0.0,0.0,1.0,0.0
-0.5443037974683544,-1.0,-1.0,-1.0,-1.0,-1.0,-1.0,1.0,0.0,0.0,0.0,1.0,1.0,0.0,0.0,1.0,0.0
0.03797468354430378,-1.0,-1.0,-1.0,-1.0,-1.0,-1.0,0.0,1.0,0.0,0.0,1.0,0.0,0.0,1.0,1.0,0.0
-0.4177215189873418,0.4910997940349271,-1.0,-0.18657298641838826,-1.0,-1.0,0.3669164016149582,1.0,0.0,0.0,1.0,0.0,0.0,0.0,1.0,1.0,0.0
-0.3417721518987342,-1.0,-1.0,-1.0,-1.0,-1.0,-1.0,1.0,0.0,0.0,0.0,1.0,0.0,0.0,1.0,1.0,0.0
-0.2405063291139241,-1.0,0.7439675080125381,-1.0,-1.0,-0.6755229990923698,0.712776351854425,0.0,1.0,0.0,1.0,0.0,1.0,0.0,0.0,1.0,0.0
-0.8987341772151899,-1.0,-1.0,-1.0,-1.0,-1.0,-1.0,1.0,0.0,0.0,1.0,0.0,1.0,0.0,0.0,1.0,0.0
0.21518987341772156,-0.4639587993442762,-1.0,-1.0,-1.0,0.3469197369627144,0.2764915990842052,1.0,0.0,0.0,1.0,0.0,0.0,0.0,1.0,1.0,0.0
-1.0,-1.0,-1.0,-1.0,-1.0,-1.0,-1.0,1.0,0.0,0.0,0.0,1.0,0.0,0.0,1.0,1.0,0.0
0.240506329113924,0.07817574986242226,-1.0,-0.37442921457910205,0.2707621603434376,-0.8602553620751245,0.2678136608105952,1.0,0.0,0.0,1.0,0.0,0.0,0.0,1.0,1.0,0.0
-0.4683544303797469,-1.0,-1.0,-1.0,-1.0,-1.0,-1.0,1.0,0.0,0.0,0.0,1.0,0.0,0.0,1.0,1.0,0.0
-0.36708860759493667,-1.0,-1.0,-1.0,-1.0,-1.0,-1.0,0.0,1.0,0.0,0.0,1.0,0.0,0.0,1.0,1.0,0.0
-0.1392405063291139,-1.0,-1.0,-0.34328207546548817,-0.5848265349639614,-0.4287989852180887,-0.2742953083072208,0.0,1.0,0.0,1.0,0.0,0.0,1.0,0.0,0.0,1.0
-0.31645569620253167,-1.0,-1.0,-1.0,-1.0,-1.0,-1.0,1.0,0.0,0.0,0.0,1.0,0.0,0.0,1.0,1.0,0.0
0.08860759493670889,-0.32729663573877876,-0.8654440222251701,0.5006038903503489,-1.0,-1.0,0.3505416793177798,0.0,0.0,1.0,1.0,0.0,0.0,0.0,1.0,1.0,0.0
-0.189873417721519,0.059335338010751304,-1.0,0.04989342739107472,0.3225359107853423,-1.0,0.3262004918050192,0.0,0.0,1.0,1.0,0.0,0.0,0.0,1.0,1.0,0.0
-0.03797468354430378,-1.0,-1.0,-1.0,-1.0,-1.0,-1.0,1.0,0.0,0.0,0.0,1.0,0.0,0.0,1.0,1.0,0.0
-0.3417721518987342,-1.0,-1.0,-1.0,-1.0,-1.0,-1.0,0.0,0.0,1.0,0.0,1.0,0.0,0.0,1.0,1.0,0.0
-0.4177215189873418,0.041509248252832975,0.20287382207765914,-0.385916249737544,-0.21894022317537787,-0.8602553620751245,0.24971763714062,1.0,0.0,0.0,1.0,0.0,1.0,0.0,0.0,1.0,0.0
-0.31645569620253167,-1.0,-1.0,-0.5865750491295142,0.32067119592151383,-0.36785647232007146,0.2680601258366466,1.0,0.0,0.0,1.0,0.0,0.0,0.0,1.0,1.0,0.0
-0.4177215189873418,-1.0,-1.0,-1.0,-1.0,-1.0,-1.0,0.0,0.0,1.0,0.0,1.0,0.0,0.0,1.0,1.0,0.0
-0.4177215189873418,-1.0,0.22560641436773787,-0.130122117763107,0.3138656211375297,-0.4540329883045867,0.37340385572274326,1.0,0.0,0.0,1.0,0.0,0.0,0.0,1.0,1.0,0.0
-0.3417721518987342,-1.0,-1.0,-1.0,-1.0,-1.0,-1.0,1.0,0.0,0.0,0.0,1.0,0.0,0.0,1.0,1.0,0.0
-0.06329113924050633,-1.0,-1.0,-1.0,-1.0,-1.0,-1.0,0.0,0.0,1.0,0.0,1.0,0.0,0.0,1.0,1.0,0.0
-0.5949367088607596,-1.0,0.42223725631774034,-1.0,-1.0,0.3391844315488106,0.47452148873350586,1.0,0.0,0.0,1.0,0.0,0.0,1.0,0.0,1.0,0.0
-0.11392405063291144,0.5431581770492566,-1.0,-1.0,-1.0,-1.0,0.4076887056483811,1.0,0.0,0.0,1.0,0.0,0.0,0.0,1.0,1.0,0.0
-0.31645569620253167,-1.0,-1.0,-1.0,-1.0,-1.0,-1.0,0.0,0.0,1.0,1.0,0.0,0.0,0.0,1.0,1.0,0.0
-0.3924050632911392,0.27205709666098765,-1.0,0.6293494563321849,-1.0,-1.0,0.4975863092368886,0.0,0.0,1.0,1.0,0.0,0.0,0.0,1.0,1.0,0.0
-0.6962025316455696,-1.0,-1.0,-1.0,-1.0,-1.0,-1.0,0.0,0.0,1.0,0.0,1.0,0.0,0.0,1.0,1.0,0.0
0.620253164556962,-1.0,-1.0,0.42152562448314246,-1.0,-1.0,0.2755466619768592,1.0,0.0,0.0,1.0,0.0,0.0,0.0,1.0,1.0,0.0
-0.4177215189873418,-1.0,-1.0,-1.0,-1.0,-1.0,-1.0,0.0,1.0,0.0,0.0,1.0,1.0,0.0,0.0,1.0,0.0
-0.03797468354430378,-0.15875362330791187,0.2830283016534716,-1.0,-1.0,-0.46794256496556785,0.27672710334034045,1.0,0.0,0.0,1.0,0.0,0.0,0.0,1.0,1.0,0.0
0.03797468354430378,-1.0,-1.0,-1.0,-1.0,-1.0,-1.0,0.0,1.0,0.0,0.0,1.0,1.0,0.0,0.0,1.0,0.0
-0.3924050632911392,-1.0,-0.14220033596201886,-1.0,0.47611105936478704,-0.1216487427128865,0.4272529862670065,1.0,0.0,0.0,1.0,0.0,0.0,0.0,1.0,1.0,0.0
-0.5949367088607596,-1.0,0.47580279318285346,-1.0,-0.08663043879110688,-0.14346556405793753,0.4644178225968989,0.0,1.0,0.0,1.0,0.0,0.0,0.0,1.0,1.0,0.0
-0.31645569620253167,-1.0,-0.7867338209790253,-0.16885786344836606,-1.0,0.3481805847002313,0.2865880492117525,1.0,0.0,0.0,1.0,0.0,0.0,0.0,1.0,1.0,0.0
-0.4177215189873418,0.4845023259286274,-0.1469352839161011,-0.852735061170152,-0.7806552088744709,-1.0,0.3667696985133764,0.0,0.0,1.0,1.0,0.0,0.0,0.0,1.0,1.0,0.0
-0.6708860759493671,-1.0,-1.0,-1.0,-1.0,-1.0,-1.0,0.0,1.0,0.0,0.0,1.0,0.0,0.0,1.0,1.0,0.0
-0.26582278481012656,-0.37393074834497464,0.48645655959420697,-0.385916249737544,-1.0,-1.0,0.46300566302056945,1.0,0.0,0.0,1.0,0.0,0.0,0.0,1.0,1.0,0.0
-1.0,-1.0,-1.0,-1.0,-1.0,-1.0,-1.0,1.0,0.0,0.0,0.0,1.0,0.0,0.0,1.0,1.0,0.0
-0.44303797468354433,-0.5933299775945341,-0.399956818234266,-1.0,0.33033597431869954,-1.0,0.27672710334034045,1.0,0.0,0.0,1.0,0.0,0.0,0.0,1.0,1.0,0.0
-0.36708860759493667,-0.7704042582518641,-0.2567717202028965,-0.18657298641838826,-1.0,0.351669577269196,0.2985001993479246,1.0,0.0,0.0,1.0,0.0,0.0,0.0,1.0,1.0,0.0
0.139240506329114,-1.0,-1.0,0.6475958048586916,-0.11299698542437708,-1.0,0.48514466109897203,1.0,0.0,0.0,1.0,0.0,0.0,0.0,1.0,1.0,0.0
-0.620253164556962,-1.0,-1.0,-1.0,-1.0,-1.0,-1.0,1.0,0.0,0.0,0.0,1.0,0.0,0.0,1.0,1.0,0.0
-0.189873417721519,0.8433193617323165,-1.0,-1.0,-0.05438845886969246,-0.8602553620751245,0.6846830616551609,0.0,0.0,1.0,1.0,0.0,0.0,0.0,1.0,1.0,0.0
-0.1392405063291139,0.24141886901040843,-1.0,0.5710221517927232,-1.0,-1.0,0.4496122116784955,0.0,0.0,1.0,1.0,0.0,0.0,0.0,1.0,1.0,0.0
-0.26582278481012656,-0.11512657050089148,-0.16187521071819122,0.39603926070264595,-0.27373324999522164,-0.4410214483004983,0.2985001993479246,1.0,0.0,0.0,1.0,0.0,0.0,0.0,1.0,1.0,0.0
-0.5189873417721519,-1.0,-1.0,-1.0,-1.0,-1.0,-1.0,0.0,0.0,1.0,0.0,1.0,0.0,0.0,1.0,1.0,0.0
-0.36708860759493667,0.45442416764826743,-1.0,0.39781716561289304,-1.0,-0.5807660862253737,0.42671792930310004,0.0,0.0,1.0,1.0,0.0,0.0,1.0,0.0,1.0,0.0
-0.5189873417721519,0.2643159505492376,-1.0,-1.0,-1.0,-1.0,0.1533252458684604,1.0,0.0,0.0,1.0,0.0,1.0,0.0,0.0,1.0,0.0
-0.012658227848101333,-1.0,-1.0,0.39514469770968264,-0.1927796138817054,-0.8602553620751245,0.2665765333601957,1.0,0.0,0.0,1.0,0.0,0.0,0.0,1.0,1.0,0.0
-0.4683544303797469,-1.0,-0.6222536135015577,-1.0,0.2751802657768929,-1.0,0.21951496243606505,1.0,0.0,0.0,1.0,0.0,0.0,0.0,1.0,1.0,0.0
-0.49367088607594933,-1.0,-0.6222536135015577,0.3417508371475606,-0.3921421186822598,-1.0,0.2127229733808529,1.0,0.0,0.0,1.0,0.0,1.0,0.0,0.0,1.0,0.0
-0.31645569620253167,-1.0,-1.0,-1.0,-1.0,-1.0,-1.0,0.0,1.0,0.0,0.0,1.0,1.0,0.0,0.0,1.0,0.0
-0.4177215189873418,-1.0,-1.0,-1.0,-1.0,-1.0,-1.0,0.0,0.0,1.0,0.0,1.0,0.0,0.0,1.0,1.0,0.0
-1.0,-1.0,-1.0,-1.0,-1.0,-1.0,-1.0,1.0,0.0,0.0,1.0,0.0,0.0,0.0,1.0,1.0,0.0
-0.8987341772151899,-1.0,-1.0,-1.0,-1.0,-1.0,-1.0,1.0,0.0,0.0,1.0,0.0,1.0,0.0,0.0,1.0,0.0
0.03797468354430378,-1.0,0.7437726296005309,-1.0,0.6138253086387413,0.7484503444063215,0.8574952091778503,0.0,1.0,0.0,1.0,0.0,0.0,0.0,1.0,0.0,1.0
-0.5443037974683544,-1.0,-1.0,-1.0,-1.0,-1.0,-1.0,0.0,0.0,1.0,0.0,1.0,0.0,0.0,1.0,1.0,0.0
-0.4683544303797469,-1.0,-0.3531416579518979,0.5031353394963272,-1.0,0.258487741914468,0.4205097153382329,1.0,0.0,0.0,1.0,0.0,0.0,1.0,0.0,1.0,0.0
-0.4683544303797469,-1.0,-1.0,-1.0,-1.0,-1.0,-1.0,1.0,0.0,0.0,0.0,1.0,0.0,1.0,0.0,1.0,0.0
-0.1392405063291139,-1.0,-1.0,-1.0,-1.0,-1.0,-1.0,0.0,1.0,0.0,0.0,1.0,0.0,0.0,1.0,1.0,0.0
-0.8987341772151899,-1.0,-1.0,-1.0,-1.0,-1.0,-1.0,1.0,0.0,0.0,0.0,1.0,0.0,0.0,1.0,1.0,0.0
-0.9493670886075949,-1.0,-1.0,-1.0,-1.0,-1.0,-1.0,1.0,0.0,0.0,1.0,0.0,0.0,0.0,1.0,1.0,0.0
-0.3924050632911392,-1.0,-1.0,0.6566000045039075,-1.0,-0.1957853297117753,0.49058746428822664,1.0,0.0,0.0,1.0,0.0,1.0,0.0,0.0,1.0,0.0
-0.7721518987341772,-1.0,-1.0,-1.0,-1.0,-1.0,-1.0,1.0,0.0,0.0,1.0,0.0,0.0,0.0,1.0,1.0,0.0
0.5443037974683544,-1.0,-1.0,-1.0,-1.0,-1.0,-1.0,1.0,0.0,0.0,0.0,1.0,0.0,1.0,0.0,1.0,0.0
-0.6455696202531646,-1.0,-1.0,-1.0,-1.0,-1.0,-1.0,0.0,0.0,1.0,0.0,1.0,0.0,0.0,1.0,1.0,0.0
-0.5189873417721519,-0.23979159788240956,-1.0,0.5215467302822325,-1.0,-1.0,0.3706915877722021,0.0,0.0,1.0,1.0,0.0,0.0,0.0,1.0,1.0,0.0
-0.26582278481012656,-1.0,-1.0,0.19177938532237793,0.19372180958902452,-0.20730897443030571,0.2534768707710904,1.0,0.0,0.0,1.0,0.0,0.0,0.0,1.0,1.0,0.0
0.26582278481012667,-0.15141999188571376,-0.33974853807377825,-1.0,-1.0,0.30394560063923626,0.25690243456684425,1.0,0.0,0.0,1.0,0.0,1.0,0.0,0.0,1.0,0.0
-0.4683544303797469,-0.4205648609511705,-0.3333832713674393,-0.47206071662399995,-0.7806552088744709,0.20231064842101465,0.16339586589100752,1.0,0.0,0.0,1.0,0.0,0.0,0.0,1.0,1.0,0.0
0.06329113924050622,-1.0,0.4728733124101925,-1.0,-0.06334315395992085,-0.6387653512873415,0.4570673422865079,1.0,0.0,0.0,1.0,0.0,0.0,0.0,1.0,1.0,0.0
-0.8987341772151899,-1.0,-1.0,-1.0,-1.0,-1.0,-1.0,0.0,0.0,1.0,1.0,0.0,0.0,0.0,1.0,1.0,0.0
-0.11392405063291144,-1.0,-1.0,-1.0,-1.0,-1.0,-1.0,0.0,0.0,1.0,0.0,1.0,0.0,0.0,1.0,1.0,0.0
0.4430379746835442,-1.0,-0.48769763572672786,-1.0,-0.20730647247606515,0.8819900633778432,0.780694220196547,0.0,1.0,0.0,1.0,0.0,0.0,0.0,1.0,1.0,0.0
-0.4177215189873418,-1.0,-1.0,-1.0,-1.0,-1.0,-1.0,0.0,1.0,0.0,0.0,1.0,0.0,0.0,1.0,1.0,0.0
-0.189873417721519,0.4730214856779762,0.03045813406809783,-1.0,-1.0,-0.5570199784244338,0.37551819167705336,1.0,0.0,0.0,1.0,0.0,1.0,0.0,0.0,1.0,0.0
-0.012658227848101333,-1.0,-1.0,-1.0,-1.0,-1.0,-1.0,0.0,1.0,0.0,0.0,1.0,0.0,0.0,1.0,1.0,0.0
0.012658227848101333,-1.0,-0.8654440222251701,0.12137977940066769,0.26376823218314005,-1.0,0.2638262595866594,1.0,0.0,0.0,1.0,0.0,0.0,0.0,1.0,1.0,0.0
-0.7721518987341772,-1.0,-1.0,-1.0,-1.0,-1.0,-1.0,1.0,0.0,0.0,0.0,1.0,0.0,0.0,1.0,1.0,0.0
-0.6455696202531646,-1.0,0.33038463738980406,-1.0,0.7908503448673139,0.20022681698952183,0.7397829560784499,0.0,1.0,0.0,1.0,0.0,0.0,0.0,1.0,1.0,0.0
-0.31645569620253167,-1.0,-1.0,-1.0,-1.0,-1.0,-1.0,0.0,0.0,1.0,0.0,1.0,0.0,0.0,1.0,1.0,0.0
-0.2405063291139241,-1.0,-1.0,-1.0,-1.0,-1.0,-1.0,0.0,1.0,0.0,1.0,0.0,0.0,0.0,1.0,1.0,0.0
0.21518987341772156,0.0342267326558634,-0.058108155576190756,-1.0,0.6610347782977937,0.26160145471047036,0.619521489899401,0.0,1.0,0.0,1.0,0.0,1.0,0.0,0.0,1.0,0.0
0.08860759493670889,-1.0,-1.0,-1.0,-1.0,-1.0,-1.0,1.0,0.0,0.0,0.0,1.0,0.0,0.0,1.0,1.0,0.0
0.4177215189873418,-1.0,-0.2329717599790495,-1.0,-0.7806552088744709,0.32276214999395436,0.26458027772622783,1.0,0.0,0.0,1.0,0.0,0.0,0.0,1.0,1.0,0.0
0.11392405063291133,-1.0,-0.05213466143846146,0.18785213122886213,0.2616213702824417,-1.0,0.3077215887053657,1.0,0.0,0.0,1.0,0.0,0.0,0.0,1.0,1.0,0.0
-0.21518987341772156,-1.0,-1.0,-1.0,-1.0,-1.0,-1.0,1.0,0.0,0.0,0.0,1.0,0.0,0.0,1.0,1.0,0.0
-0.3417721518987342,0.39907677836782174,-1.0,-1.0,-1.0,-0.2513108349509553,0.28546728953998235,1.0,0.0,0.0,1.0,0.0,0.0,1.0,0.0,1.0,0.0
-0.26582278481012656,0.3909008479740026,-1.0,-0.658061401139107,-1.0,-0.35927607543759066,0.2753096940518822,1.0,0.0,0.0,1.0,0.0,0.0,0.0,1.0,1.0,0.0
0.012658227848101333,-1.0,-1.0,-0.42465199542280296,0.3310994790083679,-0.5165629810276651,0.27672710334034045,1.0,0.0,0.0,1.0,0.0,0.0,0.0,1.0,1.0,0.0
0.06329113924050622,-1.0,-1.0,0.5775796334328658,-0.16350931647416544,-0.16470718131487705,0.42948396970658376,1.0,0.0,0.0,1.0,0.0,0.0,0.0,1.0,1.0,0.0
-0.5949367088607596,-1.0,-0.7308880444503403,-1.0,-1.0,0.41188029663734604,0.33558832020034934,1.0,0.0,0.0,1.0,0.0,0.0,0.0,1.0,1.0,0.0
-0.49367088607594933,0.4304777975705907,-0.2051925602989485,-0.26367530585075993,-0.487891873354127,-1.0,0.32455938550630026,0.0,0.0,1.0,1.0,0.0,0.0,0.0,1.0,1.0,0.0
-0.16455696202531644,-0.02540161897517723,-1.0,0.485529598265096,-1.0,-1.0,0.3505416793177798,0.0,0.0,1.0,1.0,0.0,0.0,0.0,1.0,1.0,0.0
0.21518987341772156,0.33050988036605666,-0.6222536135015577,-0.852735061170152,0.01203831864946392,-1.0,0.2612911069207595,0.0,0.0,1.0,1.0,0.0,0.0,0.0,1.0,1.0,0.0
-0.44303797468354433,-1.0,-0.07721766163940857,0.19255619933932877,-1.0,0.08648480258697289,0.22172622947739673,1.0,0.0,0.0,1.0,0.0,0.0,1.0,0.0,1.0,0.0
-0.9493670886075949,-1.0,-1.0,-1.0,-1.0,-1.0,-1.0,0.0,1.0,0.0,1.0,0.0,0.0,0.0,1.0,1.0,0.0
-0.49367088607594933,-1.0,-1.0,-1.0,-1.0,-1.0,-1.0,1.0,0.0,0.0,0.0,1.0,0.0,1.0,0.0,1.0,0.0
0.5443037974683544,-1.0,-0.22564548516224592,0.42388775576080495,-0.7232176899759744,-1.0,0.29035008818985286,1.0,0.0,0.0,1.0,0.0,0.0,0.0,1.0,1.0,0.0
-0.5443037974683544,-1.0,-1.0,-1.0,-1.0,-1.0,-1.0,1.0,0.0,0.0,0.0,1.0,0.0,0.0,1.0,1.0,0.0
-0.2911392405063291,-0.6255454734896567,0.5321083768946999,-0.43931011029966616,-1.0,0.02066419613668513,0.5166944340956008,0.0,1.0,0.0,1.0,0.0,1.0,0.0,0.0,1.0,0.0
-0.06329113924050633,-1.0,-1.0,-1.0,-1.0,-1.0,-1.0,1.0,0.0,0.0,0.0,1.0,0.0,0.0,1.0,1.0,0.0
-0.5189873417721519,-1.0,-1.0,-1.0,-1.0,-1.0,-1.0,0.0,1.0,0.0,0.0,1.0,1.0,0.0,0.0,1.0,0.0
-0.26582278481012656,-1.0,-1.0,-1.0,-1.0,-1.0,-1.0,1.0,0.0,0.0,0.0,1.0,0.0,0.0,1.0,1.0,0.0
-0.620253164556962,-1.0,-1.0,-1.0,-1.0,-1.0,-1.0,0.0,1.0,0.0,0.0,1.0,0.0,0.0,1.0,1.0,0.0
0.5696202531645569,-1.0,-1.0,-1.0,-1.0,-1.0,-1.0,0.0,1.0,0.0,0.0,1.0,0.0,0.0,1.0,1.0,0.0
-0.189873417721519,-1.0,-0.22564548516224592,-1.0,0.3204033806794273,-1.0,0.27388166736646213,1.0,0.0,0.0,1.0,0.0,0.0,0.0,1.0,1.0,0.0
0.240506329113924,-0.3637342358463982,0.7133033266313449,0.09730214859227182,0.6315107701469924,0.575289567762689,0.8060733144174812,0.0,1.0,0.0,1.0,0.0,0.0,0.0,1.0,1.0,0.0
0.139240506329114,0.41667826110151185,-1.0,0.28879560052847575,-1.0,-1.0,0.3682316740148377,0.0,0.0,1.0,1.0,0.0,0.0,0.0,1.0,1.0,0.0
-0.31645569620253167,-1.0,0.5751790180273759,-1.0,-0.12262083549788372,0.30736015162997177,0.5847713813674933,0.0,1.0,0.0,1.0,0.0,0.0,0.0,1.0,0.0,1.0
-0.3417721518987342,-1.0,-1.0,-1.0,-1.0,-1.0,-1.0,0.0,1.0,0.0,0.0,1.0,1.0,0.0,0.0,1.0,0.0
0.08860759493670889,-1.0,0.48442769964380905,-1.0,0.6240971528573025,-0.3076776303962323,0.6430338486810396,0.0,1.0,0.0,1.0,0.0,1.0,0.0,0.0,1.0,0.0
-0.3417721518987342,-1.0,-1.0,0.6009370579185607,-0.8616088449879872,-1.0,0.43663577670740894,1.0,0.0,0.0,1.0,0.0,0.0,0.0,1.0,1.0,0.0
0.08860759493670889,-1.0,-0.00416743105741868,-0.7054701223403039,-1.0,0.2330182602384685,0.22699202551254238,1.0,0.0,0.0,1.0,0.0,0.0,1.0,0.0,1.0,0.0
-0.4177215189873418,-1.0,0.3639927507807157,-1.0,-1.0,0.39145161957915975,0.460059623524981,1.0,0.0,0.0,1.0,0.0,0.0,0.0,1.0,1.0,0.0
-0.6455696202531646,-1.0,-1.0,-1.0,-1.0,-1.0,-1.0,1.0,0.0,0.0,0.0,1.0,0.0,1.0,0.0,1.0,0.0
-0.21518987341772156,-1.0,0.5204530007474921,-0.852735061170152,-0.8616088449879872,-1.0,0.4933272576151626,0.0,1.0,0.0,1.0,0.0,0.0,0.0,1.0,1.0,0.0
-0.31645569620253167,-0.4340525761212535,0.37423422439015797,0.3030919160507164,-0.487891873354127,-0.5357783611674942,0.416029117298665,1.0,0.0,0.0,1.0,0.0,0.0,0.0,1.0,1.0,0.0
-0.2405063291139241,-1.0,-1.0,-1.0,-1.0,-1.0,-1.0,0.0,0.0,1.0,0.0,1.0,0.0,0.0,1.0,1.0,0.0
-0.3417721518987342,-1.0,-1.0,-1.0,-1.0,-1.0,-1.0,0.0,1.0,0.0,0.0,1.0,0.0,0.0,1.0,1.0,0.0
0.012658227848101333,-0.7102824304755853,-1.0,-0.12315564456996997,-1.0,0.3327751321937258,0.2760197159940232,1.0,0.0,0.0,1.0,0.0,0.0,0.0,1.0,1.0,0.0
-0.49367088607594933,0.38350957290217513,-0.45000744077727617,-1.0,-1.0,-0.31428835037971126,0.2731636225586538,1.0,0.0,0.0,1.0,0.0,0.0,0.0,1.0,1.0,0.0
-0.49367088607594933,-1.0,-1.0,-1.0,-1.0,-1.0,-1.0,0.0,0.0,1.0,0.0,1.0,0.0,0.0,1.0,1.0,0.0
-0.5443037974683544,-1.0,-1.0,-1.0,-1.0,-1.0,-1.0,0.0,1.0,0.0,0.0,1.0,1.0,0.0,0.0,1.0,0.0
-0.4177215189873418,-1.0,-1.0,-1.0,-1.0,-1.0,-1.0,0.0,0.0,1.0,0.0,1.0,0.0,0.0,1.0,1.0,0.0
-0.5189873417721519,0.19271214056960906,-0.6521778432041954,0.37378674253648714,-1.0,-1.0,0.30671874225238205,0.0,0.0,1.0,1.0,0.0,0.0,0.0,1.0,1.0,0.0
-0.5443037974683544,0.02044237151630557,-1.0,0.4635350620100185,-0.8616088449879872,-1.0,0.3373089155539122,0.0,0.0,1.0,1.0,0.0,0.0,0.0,1.0,1.0,0.0
0.03797468354430378,-1.0,-1.0,-1.0,-1.0,-1.0,-1.0,0.0,0.0,1.0,0.0,1.0,1.0,0.0,0.0,1.0,0.0
-0.5443037974683544,-1.0,-1.0,-1.0,-1.0,-1.0,-1.0,1.0,0.0,0.0,0.0,1.0,0.0,1.0,0.0,1.0,0.0
0.03797468354430378,0.37439697731782773,0.2549268387877468,-0.7665905942836959,0.4679606937137455,0.7101262291158834,0.7072234360844667,0.0,1.0,0.0,1.0,0.0,1.0,0.0,0.0,1.0,0.0
-0.03797468354430378,-1.0,0.5745972877692682,0.19021718418869282,-0.7806552088744709,0.6458657100216953,0.6909484282631917,0.0,1.0,0.0,1.0,0.0,0.0,0.0,1.0,1.0,0.0
-0.31645569620253167,-1.0,-1.0,-1.0,-1.0,-1.0,-1.0,1.0,0.0,0.0,0.0,1.0,0.0,0.0,1.0,1.0,0.0
0.620253164556962,-1.0,-1.0,-0.398060034713992,0.31743345632520215,0.023200190532007392,0.29871004050405636,1.0,0.0,0.0,1.0,0.0,0.0,0.0,1.0,1.0,0.0
-0.3924050632911392,-1.0,0.20247805590213153,-0.34328207546548817,-1.0,0.05247017527397135,0.24753574584356097,1.0,0.0,0.0,1.0,0.0,0.0,0.0,1.0,1.0,0.0
-0.03797468354430378,-1.0,-1.0,-1.0,-1.0,-1.0,-1.0,1.0,0.0,0.0,0.0,1.0,0.0,1.0,0.0,1.0,0.0
-0.5949367088607596,-1.0,-1.0,-1.0,-1.0,-1.0,-1.0,1.0,0.0,0.0,0.0,1.0,0.0,0.0,1.0,1.0,0.0
0.4430379746835442,-1.0,-1.0,-1.0,-1.0,-1.0,-1.0,1.0,0.0,0.0,0.0,1.0,1.0,0.0,0.0,1.0,0.0
-0.21518987341772156,-1.0,-1.0,0.11025376114633412,0.272132019803236,-1.0,0.2670723481288735,1.0,0.0,0.0,1.0,0.0,0.0,0.0,1.0,1.0,0.0
0.21518987341772156,-1.0,-1.0,-1.0,0.5884202234418481,0.4715678207797229,0.5962958819136182,0.0,1.0,0.0,1.0,0.0,0.0,0.0,1.0,1.0,0.0
-0.5189873417721519,-1.0,-1.0,-1.0,-1.0,-1.0,-1.0,1.0,0.0,0.0,0.0,1.0,0.0,0.0,1.0,1.0,0.0
-0.26582278481012656,0.16049664467448643,-1.0,0.41563849123293806,-0.5613104177489419,-0.7205107241502491,0.32638196794542274,0.0,0.0,1.0,1.0,0.0,0.0,0.0,1.0,1.0,0.0
-0.5443037974683544,0.7029800522575316,-1.0,0.1430043674706678,-1.0,-1.0,0.5650280648454955,0.0,0.0,1.0,1.0,0.0,0.0,0.0,1.0,1.0,0.0
-0.36708860759493667,-1.0,-1.0,-1.0,-1.0,-1.0,-1.0,0.0,1.0,0.0,0.0,1.0,1.0,0.0,0.0,1.0,0.0
-0.21518987341772156,-1.0,-1.0,-1.0,-1.0,-1.0,-1.0,0.0,0.0,1.0,0.0,1.0,0.0,0.0,1.0,1.0,0.0
-0.012658227848101333,-1.0,0.5411752473650195,-1.0,-0.026636467129174002,-0.0037209261330621857,0.5309846953389878,0.0,1.0,0.0,1.0,0.0,0.0,0.0,1.0,1.0,0.0
-0.5443037974683544,-1.0,-1.0,-1.0,-1.0,-1.0,-1.0,0.0,0.0,1.0,0.0,1.0,0.0,0.0,1.0,1.0,0.0
0.06329113924050622,-1.0,-1.0,-1.0,-1.0,-1.0,-1.0,0.0,1.0,0.0,0.0,1.0,1.0,0.0,0.0,1.0,0.0
0.3417721518987342,-1.0,-1.0,-1.0,-1.0,-1.0,-1.0,0.0,0.0,1.0,0.0,1.0,0.0,0.0,1.0,1.0,0.0
0.03797468354430378,0.717225397907411,-1.0,-0.852735061170152,-1.0,-0.4063749077027098,0.5674507313656785,0.0,0.0,1.0,1.0,0.0,0.0,0.0,1.0,1.0,0.0
-0.44303797468354433,-1.0,0.6604005827328783,-1.0,0.3947269306676484,-0.7785099892122169,0.6667510787459769,0.0,1.0,0.0,1.0,0.0,1.0,0.0,0.0,1.0,0.0
-0.31645569620253167,-1.0,0.2588184142062677,-0.3338379252482363,-0.003629028490048647,-0.6755229990923698,0.2806867953635208,1.0,0.0,0.0,1.0,0.0,0.0,0.0,1.0,1.0,0.0
-0.5189873417721519,-0.7102824304755853,-1.0,-1.0,-1.0,0.34488583425384123,0.2724428630192193,1.0,0.0,0.0,1.0,0.0,0.0,0.0,1.0,1.0,0.0
-0.4177215189873418,0.08292566001599933,-1.0,-0.558205183510456,-1.0,0.23123014300807943,0.2297220101743176,1.0,0.0,0.0,1.0,0.0,0.0,0.0,1.0,1.0,0.0
-0.26582278481012656,-1.0,0.4375788257035136,-1.0,-1.0,0.6608024348633517,0.6392758893499131,0.0,1.0,0.0,1.0,0.0,0.0,0.0,1.0,1.0,0.0
-0.7215189873417722,-1.0,-1.0,-1.0,-1.0,-1.0,-1.0,0.0,0.0,1.0,0.0,1.0,0.0,0.0,1.0,1.0,0.0
-0.2911392405063291,-1.0,-1.0,-1.0,-1.0,-1.0,-1.0,0.0,0.0,1.0,0.0,1.0,0.0,0.0,1.0,1.0,0.0
-0.49367088607594933,-1.0,-1.0,-1.0,-1.0,-1.0,-1.0,1.0,0.0,0.0,0.0,1.0,0.0,0.0,1.0,1.0,0.0
-0.4683544303797469,-1.0,-1.0,-1.0,-1.0,-1.0,-1.0,1.0,0.0,0.0,0.0,1.0,0.0,0.0,1.0,1.0,0.0
-0.9493670886075949,-1.0,-1.0,-1.0,-1.0,-1.0,-1.0,1.0,0.0,0.0,0.0,1.0,1.0,0.0,0.0,1.0,0.0
-0.31645569620253167,-1.0,-0.3531416579518979,-1.0,0.6334756301370701,0.6533617469630735,0.6944007147246012,0.0,1.0,0.0,1.0,0.0,0.0,0.0,1.0,1.0,0.0
-0.36708860759493667,-1.0,-1.0,-1.0,-1.0,-1.0,-1.0,0.0,0.0,1.0,0.0,1.0,1.0,0.0,0.0,1.0,0.0
-0.012658227848101333,-0.20445683437311757,0.43472576895652004,-1.0,-0.6114869098077889,-1.0,0.41477826438761767,1.0,0.0,0.0,1.0,0.0,0.0,0.0,1.0,1.0,0.0
-0.7974683544303798,-1.0,-1.0,-1.0,-1.0,-1.0,-1.0,1.0,0.0,0.0,0.0,1.0,0.0,0.0,1.0,1.0,0.0
-0.5189873417721519,-1.0,-1.0,-1.0,-1.0,-1.0,-1.0,1.0,0.0,0.0,0.0,1.0,0.0,0.0,1.0,1.0,0.0
-0.49367088607594933,-1.0,-1.0,-1.0,0.4648651862336448,-1.0,0.39871857703171765,1.0,0.0,0.0,1.0,0.0,0.0,0.0,1.0,1.0,0.0
-0.03797468354430378,0.6445231490793457,-1.0,-0.013260154774867972,-1.0,-1.0,0.5075200068236077,1.0,0.0,0.0,1.0,0.0,1.0,0.0,0.0,1.0,0.0
-0.36708860759493667,0.292407035986324,0.8140906393553964,-1.0,-0.6786656890936953,0.7355492447753731,0.861535178349569,0.0,1.0,0.0,1.0,0.0,1.0,0.0,0.0,1.0,0.0
-0.5443037974683544,-1.0,-0.4389116641832207,-1.0,-1.0,0.3438611362607742,0.27483487270779894,1.0,0.0,0.0,1.0,0.0,0.0,0.0,1.0,1.0,0.0
0.16455696202531644,-1.0,-1.0,-1.0,-1.0,-1.0,-1.0,0.0,0.0,1.0,0.0,1.0,0.0,0.0,1.0,1.0,0.0
0.1898734177215189,-1.0,-1.0,-1.0,-1.0,-1.0,-1.0,1.0,0.0,0.0,0.0,1.0,0.0,0.0,1.0,1.0,0.0
0.03797468354430378,-1.0,-1.0,-1.0,-1.0,-1.0,-1.0,1.0,0.0,0.0,0.0,1.0,0.0,0.0,1.0,1.0,0.0
-0.620253164556962,-1.0,-1.0,-1.0,-1.0,-1.0,-1.0,0.0,1.0,0.0,0.0,1.0,0.0,0.0,1.0,1.0,0.0
-0.4177215189873418,-1.0,-1.0,0.5151892330405281,-1.0,-1.0,0.3595917901028609,1.0,0.0,0.0,1.0,0.0,0.0,1.0,0.0,1.0,0.0
-0.36708860759493667,-1.0,-0.553014717094753,0.6155119729379583,-1.0,-0.6387653512873415,0.4509380835878005,1.0,0.0,0.0,1.0,0.0,0.0,0.0,1.0,1.0,0.0
0.49367088607594933,-1.0,-1.0,-1.0,-1.0,-1.0,-1.0,1.0,0.0,0.0,0.0,1.0,0.0,0.0,1.0,1.0,0.0
-1.0,-1.0,-1.0,-1.0,-1.0,-1.0,-1.0,1.0,0.0,0.0,1.0,0.0,1.0,0.0,0.0,1.0,0.0
-0.012658227848101333,0.24523360166041508,0.019588344975533634,-1.0,0.2367516463027397,-1.0,0.32908358147664973,1.0,0.0,0.0,1.0,0.0,0.0,0.0,1.0,1.0,0.0
-0.9240506329113924,-1.0,-1.0,-1.0,-1.0,-1.0,-1.0,1.0,0.0,0.0,0.0,1.0,0.0,0.0,1.0,1.0,0.0
-0.2911392405063291,-1.0,-1.0,-1.0,-1.0,-1.0,-1.0,0.0,1.0,0.0,0.0,1.0,0.0,0.0,1.0,1.0,0.0
-0.6455696202531646,-1.0,-1.0,-1.0,-1.0,-1.0,-1.0,0.0,1.0,0.0,0.0,1.0,0.0,0.0,1.0,1.0,0.0
-0.4683544303797469,0.3977795237343804,-1.0,-0.852735061170152,-0.8616088449879872,-1.0,0.2755466619768592,1.0,0.0,0.0,1.0,0.0,0.0,0.0,1.0,1.0,0.0
0.26582278481012667,-1.0,-1.0,-1.0,0.3310994790083679,-0.3960337232426189,0.2755466619768592,1.0,0.0,0.0,1.0,0.0,0.0,0.0,1.0,1.0,0.0
-0.6455696202531646,-1.0,0.1972582954221489,0.17308073541252678,0.03457538407335736,-1.0,0.29744751488910315,1.0,0.0,0.0,1.0,0.0,0.0,0.0,1.0,1.0,0.0
-0.4177215189873418,-1.0,0.35768494248588323,0.22014925094143623,-1.0,-1.0,0.38118051845829237,1.0,0.0,0.0,1.0,0.0,0.0,0.0,1.0,1.0,0.0
-0.21518987341772156,-0.2692751980081092,0.531454640382865,-1.0,-1.0,-0.5357783611674942,0.5068876988771229,1.0,0.0,0.0,1.0,0.0,0.0,0.0,1.0,1.0,0.0
-1.0,-1.0,-1.0,-1.0,-1.0,-1.0,-1.0,0.0,0.0,1.0,1.0,0.0,0.0,0.0,1.0,1.0,0.0
-0.1392405063291139,-1.0,-1.0,-1.0,-1.0,-1.0,-1.0,0.0,1.0,0.0,0.0,1.0,1.0,0.0,0.0,1.0,0.0
-0.2405063291139241,-1.0,-1.0,-1.0,-1.0,-1.0,-1.0,0.0,1.0,0.0,0.0,1.0,0.0,1.0,0.0,1.0,0.0
-0.4683544303797469,-1.0,-1.0,-1.0,-1.0,-1.0,-1.0,0.0,0.0,1.0,0.0,1.0,0.0,0.0,1.0,1.0,0.0
0.012658227848101333,0.08174826506853794,0.3274933867251293,-1.0,-1.0,-1.0,0.3366225397590199,1.0,0.0,0.0,1.0,0.0,0.0,0.0,1.0,1.0,0.0
0.11392405063291133,-1.0,-1.0,-1.0,-1.0,-1.0,-1.0,0.0,1.0,0.0,0.0,1.0,1.0,0.0,0.0,1.0,0.0
-0.2911392405063291,-1.0,0.5691020307100052,-1.0,0.3220049098525626,0.5665461228356361,0.6694998075130008,0.0,1.0,0.0,1.0,0.0,1.0,0.0,0.0,1.0,0.0
-0.5443037974683544,-1.0,-1.0,-1.0,-1.0,-1.0,-1.0,0.0,0.0,1.0,0.0,1.0,0.0,0.0,1.0,1.0,0.0
-0.2405063291139241,-0.7704042582518641,-1.0,-0.619325655453848,-0.8616088449879872,0.3850638846726957,0.3112887739450776,1.0,0.0,0.0,1.0,0.0,0.0,0.0,1.0,1.0,0.0
-0.11392405063291144,0.4851886551182343,-1.0,0.5856541484819637,0.3193285127641676,-1.0,0.5664235700925739,0.0,0.0,1.0,1.0,0.0,0.0,0.0,1.0,1.0,0.0
0.08860759493670889,-1.0,0.4361575387551697,0.24273816596775744,0.37060964773393557,-0.02021858578185931,0.5303635130653837,0.0,1.0,0.0,1.0,0.0,0.0,0.0,1.0,1.0,0.0
-0.3924050632911392,0.7043650745172494,-1.0,0.5127981969062199,-0.7806552088744709,0.11874310398959254,0.6228061474265487,0.0,0.0,1.0,1.0,0.0,0.0,0.0,1.0,1.0,0.0
-0.4683544303797469,0.06580604221371833,-1.0,0.37997370775709216,-0.30190047148617816,-1.0,0.2874799370190644,1.0,0.0,0.0,1.0,0.0,0.0,0.0,1.0,1.0,0.0
-0.5443037974683544,-1.0,-1.0,0.3003085784669668,-1.0,0.12416094353474416,0.25374257209786033,1.0,0.0,0.0,1.0,0.0,1.0,0.0,0.0,1.0,0.0
-0.49367088607594933,-1.0,-1.0,-1.0,-1.0,-1.0,-1.0,0.0,1.0,0.0,0.0,1.0,1.0,0.0,0.0,1.0,0.0
-0.08860759493670889,-0.4988709397562451,0.5171916535759538,0.6233104406599421,-0.40188337906966964,0.16853680500879786,0.6204934542312748,0.0,1.0,0.0,1.0,0.0,0.0,0.0,1.0,1.0,0.0
-0.16455696202531644,0.49275843012533804,0.4537604135626927,-0.23283016877370677,0.2301234448202618,0.17397785507378538,0.5762587960798806,0.0,0.0,1.0,1.0,0.0,0.0,0.0,1.0,0.0,1.0
-0.5443037974683544,-0.15875362330791187,0.24114456426839403,-0.16885786344836606,-1.0,-0.8602553620751245,0.24971763714062,1.0,0.0,0.0,1.0,0.0,0.0,0.0,1.0,1.0,0.0
-0.620253164556962,-1.0,-1.0,-1.0,-1.0,-1.0,-1.0,1.0,0.0,0.0,0.0,1.0,1.0,0.0,0.0,1.0,0.0
-0.06329113924050633,0.2113010133131934,0.693697633494571,-1.0,-0.3419656266234128,0.35290115651828535,0.696598627674277,0.0,0.0,1.0,1.0,0.0,0.0,0.0,1.0,1.0,0.0
-0.6708860759493671,-1.0,-1.0,-1.0,-1.0,-1.0,-1.0,0.0,0.0,1.0,0.0,1.0,0.0,0.0,1.0,1.0,0.0
-0.620253164556962,-1.0,-1.0,-1.0,-1.0,-1.0,-1.0,1.0,0.0,0.0,0.0,1.0,0.0,0.0,1.0,1.0,0.0
-0.5696202531645569,0.2790629051918003,-0.41845873931992317,-1.0,-1.0,0.6284226015468664,0.5659595357756022,0.0,1.0,0.0,1.0,0.0,1.0,0.0,0.0,1.0,0.0
-0.4683544303797469,-1.0,-1.0,-1.0,-1.0,-1.0,-1.0,0.0,1.0,0.0,0.0,1.0,0.0,0.0,1.0,1.0,0.0
-0.06329113924050633,0.5572130216051128,0.2626335062237144,-1.0,-0.32769839905788767,0.4551008031092696,0.5703481390235219,0.0,1.0,0.0,1.0,0.0,0.0,0.0,1.0,1.0,0.0
0.03797468354430378,-1.0,-1.0,0.3881583024951567,-1.0,-0.15532833231500676,0.2628162404236223,1.0,0.0,0.0,1.0,0.0,0.0,1.0,0.0,1.0,0.0
-0.44303797468354433,0.49862283191210377,-1.0,-1.0,-1.0,0.41819518546558077,0.48655914907187614,1.0,0.0,0.0,1.0,0.0,0.0,0.0,1.0,1.0,0.0
0.06329113924050622,0.4248383012935901,-0.687570694869583,-0.852735061170152,0.45555241465832874,-1.0,0.48252385658907593,0.0,0.0,1.0,1.0,0.0,0.0,0.0,1.0,1.0,0.0
-0.36708860759493667,-1.0,0.4410871725522061,-0.7054701223403039,-0.5402745340816825,0.6483765806950061,0.6326977224971113,1.0,0.0,0.0,1.0,0.0,1.0,0.0,0.0,1.0,0.0
-0.49367088607594933,-1.0,-1.0,-1.0,-1.0,-1.0,-1.0,0.0,1.0,0.0,0.0,1.0,0.0,0.0,1.0,1.0,0.0
0.03797468354430378,-1.0,-1.0,-1.0,-1.0,-1.0,-1.0,1.0,0.0,0.0,0.0,1.0,0.0,0.0,1.0,1.0,0.0
0.08860759493670889,0.13189484775749305,-1.0,0.36741418977128415,-1.0,-0.16470718131487705,0.29891965093869466,1.0,0.0,0.0,1.0,0.0,0.0,0.0,1.0,1.0,0.0
0.16455696202531644,-1.0,0.14847232387864162,-1.0,0.5536361500009841,0.49227710998297836,0.5995264171197536,0.0,1.0,0.0,1.0,0.0,0.0,0.0,1.0,1.0,0.0
-0.2911392405063291,-1.0,-1.0,-1.0,-1.0,-1.0,-1.0,1.0,0.0,0.0,0.0,1.0,0.0,0.0,1.0,1.0,0.0
-0.03797468354430378,-1.0,-1.0,-1.0,-1.0,-1.0,-1.0,0.0,1.0,0.0,0.0,1.0,1.0,0.0,0.0,1.0,0.0
-0.5443037974683544,0.5873375840961992,-1.0,-0.030265900134455848,-1.0,-1.0,0.4568844735232316,0.0,0.0,1.0,1.0,0.0,0.0,0.0,1.0,1.0,0.0
-0.2911392405063291,0.5573343493591187,0.6558541631784058,-1.0,-0.10607179757566865,0.37607346345501846,0.7083274646766249,0.0,1.0,0.0,1.0,0.0,0.0,0.0,1.0,1.0,0.0
-0.44303797468354433,-1.0,-1.0,-1.0,-1.0,-1.0,-1.0,1.0,0.0,0.0,0.0,1.0,0.0,1.0,0.0,1.0,0.0
-0.31645569620253167,-1.0,-1.0,-1.0,-1.0,-1.0,-1.0,0.0,0.0,1.0,0.0,1.0,0.0,0.0,1.0,1.0,0.0
-0.11392405063291144,0.3621088948394984,-1.0,-1.0,-1.0,-0.2513108349509553,0.2534768707710904,1.0,0.0,0.0,1.0,0.0,0.0,0.0,1.0,1.0,0.0
-0.2405063291139241,-1.0,-1.0,-1.0,-1.0,-1.0,-1.0,1.0,0.0,0.0,0.0,1.0,0.0,0.0,1.0,1.0,0.0
-0.9493670886075949,-1.0,-1.0,-1.0,-1.0,-1.0,-1.0,0.0,0.0,1.0,0.0,1.0,1.0,0.0,0.0,1.0,0.0
-0.06329113924050633,-0.6636483178693894,-1.0,0.14974964501972599,0.24590996836935264,-0.8602553620751245,0.2597536738213766,1.0,0.0,0.0,1.0,0.0,0.0,1.0,0.0,1.0,0.0
-0.5189873417721519,-1.0,-1.0,-1.0,-1.0,-1.0,-1.0,1.0,0.0,0.0,0.0,1.0,0.0,0.0,1.0,1.0,0.0
-0.44303797468354433,-1.0,-1.0,-1.0,-1.0,-1.0,-1.0,0.0,0.0,1.0,0.0,1.0,0.0,0.0,1.0,1.0,0.0
0.3924050632911391,0.2542179936056146,-1.0,0.45058716210847893,-1.0,-1.0,0.3706915877722021,0.0,0.0,1.0,1.0,0.0,0.0,0.0,1.0,1.0,0.0
-0.3417721518987342,-0.5654236457133779,0.28562704517397375,-1.0,-0.2685470822285979,-1.0,0.273642619471695,1.0,0.0,0.0,1.0,0.0,1.0,0.0,0.0,1.0,0.0
-0.06329113924050633,-1.0,-0.12433732903026706,-1.0,0.6165192698577597,-0.499020713362466,0.5493012216063409,0.0,1.0,0.0,1.0,0.0,1.0,0.0,0.0,1.0,0.0
-0.6455696202531646,-1.0,-1.0,-1.0,-1.0,-1.0,-1.0,1.0,0.0,0.0,0.0,1.0,0.0,0.0,1.0,1.0,0.0
-0.36708860759493667,-1.0,-1.0,0.6082946946348782,-1.0,-0.8602553620751245,0.44323438208031396,1.0,0.0,0.0,1.0,0.0,0.0,0.0,1.0,1.0,0.0
-0.16455696202531644,-0.07905274254848893,0.3639927507807157,0.31255610289711,0.24316685626743584,0.43957885585231815,0.5532045012673636,0.0,1.0,0.0,1.0,0.0,0.0,0.0,1.0,1.0,0.0
0.7215189873417722,-1.0,-1.0,-1.0,-1.0,-1.0,-1.0,0.0,0.0,1.0,0.0,1.0,0.0,0.0,1.0,1.0,0.0
0.012658227848101333,-1.0,-1.0,-1.0,-1.0,-1.0,-1.0,1.0,0.0,0.0,0.0,1.0,0.0,0.0,1.0,1.0,0.0
-0.44303797468354433,0.3596246213022165,-0.14934678377026334,-1.0,-1.0,-0.8602553620751245,0.2618008416391422,1.0,0.0,0.0,1.0,0.0,0.0,0.0,1.0,1.0,0.0
-0.4683544303797469,-1.0,-1.0,-0.45505497126441197,-1.0,0.33412730960399695,0.26458027772622783,1.0,0.0,0.0,1.0,0.0,0.0,0.0,1.0,1.0,0.0
0.16455696202531644,-1.0,0.6030008093973775,-1.0,-0.8616088449879872,0.15848568215499204,0.5891179735031029,0.0,1.0,0.0,1.0,0.0,0.0,0.0,1.0,1.0,0.0
-0.03797468354430378,0.38819372397612595,-0.2888175365077347,-1.0,-1.0,-1.0,0.2755466619768592,1.0,0.0,0.0,1.0,0.0,0.0,0.0,1.0,1.0,0.0
-0.5443037974683544,-1.0,0.5837576221907144,-1.0,0.2435610444172751,-0.5570199784244338,0.581516519103848,0.0,1.0,0.0,1.0,0.0,1.0,0.0,0.0,1.0,0.0
-0.06329113924050633,0.4610654365035338,-1.0,-1.0,-0.25375096367024685,-1.0,0.3398610376183213,1.0,0.0,0.0,1.0,0.0,0.0,0.0,1.0,1.0,0.0
-0.06329113924050633,-1.0,-0.10409784370673225,-1.0,0.4467825540853281,0.46937490837918183,0.5241020690318199,0.0,1.0,0.0,1.0,0.0,1.0,0.0,0.0,1.0,0.0
-0.49367088607594933,0.45202887437383943,0.5178951410286441,-1.0,0.03118171200482056,0.050278752653048375,0.5755728612881215,0.0,1.0,0.0,1.0,0.0,0.0,0.0,1.0,1.0,0.0
-0.31645569620253167,-1.0,-1.0,-1.0,-1.0,-1.0,-1.0,1.0,0.0,0.0,0.0,1.0,0.0,1.0,0.0,1.0,0.0
-0.44303797468354433,0.32208331881986685,-0.19266413335102062,-1.0,-1.0,-1.0,0.2263800164119829,1.0,0.0,0.0,1.0,0.0,0.0,0.0,1.0,1.0,0.0
-0.4177215189873418,0.48757321131074693,-1.0,0.3319221467403599,-1.0,-1.0,0.4247791939054193,0.0,0.0,1.0,1.0,0.0,0.0,0.0,1.0,1.0,0.0
-0.5443037974683544,-1.0,-1.0,0.6809050851676077,-1.0,-1.0,0.5082899903862379,1.0,0.0,0.0,1.0,0.0,0.0,0.0,1.0,1.0,0.0
0.08860759493670889,-1.0,-1.0,0.39870056978356616,-1.0,-1.0,0.2550655522240399,1.0,0.0,0.0,1.0,0.0,1.0,0.0,0.0,1.0,0.0
-0.5189873417721519,-1.0,-1.0,-1.0,-1.0,-1.0,-1.0,1.0,0.0,0.0,0.0,1.0,0.0,0.0,1.0,1.0,0.0
-0.5189873417721519,0.09656008424820106,0.2106242822731983,-1.0,-1.0,-1.0,0.24890235148852158,1.0,0.0,0.0,1.0,0.0,0.0,0.0,1.0,1.0,0.0
-0.2405063291139241,0.30817146694873543,-1.0,-1.0,-1.0,-0.3281979270406924,0.2029270551336151,0.0,0.0,1.0,1.0,0.0,0.0,0.0,1.0,1.0,0.0
-0.5696202531645569,-1.0,0.30337654965154326,-1.0,0.41035245549485233,-0.4540329883045867,0.4496122116784955,1.0,0.0,0.0,1.0,0.0,0.0,0.0,1.0,1.0,0.0
-0.9493670886075949,-1.0,-1.0,-1.0,-1.0,-1.0,-1.0,1.0,0.0,0.0,1.0,0.0,1.0,0.0,0.0,1.0,0.0
0.3924050632911391,0.4644977827305379,-1.0,-1.0,-1.0,-1.0,0.33593368382940003,1.0,0.0,0.0,1.0,0.0,0.0,0.0,1.0,1.0,0.0
0.36708860759493667,-1.0,0.29617708765181106,-1.0,-0.10607179757566865,0.48334878384349067,0.4875742359363533,0.0,1.0,0.0,1.0,0.0,0.0,0.0,1.0,1.0,0.0
-0.36708860759493667,0.43962243983007854,-1.0,-0.7054701223403039,-1.0,-1.0,0.31382418596927875,1.0,0.0,0.0,1.0,0.0,0.0,0.0,1.0,1.0,0.0
-0.44303797468354433,0.7395263770968525,-1.0,-1.0,-1.0,-0.16793299247135696,0.589620200444761,1.0,0.0,0.0,1.0,0.0,0.0,0.0,1.0,1.0,0.0
0.5949367088607596,0.07937338666668725,0.09591245350607203,0.22685196445209765,-0.5613104177489419,-1.0,0.27099311708899076,1.0,0.0,0.0,1.0,0.0,0.0,0.0,1.0,1.0,0.0
-0.189873417721519,-1.0,0.35042715355508114,-1.0,0.17184171226211653,0.6294219041931619,0.6093958884701369,0.0,1.0,0.0,1.0,0.0,1.0,0.0,0.0,1.0,0.0
-0.1392405063291139,0.6254579396452751,0.30757145280511056,-0.0771220634248504,-0.3419656266234128,0.4989314729791019,0.6245983621544133,0.0,1.0,0.0,1.0,0.0,1.0,0.0,0.0,1.0,0.0
-0.31645569620253167,-1.0,-0.13306343816809363,-1.0,0.1047757012554229,0.2796901318347482,0.29871004050405636,1.0,0.0,0.0,1.0,0.0,0.0,0.0,1.0,1.0,0.0
-0.6455696202531646,0.5756701610954098,-1.0,-0.41094024468060797,-1.0,-1.0,0.438860785923904,0.0,0.0,1.0,1.0,0.0,1.0,0.0,0.0,1.0,0.0
-0.1392405063291139,-1.0,0.32371164553285725,-1.0,0.5567778035822246,0.30519395692575846,0.5809447396067009,0.0,1.0,0.0,1.0,0.0,0.0,0.0,1.0,1.0,0.0
-0.49367088607594933,-1.0,-1.0,-1.0,-1.0,-1.0,-1.0,1.0,0.0,0.0,0.0,1.0,1.0,0.0,0.0,1.0,0.0
0.012658227848101333,-1.0,-1.0,-1.0,-1.0,-1.0,-1.0,1.0,0.0,0.0,0.0,1.0,1.0,0.0,0.0,1.0,0.0
-0.11392405063291144,-1.0,-1.0,-1.0,-1.0,-1.0,-1.0,1.0,0.0,0.0,0.0,1.0,0.0,1.0,0.0,1.0,0.0
-0.012658227848101333,-1.0,-1.0,-1.0,-1.0,0.37320746040770136,0.2985001993479246,1.0,0.0,0.0,1.0,0.0,0.0,1.0,0.0,1.0,0.0
-0.6455696202531646,0.405946112981896,0.3560754360969276,-0.7054701223403039,0.04119442890316871,0.07706211126962503,0.47642998581939344,1.0,0.0,0.0,1.0,0.0,1.0,0.0,0.0,1.0,0.0
0.9746835443037973,-1.0,0.041660659766772135,0.12883522495451194,0.1313374073386364,-1.0,0.24998862605774574,1.0,0.0,0.0,1.0,0.0,1.0,0.0,0.0,1.0,0.0
-0.26582278481012656,-1.0,0.2345410962202774,-1.0,0.7220291767205886,0.22391473200722456,0.6760147960866918,0.0,1.0,0.0,1.0,0.0,0.0,0.0,1.0,1.0,0.0
-0.31645569620253167,0.2696686472308254,-1.0,0.5443431179691907,-1.0,-1.0,0.4361264505399145,0.0,0.0,1.0,1.0,0.0,0.0,0.0,1.0,1.0,0.0
-1.0,-1.0,-1.0,-1.0,-1.0,-1.0,-1.0,1.0,0.0,0.0,0.0,1.0,0.0,0.0,1.0,1.0,0.0
0.08860759493670889,0.5211391936527103,-1.0,0.06596323116238967,-1.0,-1.0,0.4063817217931476,0.0,0.0,1.0,1.0,0.0,0.0,0.0,1.0,1.0,0.0
-0.03797468354430378,-1.0,0.03045813406809783,-1.0,0.4329365312498221,0.6764428440583921,0.6451581915841291,0.0,1.0,0.0,1.0,0.0,1.0,0.0,0.0,1.0,0.0
-0.3924050632911392,-1.0,-1.0,-1.0,-1.0,-1.0,-1.0,1.0,0.0,0.0,0.0,1.0,0.0,0.0,1.0,1.0,0.0
0.5949367088607596,-1.0,0.20287382207765914,-0.852735061170152,0.5905786902269134,-0.4063749077027098,0.5497513768830262,0.0,1.0,0.0,1.0,0.0,0.0,0.0,1.0,1.0,0.0
-0.6455696202531646,-1.0,-1.0,-1.0,-1.0,-1.0,-1.0,1.0,0.0,0.0,0.0,1.0,0.0,0.0,1.0,1.0,0.0
-0.3924050632911392,-1.0,-1.0,0.35658816620371026,0.03457538407335736,-0.17793217702564434,0.28091717686720474,1.0,0.0,0.0,1.0,0.0,0.0,0.0,1.0,1.0,0.0
-0.5949367088607596,-1.0,-1.0,-1.0,-1.0,-1.0,-1.0,1.0,0.0,0.0,0.0,1.0,0.0,0.0,1.0,1.0,0.0
-0.44303797468354433,-1.0,0.3057182335575126,0.26315453167805947,-1.0,-0.48288339142554504,0.35589887712725665,1.0,0.0,0.0,1.0,0.0,1.0,0.0,0.0,1.0,0.0
-0.49367088607594933,0.44047284609163295,-0.8654440222251701,0.45035685488056454,-1.0,-1.0,0.43996362748597173,0.0,0.0,1.0,1.0,0.0,0.0,0.0,1.0,1.0,0.0
-0.21518987341772156,0.4778672591136446,-0.7867338209790253,-1.0,-1.0,-0.8602553620751245,0.3486143772643635,1.0,0.0,0.0,1.0,0.0,0.0,0.0,1.0,1.0,0.0
-0.31645569620253167,-1.0,-0.6222536135015577,0.058809073860804695,-0.006364088151583069,-1.0,0.08481394516026386,0.0,0.0,1.0,1.0,0.0,0.0,1.0,0.0,1.0,0.0
-0.4177215189873418,-1.0,-1.0,-1.0,-1.0,-1.0,-1.0,0.0,1.0,0.0,0.0,1.0,1.0,0.0,0.0,1.0,0.0
0.240506329113924,-1.0,0.7387859750810357,-0.7665905942836959,-1.0,-0.07358295945209903,0.7100322342095216,0.0,1.0,0.0,1.0,0.0,1.0,0.0,0.0,1.0,0.0
-0.49367088607594933,-1.0,-1.0,-1.0,-1.0,-1.0,-1.0,0.0,1.0,0.0,0.0,1.0,1.0,0.0,0.0,1.0,0.0
-0.2911392405063291,-1.0,-1.0,-1.0,-1.0,-1.0,-1.0,0.0,1.0,0.0,0.0,1.0,0.0,0.0,1.0,1.0,0.0
0.49367088607594933,-1.0,-1.0,-1.0,-1.0,-1.0,-1.0,0.0,1.0,0.0,0.0,1.0,1.0,0.0,0.0,1.0,0.0
-0.21518987341772156,-1.0,-0.4743045158486082,0.38315905073603007,-0.8616088449879872,-0.7205107241502491,0.24615927292440265,1.0,0.0,0.0,1.0,0.0,1.0,0.0,0.0,1.0,0.0
-0.4177215189873418,-0.057288776938810404,-0.687570694869583,-1.0,-0.5848265349639614,0.2859474619010578,0.24615927292440265,1.0,0.0,0.0,1.0,0.0,0.0,1.0,0.0,1.0,0.0
-1.0,-1.0,-1.0,-1.0,-1.0,-1.0,-1.0,0.0,0.0,1.0,0.0,1.0,0.0,0.0,1.0,1.0,0.0
-0.31645569620253167,-0.8551412152377926,0.10723674483146861,-0.852735061170152,0.18651693694269644,-0.46794256496556785,0.24753574584356097,1.0,0.0,0.0,1.0,0.0,1.0,0.0,0.0,1.0,0.0
-0.36708860759493667,-1.0,-1.0,-1.0,-1.0,-1.0,-1.0,0.0,1.0,0.0,0.0,1.0,0.0,0.0,1.0,1.0,0.0
-0.8481012658227848,-1.0,-1.0,-1.0,-1.0,-1.0,-1.0,0.0,0.0,1.0,0.0,1.0,0.0,0.0,1.0,1.0,0.0
-0.31645569620253167,-1.0,-1.0,-1.0,-1.0,-1.0,-1.0,0.0,0.0,1.0,0.0,1.0,0.0,0.0,1.0,1.0,0.0
-0.31645569620253167,-1.0,0.19397494878981414,-1.0,-0.18253858794414057,0.15654400843627347,0.2829781771684947,1.0,0.0,0.0,1.0,0.0,0.0,1.0,0.0,1.0,0.0
0.16455696202531644,-1.0,-1.0,-1.0,-1.0,-1.0,-1.0,1.0,0.0,0.0,0.0,1.0,0.0,0.0,1.0,1.0,0.0
0.08860759493670889,-1.0,-1.0,-1.0,-1.0,-1.0,-1.0,1.0,0.0,0.0,0.0,1.0,0.0,0.0,1.0,1.0,0.0
-0.2911392405063291,-0.7102824304755853,-0.03795878549227383,-1.0,-1.0,0.4984548559814157,0.4325225498129692,1.0,0.0,0.0,1.0,0.0,0.0,1.0,0.0,1.0,0.0
-0.31645569620253167,-1.0,-1.0,-1.0,-1.0,-1.0,-1.0,1.0,0.0,0.0,0.0,1.0,0.0,0.0,1.0,1.0,0.0
-0.31645569620253167,-0.7102824304755853,0.6395061182153052,-1.0,0.29561021200474236,0.08276840433798793,0.642895978003472,0.0,1.0,0.0,1.0,0.0,0.0,0.0,1.0,1.0,0.0
-0.6455696202531646,-1.0,-1.0,-1.0,-1.0,-1.0,-1.0,0.0,0.0,1.0,1.0,0.0,0.0,0.0,1.0,1.0,0.0
-0.3924050632911392,-1.0,-1.0,-1.0,-1.0,-1.0,-1.0,0.0,1.0,0.0,0.0,1.0,0.0,0.0,1.0,1.0,0.0
-0.36708860759493667,-1.0,0.6514341500685175,-1.0,0.22107598344515456,-0.4410214483004983,0.6389945527615402,0.0,1.0,0.0,1.0,0.0,1.0,0.0,0.0,1.0,0.0
-0.26582278481012656,-1.0,-1.0,-1.0,-1.0,-1.0,-1.0,0.0,1.0,0.0,0.0,1.0,0.0,0.0,1.0,1.0,0.0
-0.49367088607594933,-0.6636483178693894,0.13936694420299411,0.11920069981686376,0.09590062978859848,-1.0,0.2724428630192193,1.0,0.0,0.0,1.0,0.0,0.0,0.0,1.0,1.0,0.0
-0.189873417721519,-0.8551412152377926,-1.0,-1.0,-0.8616088449879872,0.344117799435,0.2714775917362522,1.0,0.0,0.0,1.0,0.0,0.0,0.0,1.0,1.0,0.0
-0.44303797468354433,0.6112393464468986,-1.0,0.5313703537005461,-0.04084725476978934,-1.0,0.5663205489222212,0.0,0.0,1.0,1.0,0.0,1.0,0.0,0.0,1.0,0.0
-0.16455696202531644,-1.0,0.4214694639845007,-0.619325655453848,-0.16965306992792295,0.003353796117658847,0.42095203727934716,0.0,1.0,0.0,1.0,0.0,0.0,0.0,1.0,1.0,0.0
-0.5189873417721519,-0.8551412152377926,-0.687570694869583,-1.0,0.3220049098525626,-0.7205107241502491,0.2643292695647548,1.0,0.0,0.0,1.0,0.0,0.0,0.0,1.0,1.0,0.0
-0.4683544303797469,0.017251667548541683,-0.09289531800805784,0.19791579446324037,0.04119442890316871,-0.4063749077027098,0.2534768707710904,1.0,0.0,0.0,1.0,0.0,0.0,0.0,1.0,1.0,0.0
-0.5189873417721519,0.39224137245738344,-1.0,0.20896464771583712,0.2817920034815897,-1.0,0.4169337010651313,0.0,0.0,1.0,1.0,0.0,0.0,0.0,1.0,1.0,0.0
-0.5949367088607596,-1.0,-1.0,-1.0,-1.0,-1.0,-1.0,1.0,0.0,0.0,0.0,1.0,0.0,1.0,0.0,1.0,0.0
-0.5443037974683544,-0.3959497317415208,0.043466470387413914,-0.658061401139107,0.7057521581922157,0.3201792248928319,0.660566927335005,0.0,1.0,0.0,1.0,0.0,1.0,0.0,0.0,1.0,0.0
0.3924050632911391,0.11846904550458803,0.014438885428365467,0.11365316801939795,-0.18253858794414057,-0.13226218770878317,0.25321079861192275,1.0,0.0,0.0,1.0,0.0,0.0,0.0,1.0,1.0,0.0
0.49367088607594933,-1.0,-1.0,-1.0,-1.0,-1.0,-1.0,0.0,0.0,1.0,0.0,1.0,0.0,0.0,1.0,1.0,0.0
0.26582278481012667,-1.0,-1.0,-1.0,-1.0,-1.0,-1.0,1.0,0.0,0.0,0.0,1.0,0.0,0.0,1.0,1.0,0.0
-0.06329113924050633,-1.0,0.49542044389010464,-0.7665905942836959,0.43078966934912377,0.13239102078759535,0.5707009440674213,0.0,1.0,0.0,1.0,0.0,1.0,0.0,0.0,1.0,0.0
-0.44303797468354433,-0.6636483178693894,-1.0,-0.08845586496904323,-0.3828541075996944,0.2900136615029256,0.24835688424629865,1.0,0.0,0.0,1.0,0.0,0.0,0.0,1.0,1.0,0.0
-0.5443037974683544,-1.0,-1.0,-1.0,-1.0,-1.0,-1.0,0.0,1.0,0.0,0.0,1.0,1.0,0.0,0.0,1.0,0.0
0.5189873417721518,0.43158766236923163,-0.22564548516224592,-1.0,-1.0,-1.0,0.3163263205488358,1.0,0.0,0.0,1.0,0.0,0.0,0.0,1.0,1.0,0.0
-0.1392405063291139,-1.0,0.5799412574607004,-0.5865750491295142,0.5577597214615595,0.4171265845744705,0.6879776252899692,0.0,1.0,0.0,1.0,0.0,1.0,0.0,0.0,1.0,0.0
0.08860759493670889,-1.0,-1.0,-1.0,-1.0,-1.0,-1.0,0.0,0.0,1.0,0.0,1.0,0.0,0.0,1.0,1.0,0.0
0.36708860759493667,0.3764245876133001,-0.3675277377538795,-0.09138637207784794,-1.0,0.4034592114155653,0.4367374788549785,1.0,0.0,0.0,1.0,0.0,0.0,0.0,1.0,1.0,0.0
-0.620253164556962,-1.0,-1.0,-1.0,-1.0,-1.0,-1.0,1.0,0.0,0.0,0.0,1.0,0.0,0.0,1.0,1.0,0.0
-0.2405063291139241,-1.0,0.5911723850635371,0.20461381177476712,0.4895333910830255,0.7166574744901371,0.7677277694548581,0.0,1.0,0.0,1.0,0.0,1.0,0.0,0.0,1.0,0.0
0.06329113924050622,-1.0,-0.33974853807377825,0.2241961999096369,0.2129807029739461,-0.228111834395196,0.28045613511626777,1.0,0.0,0.0,1.0,0.0,0.0,0.0,1.0,1.0,0.0
-0.5189873417721519,-1.0,-1.0,-1.0,-1.0,-1.0,-1.0,0.0,1.0,0.0,0.0,1.0,0.0,0.0,1.0,1.0,0.0
-0.36708860759493667,-1.0,0.41120157049706574,-1.0,-1.0,-1.0,0.38588461576938227,1.0,0.0,0.0,1.0,0.0,1.0,0.0,0.0,1.0,0.0
0.5189873417721518,0.3714658345929527,-0.3751413897391659,-1.0,-1.0,0.036605113872856476,0.2972362786668288,1.0,0.0,0.0,1.0,0.0,0.0,0.0,1.0,1.0,0.0
-0.4177215189873418,-1.0,-1.0,-1.0,-1.0,-1.0,-1.0,1.0,0.0,0.0,0.0,1.0,1.0,0.0,0.0,1.0,0.0
-0.11392405063291144,0.10623216221710585,-0.26103833682763355,-0.025885159429180238,-0.3143830504493078,0.2573075889087466,0.29252886243144127,1.0,0.0,0.0,1.0,0.0,0.0,0.0,1.0,1.0,0.0
-0.21518987341772156,-1.0,-1.0,-1.0,-1.0,-1.0,-1.0,1.0,0.0,0.0,0.0,1.0,0.0,0.0,1.0,1.0,0.0
-0.7721518987341772,-1.0,-1.0,-1.0,-1.0,-1.0,-1.0,1.0,0.0,0.0,0.0,1.0,0.0,0.0,1.0,1.0,0.0
-0.012658227848101333,-1.0,-1.0,-1.0,-1.0,-1.0,-1.0,0.0,1.0,0.0,0.0,1.0,0.0,0.0,1.0,1.0,0.0
-0.49367088607594933,0.6861917357956069,-1.0,0.13805173302318074,-0.3828541075996944,-0.038187539100768886,0.5579469154725059,0.0,0.0,1.0,1.0,0.0,0.0,0.0,1.0,1.0,0.0
-0.11392405063291144,0.19615516820268275,0.5907975779706833,-1.0,0.15230419384893734,0.1763497517977317,0.6073295266931775,0.0,1.0,0.0,1.0,0.0,0.0,0.0,1.0,1.0,0.0
-0.4177215189873418,-1.0,-1.0,0.19715836622092286,-1.0,0.25809512466063955,0.2724428630192193,1.0,0.0,0.0,1.0,0.0,0.0,0.0,1.0,1.0,0.0
-0.11392405063291144,0.38462120877001005,0.1292364766187366,-0.852735061170152,0.16900160415775356,-1.0,0.3861499472959957,1.0,0.0,0.0,1.0,0.0,0.0,0.0,1.0,1.0,0.0
-0.8734177215189873,-1.0,-1.0,-1.0,-1.0,-1.0,-1.0,0.0,0.0,1.0,0.0,1.0,0.0,0.0,1.0,1.0,0.0
0.012658227848101333,0.40062292882636297,-1.0,0.3090002308232267,0.09173228980824888,-1.0,0.39709821505439424,1.0,0.0,0.0,1.0,0.0,0.0,0.0,1.0,1.0,0.0
-0.8481012658227848,-1.0,-1.0,-1.0,-1.0,-1.0,-1.0,1.0,0.0,0.0,0.0,1.0,1.0,0.0,0.0,1.0,0.0
0.08860759493670889,-1.0,0.5651055907620581,-1.0,-0.3419656266234128,0.6903129437472233,0.702918503949516,0.0,1.0,0.0,1.0,0.0,1.0,0.0,0.0,0.0,1.0
0.5949367088607596,-1.0,-1.0,-1.0,-1.0,-1.0,-1.0,1.0,0.0,0.0,0.0,1.0,0.0,0.0,1.0,1.0,0.0
-0.4177215189873418,-1.0,0.12865786742178908,0.21946720092727667,-1.0,-1.0,0.23330222189384453,1.0,0.0,0.0,1.0,0.0,0.0,0.0,1.0,1.0,0.0
-0.3924050632911392,0.3186912092671834,-0.7308880444503403,0.12778604555348294,-1.0,-1.0,0.2630692473235283,1.0,0.0,0.0,1.0,0.0,0.0,1.0,0.0,1.0,0.0
-0.5949367088607596,0.48672470405337553,-1.0,0.2984325539424755,0.21841386089865167,-1.0,0.46059866442444464,0.0,0.0,1.0,1.0,0.0,1.0,0.0,0.0,1.0,0.0
-0.31645569620253167,-0.6636483178693894,-1.0,-0.7665905942836959,0.6874760583080335,-1.0,0.6115214068210784,1.0,0.0,0.0,1.0,0.0,0.0,0.0,1.0,1.0,0.0
-0.5443037974683544,-1.0,-1.0,-1.0,-1.0,-1.0,-1.0,0.0,1.0,0.0,0.0,1.0,0.0,0.0,1.0,1.0,0.0
-0.012658227848101333,-1.0,-1.0,-1.0,0.4062107775155872,-1.0,0.34271273303340677,1.0,0.0,0.0,1.0,0.0,0.0,1.0,0.0,1.0,0.0
-0.44303797468354433,-1.0,-1.0,-0.270420583399818,0.24078524274293955,-0.005166157383729275,0.23998186241675445,1.0,0.0,0.0,1.0,0.0,1.0,0.0,0.0,1.0,0.0
-0.31645569620253167,-1.0,-1.0,-1.0,-1.0,-1.0,-1.0,0.0,1.0,0.0,0.0,1.0,1.0,0.0,0.0,1.0,0.0
-0.08860759493670889,-0.8551412152377926,0.40779222326070497,-1.0,-0.8616088449879872,-1.0,0.38280646154326736,1.0,0.0,0.0,1.0,0.0,0.0,0.0,1.0,1.0,0.0
-0.3924050632911392,-1.0,-0.1469352839161011,-0.0072182766241952745,0.1667000658989639,-1.0,0.19622484270878715,1.0,0.0,0.0,1.0,0.0,0.0,0.0,1.0,1.0,0.0
-0.5443037974683544,-1.0,-1.0,-1.0,-1.0,-1.0,-1.0,1.0,0.0,0.0,0.0,1.0,0.0,0.0,1.0,1.0,0.0
-0.3924050632911392,0.3770003098793424,0.5835351950774565,0.12673165928547014,-0.42291926273692904,0.1331228143174623,0.6122111790769613,1.0,0.0,0.0,1.0,0.0,0.0,1.0,0.0,1.0,0.0
-0.4177215189873418,-1.0,-1.0,-1.0,-1.0,-1.0,-1.0,1.0,0.0,0.0,0.0,1.0,0.0,0.0,1.0,1.0,0.0
-0.21518987341772156,-1.0,0.4601677028348108,-1.0,-0.0727184083180884,0.31931084352390093,0.5023297668129822,0.0,1.0,0.0,1.0,0.0,0.0,0.0,1.0,1.0,0.0
0.03797468354430378,-1.0,-1.0,-1.0,-1.0,-1.0,-1.0,0.0,1.0,0.0,0.0,1.0,0.0,0.0,1.0,1.0,0.0
-1.0,-1.0,-1.0,-1.0,-1.0,-1.0,-1.0,1.0,0.0,0.0,1.0,0.0,0.0,0.0,1.0,1.0,0.0
-0.6708860759493671,-1.0,-0.7867338209790253,0.31211485996188126,-0.5212452626117072,0.04355783376213851,0.24026703924046022,1.0,0.0,0.0,1.0,0.0,0.0,1.0,0.0,1.0,0.0
0.49367088607594933,0.44756490358065437,-1.0,0.13603789427753088,-1.0,-1.0,0.35605418521820686,1.0,0.0,0.0,1.0,0.0,0.0,0.0,1.0,0.0,1.0
-0.06329113924050633,-1.0,-1.0,-1.0,-1.0,-1.0,-1.0,1.0,0.0,0.0,0.0,1.0,0.0,0.0,1.0,1.0,0.0
-0.2911392405063291,-1.0,-1.0,-1.0,-1.0,-1.0,-1.0,0.0,1.0,0.0,0.0,1.0,0.0,0.0,1.0,1.0,0.0
-0.11392405063291144,-1.0,-1.0,-1.0,-1.0,-1.0,-1.0,0.0,0.0,1.0,0.0,1.0,0.0,0.0,1.0,1.0,0.0
-0.8987341772151899,-1.0,-1.0,-1.0,-1.0,-1.0,-1.0,1.0,0.0,0.0,1.0,0.0,0.0,0.0,1.0,1.0,0.0
-0.11392405063291144,0.3837880367014095,-1.0,-1.0,-1.0,0.405550411548375,0.4306422430194463,0.0,0.0,1.0,1.0,0.0,0.0,0.0,1.0,1.0,0.0
-0.4683544303797469,-1.0,0.22205744455610432,-1.0,-0.0077457977008904555,-1.0,0.24477278920517387,1.0,0.0,0.0,1.0,0.0,0.0,0.0,1.0,1.0,0.0
-0.26582278481012656,-0.28234114300394575,-1.0,-1.0,-1.0,0.3428312035170622,0.27696231702976926,1.0,0.0,0.0,1.0,0.0,1.0,0.0,0.0,1.0,0.0
0.1898734177215189,-1.0,0.1837779487432547,0.2314211383377489,-0.1927796138817054,-1.0,0.2811472803002071,1.0,0.0,0.0,1.0,0.0,0.0,0.0,1.0,1.0,0.0
0.2911392405063291,0.5476526954438041,-1.0,0.15993478632815594,0.010778653694732743,-0.15840639051791483,0.45834253547654136,0.0,0.0,1.0,1.0,0.0,0.0,0.0,1.0,1.0,0.0
-0.9240506329113924,-1.0,-1.0,-1.0,-1.0,-1.0,-1.0,1.0,0.0,0.0,0.0,1.0,1.0,0.0,0.0,1.0,0.0
-0.26582278481012656,-0.296278776647921,-1.0,0.3451807332930883,0.061795804818872924,-1.0,0.27268341910299565,1.0,0.0,0.0,1.0,0.0,0.0,0.0,1.0,1.0,0.0
-0.16455696202531644,0.2505651931161017,0.3890287269008825,-0.558205183510456,0.14469732207084762,0.7147895841455716,0.686035226675817,0.0,1.0,0.0,1.0,0.0,1.0,0.0,0.0,1.0,0.0
-0.8227848101265822,-1.0,-1.0,-1.0,-1.0,-1.0,-1.0,1.0,0.0,0.0,0.0,1.0,1.0,0.0,0.0,1.0,0.0
-0.3924050632911392,-1.0,-1.0,-1.0,-1.0,-1.0,-1.0,1.0,0.0,0.0,0.0,1.0,0.0,0.0,1.0,1.0,0.0
-0.06329113924050633,-0.09220091735077918,0.5411752473650195,-1.0,0.42970751909537985,0.43440081466933345,0.638289389497404,0.0,1.0,0.0,1.0,0.0,0.0,0.0,1.0,1.0,0.0
-1.0,-1.0,-1.0,-1.0,-1.0,-1.0,-1.0,0.0,0.0,1.0,1.0,0.0,0.0,0.0,1.0,1.0,0.0
-0.3924050632911392,-0.4484711928323267,0.04878524808038631,-1.0,0.4079469296123377,-1.0,0.37954058859437323,1.0,0.0,0.0,1.0,0.0,0.0,0.0,1.0,1.0,0.0
-0.8987341772151899,-1.0,-1.0,-1.0,-1.0,-1.0,-1.0,1.0,0.0,0.0,0.0,1.0,0.0,0.0,1.0,1.0,0.0
-0.9746835443037974,-1.0,-1.0,-1.0,-1.0,-1.0,-1.0,1.0,0.0,0.0,0.0,1.0,0.0,1.0,0.0,1.0,0.0
-0.5443037974683544,-1.0,-1.0,-1.0,-1.0,-1.0,-1.0,0.0,1.0,0.0,0.0,1.0,1.0,0.0,0.0,1.0,0.0
-0.5443037974683544,-1.0,-0.7308880444503403,0.0005792369425972055,0.2734925445434577,-1.0,0.2494462624740159,1.0,0.0,0.0,1.0,0.0,0.0,1.0,0.0,1.0,0.0
-0.11392405063291144,-0.7102824304755853,0.4030572753066226,-0.47206071662399995,-1.0,0.18725018459458043,0.4236935379469253,0.0,0.0,1.0,1.0,0.0,0.0,0.0,1.0,1.0,0.0
-0.1392405063291139,0.7085247493795734,0.3896339440453813,0.6001415454734287,-0.09937878316191584,-1.0,0.6820900297355377,0.0,1.0,0.0,1.0,0.0,1.0,0.0,0.0,1.0,0.0
0.11392405063291133,-1.0,0.6251424920877291,-0.7054701223403039,0.005658982592516848,-0.19955383001457783,0.6049462259413296,0.0,1.0,0.0,1.0,0.0,1.0,0.0,0.0,1.0,0.0
-0.36708860759493667,-1.0,-1.0,-1.0,0.3318600751016938,-0.7205107241502491,0.2724428630192193,1.0,0.0,0.0,1.0,0.0,0.0,0.0,1.0,1.0,0.0
-0.21518987341772156,-0.3191000145820688,0.2752890306548341,-1.0,-0.4343312963306818,-1.0,0.2630692473235283,1.0,0.0,0.0,1.0,0.0,0.0,0.0,1.0,1.0,0.0
-0.21518987341772156,-1.0,-1.0,-1.0,-1.0,-1.0,-1.0,0.0,1.0,0.0,0.0,1.0,0.0,0.0,1.0,1.0,0.0
0.11392405063291133,0.6413828492052678,-0.7308880444503403,-0.3531656434132101,-1.0,-1.0,0.49898510784718453,0.0,0.0,1.0,1.0,0.0,0.0,0.0,1.0,1.0,0.0
-0.03797468354430378,0.5254218650444185,-1.0,0.3701207027666189,-1.0,-1.0,0.4592481935745596,0.0,0.0,1.0,1.0,0.0,0.0,0.0,1.0,1.0,0.0
-0.08860759493670889,-1.0,-1.0,-0.25079509588414395,0.3015883901348111,-1.0,0.25187483889735773,1.0,0.0,0.0,1.0,0.0,0.0,0.0,1.0,1.0,0.0
-0.3417721518987342,0.4225391906428584,-1.0,0.10679907694839819,-1.0,-0.3281979270406924,0.3373089155539122,1.0,0.0,0.0,1.0,0.0,0.0,0.0,1.0,1.0,0.0
-0.26582278481012656,-1.0,-1.0,-1.0,-1.0,-1.0,-1.0,0.0,1.0,0.0,0.0,1.0,0.0,0.0,1.0,1.0,0.0
0.03797468354430378,-1.0,-1.0,-1.0,-1.0,-1.0,-1.0,0.0,0.0,1.0,0.0,1.0,0.0,0.0,1.0,1.0,0.0
-0.189873417721519,-0.38465038264461693,-1.0,-1.0,0.4439159401173387,-1.0,0.38118051845829237,1.0,0.0,0.0,1.0,0.0,0.0,0.0,1.0,1.0,0.0
0.31645569620253156,0.4298090384386175,0.29272372417234216,-1.0,-1.0,-1.0,0.4197331738527341,1.0,0.0,0.0,1.0,0.0,0.0,0.0,1.0,1.0,0.0
0.2911392405063291,-0.7102824304755853,-0.3154514630024463,-0.45505497126441197,-0.2685470822285979,0.3707501470421666,0.31363034693773617,1.0,0.0,0.0,1.0,0.0,0.0,0.0,1.0,1.0,0.0
-0.44303797468354433,-1.0,-1.0,-0.015312908878616804,-0.24446295258768158,0.321043881955672,0.285017134263297,1.0,0.0,0.0,1.0,0.0,0.0,0.0,1.0,1.0,0.0
-0.7974683544303798,-1.0,-1.0,-1.0,-1.0,-1.0,-1.0,1.0,0.0,0.0,1.0,0.0,0.0,0.0,1.0,1.0,0.0
-0.5189873417721519,-1.0,-1.0,-1.0,-1.0,-1.0,-1.0,1.0,0.0,0.0,0.0,1.0,0.0,1.0,0.0,1.0,0.0
-0.4177215189873418,0.5470165091065362,0.37939823940247286,-1.0,-0.8616088449879872,-1.0,0.5171617726933855,1.0,0.0,0.0,1.0,0.0,0.0,0.0,1.0,1.0,0.0
-0.31645569620253167,0.4846741196501019,-1.0,-0.270420583399818,-0.24446295258768158,-1.0,0.3654442655653667,0.0,0.0,1.0,1.0,0.0,0.0,0.0,1.0,1.0,0.0
0.06329113924050622,-1.0,-1.0,-1.0,-1.0,-1.0,-1.0,0.0,0.0,1.0,0.0,1.0,0.0,0.0,1.0,1.0,0.0
-0.3924050632911392,-0.1909691192030346,-1.0,-0.4905470142953362,-0.013370288877458503,0.461506245437862,0.40685802602866517,1.0,0.0,0.0,1.0,0.0,0.0,0.0,1.0,1.0,0.0
0.7721518987341771,-0.296278776647921,-1.0,-1.0,0.30011054302438844,-0.061720191195029916,0.2755466619768592,1.0,0.0,0.0,1.0,0.0,0.0,0.0,1.0,1.0,0.0
-0.5189873417721519,-1.0,-1.0,-0.619325655453848,0.3235936946266791,-1.0,0.2650813047454863,1.0,0.0,0.0,1.0,0.0,0.0,0.0,1.0,1.0,0.0
0.1898734177215189,-1.0,-1.0,-1.0,-1.0,-1.0,-1.0,1.0,0.0,0.0,0.0,1.0,0.0,0.0,1.0,1.0,0.0
-0.5189873417721519,0.18202904566168598,-0.22208349087867885,0.5145088212597908,-0.07464746905468156,-1.0,0.41670795720086384,0.0,0.0,1.0,1.0,0.0,0.0,0.0,1.0,1.0,0.0
-0.31645569620253167,-1.0,-1.0,-1.0,-1.0,-1.0,-1.0,0.0,1.0,0.0,0.0,1.0,0.0,0.0,1.0,1.0,0.0
0.06329113924050622,-1.0,-1.0,-1.0,-1.0,-1.0,-1.0,1.0,0.0,0.0,0.0,1.0,1.0,0.0,0.0,1.0,0.0
-0.6708860759493671,-1.0,-0.5963320666755103,-1.0,0.41154443654598993,-1.0,0.34893695038886774,1.0,0.0,0.0,1.0,0.0,0.0,0.0,1.0,1.0,0.0
-0.49367088607594933,0.7248177019764053,-0.21177363941423843,0.6114487292735078,-0.6786656890936953,-0.7785099892122169,0.6543053773056613,0.0,0.0,1.0,1.0,0.0,0.0,0.0,1.0,1.0,0.0
-0.2911392405063291,-1.0,0.6366071348542308,-1.0,-0.7806552088744709,-0.27753070257468304,0.6087783282569594,0.0,1.0,0.0,1.0,0.0,0.0,0.0,1.0,1.0,0.0
-0.620253164556962,0.22953819255562014,0.04075141575387109,-0.25079509588414395,-1.0,-0.04691656031443692,0.25321079861192275,1.0,0.0,0.0,1.0,0.0,0.0,0.0,1.0,1.0,0.0
-0.5189873417721519,-1.0,-1.0,-1.0,-1.0,-1.0,-1.0,0.0,0.0,1.0,1.0,0.0,0.0,0.0,1.0,1.0,0.0
-0.36708860759493667,0.047157890771564404,-1.0,0.12029303331278496,0.31688869136775244,-1.0,0.3306863616225646,0.0,0.0,1.0,1.0,0.0,1.0,0.0,0.0,1.0,0.0
-0.26582278481012656,-0.6255454734896567,0.24146891395430736,-1.0,-1.0,-1.0,0.22078168251909025,1.0,0.0,0.0,1.0,0.0,0.0,1.0,0.0,1.0,0.0
0.5189873417721518,-1.0,0.5805637199268283,-1.0,0.7180460584692534,-0.5165629810276651,0.7337350465684782,0.0,1.0,0.0,1.0,0.0,0.0,0.0,1.0,1.0,0.0
-0.31645569620253167,-1.0,-1.0,-1.0,0.5793987227546435,-0.13226218770878317,0.5131183407165005,1.0,0.0,0.0,1.0,0.0,1.0,0.0,0.0,1.0,0.0
-0.06329113924050633,0.12908961033074395,-1.0,-0.25713760857903223,-0.2685470822285979,0.2596610268715758,0.27625580354258283,1.0,0.0,0.0,1.0,0.0,0.0,0.0,1.0,1.0,0.0
0.31645569620253156,-1.0,0.5713069845613423,0.002484706189877839,-0.21110956333010122,-0.4063749077027098,0.5533148576647133,0.0,1.0,0.0,1.0,0.0,0.0,0.0,1.0,1.0,0.0
0.03797468354430378,0.44899562736199816,-1.0,-1.0,-1.0,-1.0,0.32179241863050323,1.0,0.0,0.0,1.0,0.0,0.0,0.0,1.0,1.0,0.0
-0.26582278481012656,-1.0,-0.26540084045943624,0.3900031047976056,-1.0,-1.0,0.25872178674943225,1.0,0.0,0.0,1.0,0.0,0.0,0.0,1.0,1.0,0.0
-0.44303797468354433,-1.0,-1.0,-1.0,-1.0,-1.0,-1.0,1.0,0.0,0.0,0.0,1.0,1.0,0.0,0.0,1.0,0.0
-0.31645569620253167,-1.0,-1.0,0.41373057747655984,-0.031261914915910016,-1.0,0.29744751488910315,1.0,0.0,0.0,1.0,0.0,0.0,0.0,1.0,1.0,0.0
0.11392405063291133,-1.0,-1.0,-1.0,-1.0,-1.0,-1.0,0.0,0.0,1.0,0.0,1.0,0.0,0.0,1.0,1.0,0.0
-0.189873417721519,-1.0,0.3096353933068554,-0.06375549293234017,0.2143529161626705,0.2334628224828259,0.43127107483016314,1.0,0.0,0.0,1.0,0.0,0.0,0.0,1.0,1.0,0.0
-1.0,-1.0,-1.0,-1.0,-1.0,-1.0,-1.0,1.0,0.0,0.0,0.0,1.0,0.0,0.0,1.0,1.0,0.0
-0.06329113924050633,-0.38465038264461693,0.06310885861654891,-1.0,0.25204192773426026,-1.0,0.2707504172839674,1.0,0.0,0.0,1.0,0.0,0.0,0.0,1.0,1.0,0.0
-0.26582278481012656,-1.0,-1.0,-1.0,-1.0,-1.0,-1.0,1.0,0.0,0.0,0.0,1.0,0.0,0.0,1.0,1.0,0.0
-0.4177215189873418,-0.7704042582518641,0.7116136690997048,-1.0,-0.36548174383843235,-1.0,0.681612198094498,0.0,1.0,0.0,1.0,0.0,0.0,0.0,1.0,1.0,0.0
-0.2405063291139241,-1.0,0.2546242303993327,-1.0,-0.3080442249399358,0.7605753098341552,0.6843781917229097,0.0,1.0,0.0,1.0,0.0,0.0,0.0,1.0,1.0,0.0
-0.49367088607594933,-1.0,-0.7867338209790253,0.20461381177476712,0.3745306713522576,-1.0,0.36216498630153615,0.0,0.0,1.0,1.0,0.0,0.0,0.0,1.0,1.0,0.0
-0.620253164556962,0.7232882551576634,-1.0,-0.0013434766045952173,0.09173228980824888,-1.0,0.5885227217346978,0.0,0.0,1.0,1.0,0.0,1.0,0.0,0.0,1.0,0.0
-0.03797468354430378,-0.6636483178693894,0.6879674688773831,-1.0,0.6394737467592797,0.06616167847277632,0.7531389677178715,0.0,1.0,0.0,1.0,0.0,0.0,0.0,1.0,1.0,0.0
-0.49367088607594933,-1.0,-1.0,-1.0,0.4741354713666235,-0.8602553620751245,0.4076887056483811,1.0,0.0,0.0,1.0,0.0,0.0,0.0,1.0,1.0,0.0
-0.5949367088607596,-0.012037163643763504,-1.0,-0.221645565548108,-0.1301559272165851,0.22897246100387525,0.2408361162931747,1.0,0.0,0.0,1.0,0.0,0.0,1.0,0.0,1.0,0.0
-0.5189873417721519,-0.11512657050089148,-1.0,-1.0,0.31358851320541414,-1.0,0.2714775917362522,1.0,0.0,0.0,1.0,0.0,0.0,0.0,1.0,1.0,0.0
-0.21518987341772156,-1.0,-1.0,-1.0,-1.0,-1.0,-1.0,0.0,1.0,0.0,0.0,1.0,1.0,0.0,0.0,1.0,0.0
0.139240506329114,-1.0,-1.0,-1.0,-1.0,-1.0,-1.0,0.0,1.0,0.0,0.0,1.0,1.0,0.0,0.0,1.0,0.0
0.08860759493670889,-0.02540161897517723,0.14742300650283569,0.1886434110893218,0.34507744494102055,-0.46794256496556785,0.4061431226742702,0.0,1.0,0.0,1.0,0.0,0.0,0.0,1.0,1.0,0.0
0.7974683544303798,-1.0,-1.0,-1.0,-1.0,-1.0,-1.0,1.0,0.0,0.0,0.0,1.0,0.0,0.0,1.0,1.0,0.0
-0.4683544303797469,0.3519895420428898,-1.0,-1.0,-1.0,-0.7785099892122169,0.23389244116125418,1.0,0.0,0.0,1.0,0.0,0.0,0.0,1.0,1.0,0.0
-0.11392405063291144,0.3895516693023382,-1.0,0.1079568912413078,-1.0,-1.0,0.3081212548288894,0.0,0.0,1.0,1.0,0.0,0.0,0.0,1.0,1.0,0.0
-0.2911392405063291,-1.0,-1.0,0.20166295327009975,-0.017695141726769226,0.17397785507378538,0.2643292695647548,1.0,0.0,0.0,1.0,0.0,0.0,0.0,1.0,1.0,0.0
0.4430379746835442,0.5541567072569453,-1.0,0.46909264078438295,-1.0,-0.3281979270406924,0.5083598349267144,0.0,0.0,1.0,1.0,0.0,0.0,0.0,1.0,1.0,0.0
-0.31645569620253167,-1.0,-1.0,-1.0,-1.0,-1.0,-1.0,0.0,1.0,0.0,0.0,1.0,1.0,0.0,0.0,1.0,0.0
0.26582278481012667,-1.0,-1.0,-1.0,-1.0,-1.0,-1.0,0.0,1.0,0.0,0.0,1.0,1.0,0.0,0.0,1.0,0.0
-0.9240506329113924,-1.0,-1.0,-1.0,-1.0,-1.0,-1.0,1.0,0.0,0.0,1.0,0.0,0.0,0.0,1.0,1.0,0.0
0.012658227848101333,-1.0,-1.0,-1.0,-1.0,-1.0,-1.0,0.0,1.0,0.0,0.0,1.0,0.0,0.0,1.0,1.0,0.0
0.26582278481012667,-1.0,-1.0,-1.0,-1.0,-1.0,-1.0,0.0,0.0,1.0,0.0,1.0,1.0,0.0,0.0,1.0,0.0
0.08860759493670889,-0.48068668872744935,-1.0,0.5230249933566138,-0.2685470822285979,-1.0,0.3736871257170573,0.0,0.0,1.0,1.0,0.0,0.0,0.0,1.0,1.0,0.0
-0.4683544303797469,-0.8551412152377926,0.14742300650283569,-1.0,-1.0,0.20231064842101465,0.2640779304761438,1.0,0.0,0.0,1.0,0.0,0.0,1.0,0.0,1.0,0.0
-0.189873417721519,-1.0,-0.009997395989453817,-1.0,0.7663731313485054,-0.20730897443030571,0.6923634554960834,0.0,1.0,0.0,1.0,0.0,0.0,0.0,1.0,1.0,0.0
-0.31645569620253167,-1.0,-1.0,-1.0,0.13812909051300326,0.2577017413238789,0.27672710334034045,1.0,0.0,0.0,1.0,0.0,0.0,0.0,1.0,1.0,0.0
0.3417721518987342,-0.1824378509765714,0.2368779476436571,-1.0,-1.0,-0.14060581545527262,0.24998862605774574,1.0,0.0,0.0,1.0,0.0,0.0,0.0,1.0,1.0,0.0
-0.7215189873417722,-1.0,-1.0,-1.0,-1.0,-1.0,-1.0,1.0,0.0,0.0,0.0,1.0,0.0,0.0,1.0,1.0,0.0
-0.44303797468354433,-1.0,-0.8654440222251701,0.19099972060540016,-1.0,0.4530192768420176,0.4089867901325954,1.0,0.0,0.0,1.0,0.0,0.0,0.0,1.0,1.0,0.0
0.012658227848101333,-1.0,-0.06902559201819192,-1.0,0.5858130642415835,0.16231381418236346,0.5417745764945188,0.0,1.0,0.0,1.0,0.0,0.0,0.0,1.0,1.0,0.0
0.012658227848101333,0.3077714916105583,-0.687570694869583,-0.15250684402123993,-0.14892939309994802,-0.0008611775303971614,0.27196083830957996,1.0,0.0,0.0,1.0,0.0,0.0,0.0,1.0,1.0,0.0
-0.4177215189873418,-1.0,0.3036119932727128,-1.0,0.2391815695987436,0.47170408904859773,0.5131183407165005,0.0,1.0,0.0,1.0,0.0,0.0,0.0,1.0,1.0,0.0
-0.3924050632911392,-1.0,0.23918700238390134,-1.0,-1.0,0.48244672911211683,0.46300566302056945,1.0,0.0,0.0,1.0,0.0,0.0,0.0,1.0,1.0,0.0
-0.3924050632911392,0.5148434859379913,-1.0,-0.42465199542280296,-0.7806552088744709,0.02817844089879551,0.4047052226752319,1.0,0.0,0.0,1.0,0.0,0.0,0.0,1.0,1.0,0.0
0.08860759493670889,0.30372906285986634,0.059004620288070075,-1.0,-1.0,0.003353796117658847,0.2944686937979426,1.0,0.0,0.0,1.0,0.0,1.0,0.0,0.0,1.0,0.0
-0.26582278481012656,-1.0,-1.0,-1.0,-1.0,-1.0,-1.0,0.0,0.0,1.0,0.0,1.0,0.0,0.0,1.0,1.0,0.0
-0.03797468354430378,-1.0,-1.0,-1.0,-1.0,-1.0,-1.0,0.0,1.0,0.0,0.0,1.0,1.0,0.0,0.0,1.0,0.0
-0.1392405063291139,-1.0,-0.24450722700311545,0.6219790508316227,-0.7232176899759744,-0.6076872028904432,0.46059866442444464,0.0,1.0,0.0,1.0,0.0,0.0,0.0,1.0,1.0,0.0
-0.5189873417721519,0.1445099643721517,-0.8654440222251701,-0.28458972591597387,0.06567274669392442,-0.03479907452996045,0.21759895966419496,1.0,0.0,0.0,1.0,0.0,0.0,0.0,1.0,1.0,0.0
-0.03797468354430378,-1.0,-1.0,-1.0,-1.0,-1.0,-1.0,1.0,0.0,0.0,0.0,1.0,0.0,0.0,1.0,1.0,0.0
-0.31645569620253167,-1.0,-1.0,-1.0,-1.0,-1.0,-1.0,0.0,1.0,0.0,0.0,1.0,1.0,0.0,0.0,1.0,0.0
0.11392405063291133,-0.06668303489978522,0.2162405826317031,-0.398060034713992,-0.21894022317537787,-0.2562890853177435,0.25321079861192275,1.0,0.0,0.0,1.0,0.0,0.0,0.0,1.0,1.0,0.0
0.16455696202531644,0.2657894258686748,-0.2938599821371666,-1.0,-1.0,0.278982731473459,0.32290402919167094,1.0,0.0,0.0,1.0,0.0,1.0,0.0,0.0,1.0,0.0
-0.36708860759493667,-1.0,-1.0,-1.0,-1.0,-1.0,-1.0,1.0,0.0,0.0,0.0,1.0,0.0,1.0,0.0,1.0,0.0
0.3924050632911391,-1.0,-1.0,-1.0,-1.0,-1.0,-1.0,0.0,0.0,1.0,1.0,0.0,0.0,0.0,1.0,1.0,0.0
-0.1392405063291139,-1.0,-1.0,-1.0,-1.0,-1.0,-1.0,1.0,0.0,0.0,0.0,1.0,0.0,1.0,0.0,1.0,0.0
-0.49367088607594933,-1.0,0.31636088957069597,-0.619325655453848,-0.34950071834211405,0.249258260505149,0.38118051845829237,1.0,0.0,0.0,1.0,0.0,0.0,0.0,1.0,1.0,0.0
-0.3924050632911392,-1.0,0.2206194880413752,-1.0,-0.6422640538624581,0.06616167847277632,0.25949622520548155,1.0,0.0,0.0,1.0,0.0,0.0,0.0,1.0,1.0,0.0
-0.5696202531645569,-1.0,-1.0,-1.0,0.34999014843665144,-1.0,0.289030770321669,1.0,0.0,0.0,1.0,0.0,1.0,0.0,0.0,1.0,0.0
-0.9746835443037974,-1.0,-1.0,-1.0,-1.0,-1.0,-1.0,1.0,0.0,0.0,0.0,1.0,0.0,0.0,1.0,1.0,0.0
-0.5443037974683544,0.38406612995655687,-1.0,-1.0,-1.0,-1.0,0.2625628973018235,1.0,0.0,0.0,1.0,0.0,0.0,0.0,1.0,1.0,0.0
-0.08860759493670889,-1.0,-0.22927406261980054,-0.5331811885673919,-1.0,0.6801098948842632,0.5914354074088559,1.0,0.0,0.0,1.0,0.0,0.0,0.0,1.0,1.0,0.0
-0.5443037974683544,-1.0,-1.0,-1.0,-1.0,-1.0,-1.0,1.0,0.0,0.0,0.0,1.0,0.0,0.0,1.0,1.0,0.0
-0.8987341772151899,-1.0,-1.0,-1.0,-1.0,-1.0,-1.0,1.0,0.0,0.0,0.0,1.0,1.0,0.0,0.0,1.0,0.0
-0.7468354430379747,-1.0,-1.0,-1.0,-1.0,-1.0,-1.0,1.0,0.0,0.0,1.0,0.0,0.0,0.0,1.0,1.0,0.0
-0.3417721518987342,-1.0,-1.0,-1.0,-1.0,-1.0,-1.0,1.0,0.0,0.0,0.0,1.0,0.0,1.0,0.0,1.0,0.0
-0.21518987341772156,-1.0,0.05225182666193051,-1.0,0.14012234733163842,0.6766894001562909,0.6085307429350209,0.0,1.0,0.0,1.0,0.0,1.0,0.0,0.0,1.0,0.0
0.139240506329114,-0.7704042582518641,0.1309620279080752,0.21740781423484545,-0.16655756244782238,-1.0,0.25214278085446273,1.0,0.0,0.0,1.0,0.0,0.0,0.0,1.0,1.0,0.0
-0.08860759493670889,-1.0,-0.5176218654293654,-1.0,-0.41212440500723446,0.3652824520427418,0.2972362786668288,1.0,0.0,0.0,1.0,0.0,0.0,0.0,1.0,1.0,0.0
-0.8987341772151899,-1.0,-1.0,-1.0,-1.0,-1.0,-1.0,1.0,0.0,0.0,0.0,1.0,1.0,0.0,0.0,1.0,0.0
-0.31645569620253167,1.0,0.41810681875285494,-1.0,-0.8616088449879872,-1.0,0.8432622055306722,0.0,1.0,0.0,1.0,0.0,0.0,0.0,1.0,1.0,0.0
-0.3417721518987342,0.4780445922175438,-0.5963320666755103,-1.0,-0.5848265349639614,-1.0,0.3505416793177798,0.0,0.0,1.0,1.0,0.0,0.0,0.0,1.0,1.0,0.0
-0.189873417721519,0.5035441368410873,0.17116225578268285,-1.0,0.298023005513679,-0.15840639051791483,0.48981937029553424,0.0,0.0,1.0,1.0,0.0,0.0,0.0,1.0,1.0,0.0
-0.31645569620253167,-1.0,-0.6222536135015577,-1.0,0.7889619666228314,-1.0,0.7083274646766249,0.0,1.0,0.0,1.0,0.0,0.0,0.0,1.0,1.0,0.0
-0.2911392405063291,-1.0,-1.0,-1.0,-1.0,-1.0,-1.0,1.0,0.0,0.0,0.0,1.0,0.0,1.0,0.0,1.0,0.0
0.06329113924050622,-1.0,-1.0,-1.0,-1.0,-1.0,-1.0,0.0,0.0,1.0,0.0,1.0,0.0,0.0,1.0,1.0,0.0
-0.16455696202531644,-1.0,0.5937231788437896,-1.0,0.49022146608813055,-0.8602553620751245,0.639135272953276,0.0,1.0,0.0,1.0,0.0,1.0,0.0,0.0,1.0,0.0
-0.2911392405063291,-1.0,0.5911188854788365,-1.0,-0.3080442249399358,0.6311588531189467,0.6857325131683916,0.0,1.0,0.0,1.0,0.0,0.0,0.0,1.0,1.0,0.0
0.06329113924050622,-0.7102824304755853,0.4917951720927405,-1.0,0.8553921304868612,0.5825721255682696,0.8406651124910969,0.0,1.0,0.0,1.0,0.0,0.0,0.0,1.0,1.0,0.0
-0.5443037974683544,-1.0,-1.0,-1.0,-0.8616088449879872,0.3546128251052456,0.2811472803002071,1.0,0.0,0.0,1.0,0.0,0.0,0.0,1.0,1.0,0.0
-0.5949367088607596,-1.0,0.40875289167091,-0.7054701223403039,-0.3347045997837631,0.05463803375424603,0.41050958085552947,0.0,1.0,0.0,1.0,0.0,0.0,0.0,1.0,1.0,0.0
-0.6708860759493671,-0.15505464089648102,0.4447608148512918,-0.41094024468060797,-1.0,-0.35927607543759066,0.429061028499063,1.0,0.0,0.0,1.0,0.0,0.0,0.0,1.0,1.0,0.0
-0.3417721518987342,-1.0,-1.0,-1.0,-1.0,-1.0,-1.0,0.0,1.0,0.0,0.0,1.0,0.0,0.0,1.0,1.0,0.0
-0.8987341772151899,-1.0,-1.0,-1.0,-1.0,-1.0,-1.0,0.0,0.0,1.0,1.0,0.0,1.0,0.0,0.0,1.0,0.0
-0.5443037974683544,-1.0,-1.0,-1.0,-1.0,-1.0,-1.0,1.0,0.0,0.0,0.0,1.0,0.0,0.0,1.0,1.0,0.0
-1.0,-1.0,-1.0,-1.0,-1.0,-1.0,-1.0,1.0,0.0,0.0,0.0,1.0,0.0,1.0,0.0,1.0,0.0
0.012658227848101333,-0.7704042582518641,-0.029924953165758494,-1.0,0.4846493025839991,0.4204912380083521,0.5258302319889274,1.0,0.0,0.0,1.0,0.0,0.0,0.0,1.0,1.0,0.0
-0.08860759493670889,-1.0,-1.0,-1.0,-1.0,-1.0,-1.0,0.0,1.0,0.0,0.0,1.0,1.0,0.0,0.0,1.0,0.0
-0.3417721518987342,-0.8551412152377926,0.6405873558624096,-0.30779003243456393,0.265186754903574,-0.46794256496556785,0.6342554601630834,0.0,1.0,0.0,1.0,0.0,1.0,0.0,0.0,1.0,0.0
-0.012658227848101333,-1.0,-1.0,-1.0,-1.0,-1.0,-1.0,1.0,0.0,0.0,0.0,1.0,0.0,1.0,0.0,1.0,0.0
0.5189873417721518,0.08641856110671231,-1.0,0.2807583907560669,0.41256050099352404,-1.0,0.4263961728198056,0.0,0.0,1.0,1.0,0.0,0.0,0.0,1.0,1.0,0.0
-0.1392405063291139,-1.0,-1.0,-1.0,-1.0,-1.0,-1.0,0.0,0.0,1.0,0.0,1.0,0.0,0.0,1.0,1.0,0.0
-0.2405063291139241,-0.5408085165037282,0.2858850162974633,-1.0,-1.0,0.31726995512985945,0.3874710937551995,1.0,0.0,0.0,1.0,0.0,0.0,0.0,1.0,1.0,0.0
-0.2911392405063291,-1.0,0.6446907266060211,0.5879575716390255,-0.8616088449879872,0.11155628337839407,0.68206195512079,0.0,1.0,0.0,1.0,0.0,0.0,0.0,1.0,1.0,0.0
-0.44303797468354433,-0.4205648609511705,-0.03659651153780541,-1.0,-0.25375096367024685,0.25048633879662074,0.24671105528094617,1.0,0.0,0.0,1.0,0.0,1.0,0.0,0.0,1.0,0.0
-0.189873417721519,-0.07905274254848893,-1.0,0.5335622799645419,-1.0,-1.0,0.38707571026519116,0.0,0.0,1.0,1.0,0.0,0.0,0.0,1.0,1.0,0.0
-0.6455696202531646,-1.0,-1.0,-1.0,-1.0,-1.0,-1.0,1.0,0.0,0.0,0.0,1.0,1.0,0.0,0.0,1.0,0.0
-0.3924050632911392,-1.0,-1.0,-1.0,-1.0,-1.0,-1.0,0.0,0.0,1.0,0.0,1.0,0.0,0.0,1.0,1.0,0.0
-0.2911392405063291,-1.0,-1.0,-1.0,-1.0,-1.0,-1.0,1.0,0.0,0.0,0.0,1.0,0.0,1.0,0.0,1.0,0.0
-0.4177215189873418,-1.0,-1.0,-1.0,-1.0,-1.0,-1.0,1.0,0.0,0.0,0.0,1.0,0.0,1.0,0.0,1.0,0.0
-0.3924050632911392,0.6383593279000066,-1.0,-0.12315564456996997,-1.0,-1.0,0.49905844528648013,0.0,0.0,1.0,1.0,0.0,0.0,0.0,1.0,1.0,0.0
-0.5443037974683544,-1.0,-0.7867338209790253,0.5557288284321189,-1.0,-1.0,0.39621997414766574,1.0,0.0,0.0,1.0,0.0,0.0,1.0,0.0,1.0,0.0
0.21518987341772156,0.374978304675712,-0.8654440222251701,-0.1098726697491843,-1.0,-0.3510459981847396,0.27672710334034045,1.0,0.0,0.0,1.0,0.0,0.0,0.0,1.0,1.0,0.0
-0.4683544303797469,0.5844812245922857,-0.11194227429085435,-1.0,-0.19991095170540252,-0.2513108349509553,0.46300566302056945,1.0,0.0,0.0,1.0,0.0,0.0,0.0,1.0,1.0,0.0
-0.5443037974683544,0.5750024702705785,-1.0,0.1822290855166342,-1.0,-1.0,0.4614936926932989,0.0,0.0,1.0,1.0,0.0,1.0,0.0,0.0,1.0,0.0
-0.49367088607594933,-1.0,-1.0,-1.0,-1.0,-1.0,-1.0,0.0,0.0,1.0,0.0,1.0,0.0,0.0,1.0,1.0,0.0
-0.5696202531645569,-0.7102824304755853,-0.13987547893092322,0.4517349682332663,-1.0,-0.8602553620751245,0.3197374772423094,1.0,0.0,0.0,1.0,0.0,0.0,0.0,1.0,1.0,0.0
0.139240506329114,-1.0,-1.0,-1.0,-1.0,-1.0,-1.0,0.0,1.0,0.0,0.0,1.0,1.0,0.0,0.0,1.0,0.0
-0.3924050632911392,-1.0,-1.0,-1.0,-1.0,-1.0,-1.0,1.0,0.0,0.0,0.0,1.0,0.0,1.0,0.0,1.0,0.0
-0.3417721518987342,-1.0,0.6459050127287955,-1.0,0.3755498478024055,0.5378789351078814,0.7096196181710952,0.0,1.0,0.0,1.0,0.0,0.0,0.0,1.0,1.0,0.0
0.08860759493670889,0.5826625390134221,-0.4389116641832207,0.37868607716759684,-1.0,-1.0,0.5004465229845894,1.0,0.0,0.0,1.0,0.0,0.0,0.0,1.0,1.0,0.0
-0.3417721518987342,-1.0,0.5416590869222453,0.4584945541903809,-1.0,-0.0973290672530388,0.5741935429221083,1.0,0.0,0.0,1.0,0.0,0.0,0.0,1.0,1.0,0.0
-0.44303797468354433,-0.296278776647921,0.17301547503028059,-0.23283016877370677,0.7373112575777252,-0.7205107241502491,0.6737113937413488,0.0,0.0,1.0,1.0,0.0,0.0,0.0,1.0,1.0,0.0
-0.36708860759493667,-1.0,0.6377466810182202,-1.0,0.5688722366134016,0.5241794771695414,0.7382418279936898,0.0,1.0,0.0,1.0,0.0,0.0,0.0,1.0,1.0,0.0
0.240506329113924,-1.0,0.5414518747603989,0.4847470618483889,-0.0597129406238629,0.4178396141280425,0.6287653321217941,0.0,1.0,0.0,1.0,0.0,1.0,0.0,0.0,1.0,0.0
-0.44303797468354433,-1.0,-1.0,0.04683641929791582,0.29981365637780444,-1.0,0.2764915990842052,1.0,0.0,0.0,1.0,0.0,0.0,0.0,1.0,1.0,0.0
-0.620253164556962,-1.0,-1.0,-1.0,-1.0,-1.0,-1.0,1.0,0.0,0.0,0.0,1.0,1.0,0.0,0.0,1.0,0.0
-0.6962025316455696,-1.0,-1.0,-1.0,-1.0,-1.0,-1.0,1.0,0.0,0.0,0.0,1.0,0.0,0.0,1.0,1.0,0.0
-0.31645569620253167,-1.0,-1.0,-1.0,-1.0,-1.0,-1.0,1.0,0.0,0.0,0.0,1.0,0.0,1.0,0.0,1.0,0.0
-0.5443037974683544,-1.0,0.09998511844544766,-0.23865131090769598,-1.0,0.22530674372451998,0.2643292695647548,1.0,0.0,0.0,1.0,0.0,0.0,0.0,1.0,1.0,0.0
-0.16455696202531644,-1.0,-1.0,-1.0,-1.0,-1.0,-1.0,0.0,1.0,0.0,0.0,1.0,1.0,0.0,0.0,1.0,0.0
-0.9746835443037974,-1.0,-1.0,-1.0,-1.0,-1.0,-1.0,1.0,0.0,0.0,0.0,1.0,0.0,1.0,0.0,1.0,0.0
-0.49367088607594933,-0.8551412152377926,0.28793653596543245,-1.0,-0.3828541075996944,-1.0,0.27026408877763064,1.0,0.0,0.0,1.0,0.0,0.0,0.0,1.0,1.0,0.0
-0.189873417721519,-1.0,-1.0,-1.0,-1.0,-1.0,-1.0,0.0,1.0,0.0,0.0,1.0,0.0,0.0,1.0,1.0,0.0
-0.6708860759493671,-1.0,-1.0,-1.0,-1.0,-1.0,-1.0,0.0,0.0,1.0,0.0,1.0,0.0,0.0,1.0,1.0,0.0
-0.5443037974683544,0.37264322954041407,-0.5020837155287093,-1.0,-0.11535980865823414,-1.0,0.2760197159940232,1.0,0.0,0.0,1.0,0.0,0.0,0.0,1.0,1.0,0.0
-0.5443037974683544,-1.0,-1.0,-1.0,-1.0,-1.0,-1.0,0.0,0.0,1.0,0.0,1.0,0.0,0.0,1.0,1.0,0.0
-0.2911392405063291,0.44467373226762175,0.5128362686387322,-1.0,-1.0,-0.4172753404995585,0.5527071054090686,0.0,1.0,0.0,1.0,0.0,0.0,0.0,1.0,1.0,0.0
0.620253164556962,-1.0,0.45190589251161994,-1.0,0.6614722480035169,0.0480632479828087,0.6604411749088768,0.0,1.0,0.0,1.0,0.0,0.0,0.0,1.0,1.0,0.0
-0.06329113924050633,-1.0,0.48181446269407346,0.5741332516341866,0.17352658498705842,-0.8602553620751245,0.5846310151779901,0.0,1.0,0.0,1.0,0.0,1.0,0.0,0.0,1.0,0.0
-0.3417721518987342,0.2928374935028868,-0.5734676419580506,0.7599515546020981,-1.0,-1.0,0.6015930028969563,1.0,0.0,0.0,1.0,0.0,0.0,0.0,1.0,1.0,0.0
-0.4177215189873418,0.4026668282511645,-1.0,0.4365529112981521,0.2977229960912815,-1.0,0.4797042727656504,0.0,0.0,1.0,1.0,0.0,0.0,0.0,1.0,1.0,0.0
-1.0,-1.0,-1.0,-1.0,-1.0,-1.0,-1.0,1.0,0.0,0.0,1.0,0.0,1.0,0.0,0.0,1.0,0.0
-0.2911392405063291,-0.21395788183585684,0.36243490989531635,-1.0,-1.0,-1.0,0.3450295752594832,0.0,0.0,1.0,1.0,0.0,0.0,0.0,1.0,1.0,0.0
0.1898734177215189,-0.07401666632198345,-0.8654440222251701,-1.0,0.2946978437771306,-0.7205107241502491,0.26001077523741456,1.0,0.0,0.0,1.0,0.0,0.0,1.0,0.0,1.0,0.0
0.7468354430379747,-1.0,-1.0,-1.0,-1.0,-1.0,-1.0,1.0,0.0,0.0,0.0,1.0,0.0,0.0,1.0,1.0,0.0
0.08860759493670889,-1.0,-1.0,-1.0,-1.0,-1.0,-1.0,0.0,1.0,0.0,0.0,1.0,1.0,0.0,0.0,1.0,0.0
0.139240506329114,-0.12127369161112489,0.6879674688773831,-1.0,-1.0,0.2982303200798675,0.6785482642161724,0.0,1.0,0.0,1.0,0.0,1.0,0.0,0.0,1.0,0.0
-0.1392405063291139,-0.4988709397562451,-0.687570694869583,-0.852735061170152,-1.0,0.34565095432252724,0.2760197159940232,1.0,0.0,0.0,1.0,0.0,0.0,0.0,1.0,1.0,0.0
-0.8227848101265822,-1.0,-1.0,-1.0,-1.0,-1.0,-1.0,1.0,0.0,0.0,0.0,1.0,1.0,0.0,0.0,1.0,0.0
-0.4683544303797469,0.3862776537726158,-1.0,-1.0,-1.0,-0.2513108349509553,0.27435886579108937,1.0,0.0,0.0,1.0,0.0,0.0,0.0,1.0,1.0,0.0
0.31645569620253156,-1.0,-1.0,-1.0,-1.0,-1.0,-1.0,1.0,0.0,0.0,0.0,1.0,0.0,0.0,1.0,1.0,0.0
0.08860759493670889,-1.0,0.30525215112027015,-0.07167411372292531,-1.0,-1.0,0.29891965093869466,1.0,0.0,0.0,1.0,0.0,0.0,0.0,1.0,1.0,0.0
0.4177215189873418,-1.0,-1.0,-1.0,-1.0,-1.0,-1.0,1.0,0.0,0.0,0.0,1.0,0.0,0.0,1.0,1.0,0.0
0.012658227848101333,-1.0,-1.0,-1.0,-1.0,-1.0,-1.0,0.0,1.0,0.0,1.0,0.0,0.0,0.0,1.0,1.0,0.0
-0.3417721518987342,-1.0,-1.0,-1.0,-1.0,-1.0,-1.0,1.0,0.0,0.0,0.0,1.0,0.0,0.0,1.0,1.0,0.0
0.03797468354430378,-1.0,-1.0,-1.0,-1.0,-1.0,-1.0,0.0,1.0,0.0,0.0,1.0,1.0,0.0,0.0,1.0,0.0
0.4430379746835442,-1.0,0.40765459600087595,-0.27738705659295493,-1.0,-1.0,0.38628247470564125,1.0,0.0,0.0,1.0,0.0,0.0,0.0,1.0,1.0,0.0
-0.49367088607594933,-1.0,-1.0,-1.0,-1.0,-1.0,-1.0,1.0,0.0,0.0,0.0,1.0,0.0,0.0,1.0,1.0,0.0
0.3924050632911391,-1.0,-1.0,-1.0,-1.0,-1.0,-1.0,1.0,0.0,0.0,0.0,1.0,0.0,0.0,1.0,1.0,0.0
-0.5443037974683544,-1.0,-1.0,-1.0,-1.0,-1.0,-1.0,0.0,0.0,1.0,0.0,1.0,0.0,0.0,1.0,1.0,0.0
-0.6962025316455696,-1.0,-1.0,-1.0,-1.0,-1.0,-1.0,1.0,0.0,0.0,1.0,0.0,0.0,1.0,0.0,1.0,0.0
-1.0,-1.0,-1.0,-1.0,-1.0,-1.0,-1.0,1.0,0.0,0.0,1.0,0.0,1.0,0.0,0.0,1.0,0.0
-0.2911392405063291,-1.0,-1.0,-1.0,-1.0,-1.0,-1.0,1.0,0.0,0.0,0.0,1.0,0.0,1.0,0.0,1.0,0.0
-0.5949367088607596,-0.335827903965242,0.1984753730255413,-1.0,-1.0,0.1943826716791215,0.29166033850964634,1.0,0.0,0.0,1.0,0.0,0.0,0.0,1.0,1.0,0.0
0.6455696202531644,-1.0,-1.0,-1.0,-1.0,-1.0,-1.0,1.0,0.0,0.0,0.0,1.0,0.0,0.0,1.0,1.0,0.0
0.4683544303797469,-1.0,-1.0,-1.0,-1.0,-1.0,-1.0,0.0,0.0,1.0,0.0,1.0,0.0,0.0,1.0,1.0,0.0
-0.3924050632911392,-0.48068668872744935,-1.0,-0.5107964623092589,0.5734517087730224,-0.7785099892122169,0.5039803457047367,1.0,0.0,0.0,1.0,0.0,0.0,0.0,1.0,1.0,0.0
-0.3417721518987342,-1.0,-1.0,-1.0,-1.0,-1.0,-1.0,0.0,1.0,0.0,1.0,0.0,0.0,0.0,1.0,1.0,0.0
-0.5189873417721519,-1.0,-1.0,-1.0,0.335868364965646,-0.6387653512873415,0.27672710334034045,1.0,0.0,0.0,1.0,0.0,0.0,0.0,1.0,1.0,0.0
0.139240506329114,-1.0,-1.0,-1.0,-1.0,-1.0,-1.0,1.0,0.0,0.0,0.0,1.0,0.0,0.0,1.0,1.0,0.0
-0.5189873417721519,0.1114182112167541,-1.0,0.09486007116558381,0.45487029498889875,0.012859006071916479,0.44779793665290835,0.0,0.0,1.0,1.0,0.0,1.0,0.0,0.0,1.0,0.0
-0.03797468354430378,-1.0,-1.0,-1.0,-1.0,-1.0,-1.0,0.0,0.0,1.0,0.0,1.0,0.0,0.0,1.0,1.0,0.0
-0.2405063291139241,-1.0,0.744453849847424,-1.0,0.24395445584119302,-0.3431387535006696,0.7254426366665288,0.0,1.0,0.0,1.0,0.0,1.0,0.0,0.0,1.0,0.0
-0.2911392405063291,-1.0,0.24276092033332142,-1.0,-0.05091608903386202,-1.0,0.25374257209786033,1.0,0.0,0.0,1.0,0.0,0.0,0.0,1.0,1.0,0.0
-0.6708860759493671,-1.0,-1.0,-1.0,-1.0,-1.0,-1.0,0.0,1.0,0.0,0.0,1.0,1.0,0.0,0.0,1.0,0.0
-0.31645569620253167,-1.0,-1.0,-1.0,-1.0,-1.0,-1.0,1.0,0.0,0.0,0.0,1.0,1.0,0.0,0.0,1.0,0.0
-0.5443037974683544,-0.5408085165037282,-0.8654440222251701,-0.658061401139107,0.20597450224807057,0.15326574277289562,0.25872178674943225,1.0,0.0,0.0,1.0,0.0,0.0,0.0,1.0,1.0,0.0
-0.49367088607594933,0.42529510377143054,-0.5020837155287093,-0.30779003243456393,0.06374368595733126,0.1578405331368644,0.3902160531374981,0.0,0.0,1.0,1.0,0.0,0.0,0.0,1.0,1.0,0.0
-0.5696202531645569,-0.8551412152377926,-0.013581311479284097,-0.22716427574925402,-1.0,-1.0,0.009119184110898848,1.0,0.0,0.0,1.0,0.0,0.0,0.0,1.0,1.0,0.0
0.1898734177215189,-1.0,-1.0,-1.0,-1.0,-1.0,-1.0,1.0,0.0,0.0,0.0,1.0,0.0,0.0,1.0,1.0,0.0
-0.6708860759493671,-0.03344057354545327,-0.5020837155287093,0.10910843008718607,0.32982534428834476,-1.0,0.3312176411241319,1.0,0.0,0.0,1.0,0.0,0.0,0.0,1.0,1.0,0.0
-1.0,-1.0,-1.0,-1.0,-1.0,-1.0,-1.0,0.0,0.0,1.0,1.0,0.0,1.0,0.0,0.0,1.0,0.0
0.26582278481012667,-1.0,0.3976249007983441,-1.0,-0.2585621900439785,0.7598262572624763,0.7024649573333006,0.0,1.0,0.0,1.0,0.0,0.0,0.0,1.0,1.0,0.0
0.2911392405063291,-0.5408085165037282,-1.0,0.13298088618437176,0.4234086928314664,-0.4540329883045867,0.39112232628577637,1.0,0.0,0.0,1.0,0.0,1.0,0.0,0.0,1.0,0.0
-0.6455696202531646,-1.0,-1.0,-1.0,-1.0,-1.0,-1.0,1.0,0.0,0.0,0.0,1.0,0.0,0.0,1.0,1.0,0.0
-0.3924050632911392,-1.0,-1.0,-1.0,0.519554198342598,-0.038187539100768886,0.46167219520736813,1.0,0.0,0.0,1.0,0.0,0.0,0.0,1.0,1.0,0.0
-0.5189873417721519,-0.7704042582518641,-0.7308880444503403,0.2984325539424755,0.0627721208623262,-1.0,0.23768495907641718,1.0,0.0,0.0,1.0,0.0,0.0,0.0,1.0,1.0,0.0
-0.2405063291139241,-0.14088059653679108,-0.2744314567057531,0.3421346825942404,-0.8616088449879872,-1.0,0.2365260456527809,1.0,0.0,0.0,1.0,0.0,1.0,0.0,0.0,1.0,0.0
-0.2911392405063291,-1.0,-1.0,-1.0,-1.0,-1.0,-1.0,0.0,1.0,0.0,0.0,1.0,0.0,0.0,1.0,1.0,0.0
-0.2405063291139241,-0.17829935830766064,0.3841178375504244,-1.0,-0.8616088449879872,0.37431459606271456,0.4682481749763605,0.0,1.0,0.0,1.0,0.0,0.0,0.0,1.0,1.0,0.0
-0.49367088607594933,-1.0,-1.0,0.3203456742423749,0.12925401904617861,-0.06364947765091877,0.29425412914828364,1.0,0.0,0.0,1.0,0.0,0.0,0.0,1.0,1.0,0.0
-0.7468354430379747,-1.0,-1.0,-1.0,-1.0,-1.0,-1.0,0.0,0.0,1.0,0.0,1.0,0.0,0.0,1.0,1.0,0.0
-0.620253164556962,-1.0,-1.0,-1.0,-1.0,-1.0,-1.0,1.0,0.0,0.0,0.0,1.0,0.0,0.0,1.0,1.0,0.0
-0.6708860759493671,0.11446917124724432,-0.3463296171890683,-1.0,-0.8616088449879872,0.29951445751762873,0.2892512916546419,1.0,0.0,0.0,1.0,0.0,0.0,0.0,1.0,1.0,0.0
0.3417721518987342,-0.17829935830766064,0.815964772620118,-1.0,0.5984546257083236,0.688369041259236,0.8775756152481002,0.0,1.0,0.0,1.0,0.0,0.0,0.0,1.0,1.0,0.0
-0.2911392405063291,-0.2569782954639235,-1.0,-1.0,-1.0,0.3085876068438784,0.24698634871665126,1.0,0.0,0.0,1.0,0.0,1.0,0.0,0.0,1.0,0.0
-0.5696202531645569,-1.0,-1.0,-1.0,-1.0,-1.0,-1.0,0.0,1.0,0.0,0.0,1.0,1.0,0.0,0.0,1.0,0.0
-0.44303797468354433,-1.0,0.46708113991326905,0.6243289392401237,-0.07856242258773238,-1.0,0.5861229527202987,0.0,1.0,0.0,1.0,0.0,0.0,0.0,1.0,1.0,0.0
-0.26582278481012656,0.388466019845795,-0.45000744077727617,-0.5107964623092589,-1.0,-1.0,0.27268341910299565,1.0,0.0,0.0,1.0,0.0,0.0,0.0,1.0,1.0,0.0
0.36708860759493667,-1.0,0.4585855975669195,-1.0,-1.0,0.5076655370752938,0.5611501384839761,0.0,1.0,0.0,1.0,0.0,1.0,0.0,0.0,1.0,0.0
-0.36708860759493667,0.14363370711187695,-1.0,0.4478068598759508,-1.0,-0.48288339142554504,0.3451939915448772,1.0,0.0,0.0,1.0,0.0,0.0,0.0,1.0,1.0,0.0
0.08860759493670889,-1.0,-1.0,-1.0,-1.0,-1.0,-1.0,0.0,1.0,0.0,0.0,1.0,1.0,0.0,0.0,1.0,0.0
-0.5696202531645569,-0.03757906621436391,0.21289033806555824,0.6114487292735078,-1.0,-0.6076872028904432,0.498250177595845,1.0,0.0,0.0,1.0,0.0,0.0,0.0,1.0,1.0,0.0
0.4683544303797469,-1.0,-1.0,-1.0,-1.0,-1.0,-1.0,1.0,0.0,0.0,0.0,1.0,0.0,0.0,1.0,1.0,0.0
-0.3924050632911392,-1.0,-1.0,-1.0,-1.0,-1.0,-1.0,1.0,0.0,0.0,1.0,0.0,0.0,0.0,1.0,1.0,0.0
0.11392405063291133,-1.0,0.38019285058916297,-0.07167411372292531,0.4490465753180217,0.43603328428602417,0.579219039072842,0.0,1.0,0.0,1.0,0.0,1.0,0.0,0.0,0.0,1.0
0.3417721518987342,0.4469487250986859,-1.0,-1.0,-1.0,-0.8602553620751245,0.3201127542751028,1.0,0.0,0.0,1.0,0.0,0.0,0.0,1.0,1.0,0.0
-0.4683544303797469,-1.0,-1.0,-1.0,-1.0,-1.0,-1.0,1.0,0.0,0.0,0.0,1.0,0.0,0.0,1.0,1.0,0.0
-0.11392405063291144,-1.0,-1.0,-0.852735061170152,-1.0,0.44005754755989357,0.36186405384583953,1.0,0.0,0.0,1.0,0.0,0.0,0.0,1.0,1.0,0.0
-0.49367088607594933,-1.0,-1.0,-1.0,-1.0,-1.0,-1.0,1.0,0.0,0.0,0.0,1.0,0.0,0.0,1.0,1.0,0.0
0.5189873417721518,-1.0,-1.0,-1.0,-1.0,-1.0,-1.0,0.0,0.0,1.0,0.0,1.0,0.0,0.0,1.0,1.0,0.0
-0.03797468354430378,-1.0,0.5705351217477792,-1.0,0.1361157332866465,0.45686802169522545,0.6211129208075177,1.0,0.0,0.0,1.0,0.0,0.0,0.0,1.0,1.0,0.0
-0.49367088607594933,-1.0,-1.0,-1.0,-1.0,-1.0,-1.0,1.0,0.0,0.0,0.0,1.0,0.0,1.0,0.0,1.0,0.0
0.5189873417721518,-1.0,-1.0,-1.0,-1.0,-1.0,-1.0,1.0,0.0,0.0,0.0,1.0,0.0,0.0,1.0,1.0,0.0
-0.189873417721519,0.8821412578672763,0.4805891116266279,0.6062025763861332,0.7775122240480237,0.33600525035831574,0.8901779467543425,0.0,1.0,0.0,1.0,0.0,0.0,0.0,1.0,1.0,0.0
0.36708860759493667,-1.0,-1.0,-1.0,-1.0,-1.0,-1.0,0.0,1.0,0.0,0.0,1.0,1.0,0.0,0.0,1.0,0.0
0.5949367088607596,-1.0,-0.09655812935016594,-1.0,0.27718687797417685,-1.0,0.24998862605774574,1.0,0.0,0.0,1.0,0.0,0.0,0.0,1.0,1.0,0.0
0.012658227848101333,-1.0,-1.0,-1.0,-1.0,-1.0,-1.0,1.0,0.0,0.0,0.0,1.0,0.0,0.0,1.0,1.0,0.0
-0.31645569620253167,-1.0,-0.4743045158486082,-1.0,-1.0,0.5628530770678011,0.4789724458742579,0.0,1.0,0.0,1.0,0.0,0.0,0.0,1.0,1.0,0.0
-0.4683544303797469,-1.0,-1.0,-1.0,-1.0,-1.0,-1.0,1.0,0.0,0.0,0.0,1.0,0.0,1.0,0.0,1.0,0.0
-0.4177215189873418,-1.0,-0.059630698611390365,0.27505098438333087,-1.0,-0.3768183431027897,0.2032733598084937,1.0,0.0,0.0,1.0,0.0,0.0,1.0,0.0,1.0,0.0
-0.49367088607594933,-1.0,0.07870947778302395,0.23334966955487002,-0.02211575551465006,-1.0,0.2550655522240399,1.0,0.0,0.0,1.0,0.0,0.0,0.0,1.0,1.0,0.0
-0.189873417721519,-1.0,-1.0,-1.0,-1.0,-1.0,-1.0,1.0,0.0,0.0,0.0,1.0,1.0,0.0,0.0,1.0,0.0
-0.189873417721519,0.8825766210364134,-0.17526833059631064,-0.47206071662399995,0.1817440507002468,-1.0,0.7275553283091842,0.0,1.0,0.0,1.0,0.0,0.0,0.0,1.0,1.0,0.0
0.5696202531645569,-1.0,0.23951463662514794,-1.0,-0.42291926273692904,-0.3431387535006696,0.2303234008026842,1.0,0.0,0.0,1.0,0.0,0.0,0.0,1.0,1.0,0.0
-0.3417721518987342,-1.0,-1.0,-1.0,-1.0,-1.0,-1.0,1.0,0.0,0.0,0.0,1.0,0.0,0.0,1.0,1.0,0.0
-0.8734177215189873,-1.0,-1.0,-1.0,-1.0,-1.0,-1.0,0.0,0.0,1.0,0.0,1.0,0.0,0.0,1.0,1.0,0.0
-0.5443037974683544,0.6378648788119348,-1.0,-0.182003812532737,-1.0,-1.0,0.49751240318010015,0.0,0.0,1.0,1.0,0.0,0.0,0.0,1.0,1.0,0.0
-0.26582278481012656,0.30857067824568674,-1.0,-0.34328207546548817,-0.6786656890936953,0.35067886816933624,0.37551819167705336,0.0,0.0,1.0,1.0,0.0,0.0,0.0,1.0,1.0,0.0
-0.4177215189873418,0.10517932850223399,-0.15676640951065357,0.8349882753620579,-0.5848265349639614,-1.0,0.6557935014188607,0.0,0.0,1.0,1.0,0.0,0.0,0.0,1.0,1.0,0.0
-0.03797468354430378,-1.0,-1.0,-1.0,-1.0,-1.0,-1.0,0.0,1.0,0.0,0.0,1.0,1.0,0.0,0.0,1.0,0.0
0.06329113924050622,-1.0,-0.45000744077727617,-1.0,-0.006364088151583069,0.7986990340984532,0.7048714987475584,0.0,1.0,0.0,1.0,0.0,0.0,0.0,1.0,1.0,0.0
-0.9746835443037974,-1.0,-1.0,-1.0,-1.0,-1.0,-1.0,1.0,0.0,0.0,1.0,0.0,0.0,0.0,1.0,1.0,0.0
-0.2911392405063291,-1.0,-1.0,-1.0,0.29921855539165465,-0.4287989852180887,0.24505089380751643,1.0,0.0,0.0,1.0,0.0,0.0,1.0,0.0,1.0,0.0
-0.4683544303797469,-1.0,-0.02602937277015127,-1.0,0.26624407193609056,-1.0,0.25374257209786033,1.0,0.0,0.0,1.0,0.0,1.0,0.0,0.0,1.0,0.0
0.4683544303797469,-1.0,-1.0,-1.0,-1.0,-1.0,-1.0,1.0,0.0,0.0,0.0,1.0,0.0,1.0,0.0,1.0,0.0
-0.31645569620253167,-1.0,0.12337127996881359,-1.0,-0.5613104177489419,0.4902993244480771,0.44480022801761,0.0,1.0,0.0,1.0,0.0,0.0,0.0,1.0,1.0,0.0
0.5949367088607596,0.4769783294433121,-1.0,-0.852735061170152,-1.0,-1.0,0.3474810535889217,0.0,0.0,1.0,1.0,0.0,0.0,0.0,1.0,1.0,0.0
0.11392405063291133,-1.0,-1.0,-1.0,-1.0,-1.0,-1.0,0.0,1.0,0.0,0.0,1.0,0.0,0.0,1.0,1.0,0.0
-0.3924050632911392,-1.0,-1.0,0.422841160555957,-1.0,-1.0,0.27672710334034045,1.0,0.0,0.0,1.0,0.0,1.0,0.0,0.0,1.0,0.0
-0.620253164556962,-1.0,-1.0,-1.0,0.0666303323810582,0.33600525035831574,0.30971159290318373,1.0,0.0,0.0,1.0,0.0,1.0,0.0,0.0,1.0,0.0
-0.4683544303797469,-1.0,-1.0,-1.0,-1.0,-1.0,-1.0,0.0,0.0,1.0,0.0,1.0,0.0,0.0,1.0,1.0,0.0
0.16455696202531644,0.814183456559493,-1.0,-0.43931011029966616,-0.487891873354127,-1.0,0.6557290413434884,0.0,0.0,1.0,1.0,0.0,0.0,0.0,1.0,1.0,0.0
-0.36708860759493667,-1.0,-1.0,-1.0,-1.0,-1.0,-1.0,0.0,1.0,0.0,1.0,0.0,0.0,0.0,1.0,1.0,0.0
0.6708860759493671,-1.0,-1.0,-1.0,-1.0,-1.0,-1.0,1.0,0.0,0.0,0.0,1.0,0.0,0.0,1.0,1.0,0.0
-0.31645569620253167,0.5207060597144453,-1.0,-0.852735061170152,-0.7806552088744709,-0.13226218770878317,0.39697299950237364,1.0,0.0,0.0,1.0,0.0,0.0,0.0,1.0,1.0,0.0
-0.1392405063291139,-1.0,-0.5176218654293654,0.36294121620285114,0.27450688829865943,0.3399714549143973,0.44731761220859734,1.0,0.0,0.0,1.0,0.0,0.0,0.0,1.0,1.0,0.0
0.5443037974683544,0.4717466151861007,-1.0,0.35224474276565965,-1.0,-1.0,0.4207310045924444,0.0,0.0,1.0,1.0,0.0,0.0,0.0,1.0,1.0,0.0
-0.4177215189873418,-1.0,-0.8654440222251701,-0.1605250936047159,0.4865240227714598,0.08740329572971595,0.44741377396150517,1.0,0.0,0.0,1.0,0.0,0.0,0.0,1.0,1.0,0.0
-0.16455696202531644,-1.0,0.4859973134801874,-1.0,0.32802778406727096,-0.5165629810276651,0.5194814340217613,0.0,1.0,0.0,1.0,0.0,0.0,0.0,1.0,1.0,0.0
0.26582278481012667,0.13282162111844387,-1.0,0.4194036752892172,-0.06518331659938703,-1.0,0.3400299704349561,0.0,0.0,1.0,1.0,0.0,0.0,0.0,1.0,1.0,0.0
-0.21518987341772156,0.3330084743514372,0.38612789305956663,-1.0,0.08487646660928272,-0.6076872028904432,0.4568844735232316,0.0,1.0,0.0,1.0,0.0,0.0,0.0,1.0,1.0,0.0
-0.1392405063291139,-1.0,-1.0,-1.0,-1.0,-1.0,-1.0,0.0,1.0,0.0,0.0,1.0,0.0,0.0,1.0,1.0,0.0
-0.21518987341772156,0.06452782996973316,0.37828029086390225,-0.658061401139107,-1.0,-0.8602553620751245,0.37816312110520633,0.0,0.0,1.0,1.0,0.0,0.0,0.0,1.0,1.0,0.0
-0.26582278481012656,-1.0,-1.0,-1.0,-1.0,-1.0,-1.0,0.0,1.0,0.0,0.0,1.0,0.0,0.0,1.0,1.0,0.0
0.6962025316455696,0.47229394081645504,-0.45000744077727617,-0.21626658464956294,-1.0,0.2604394405649355,0.4202881689203908,0.0,0.0,1.0,1.0,0.0,1.0,0.0,0.0,1.0,0.0
-0.4683544303797469,0.6833572992966026,-1.0,-0.852735061170152,-1.0,-1.0,0.535640675793039,0.0,0.0,1.0,1.0,0.0,0.0,0.0,1.0,1.0,0.0
-0.44303797468354433,-0.23979159788240956,-0.7308880444503403,-1.0,0.14274944093238928,0.2835370791798342,0.3024482126487391,1.0,0.0,0.0,1.0,0.0,0.0,0.0,1.0,1.0,0.0
-0.1392405063291139,0.44216334712254235,-1.0,-0.42465199542280296,-1.0,-1.0,0.31822893784881656,0.0,0.0,1.0,1.0,0.0,0.0,0.0,1.0,0.0,1.0
-0.4177215189873418,-1.0,-1.0,0.3160534394317125,-0.6422640538624581,0.13385196121033838,0.26731977278540575,1.0,0.0,0.0,1.0,0.0,0.0,0.0,1.0,1.0,0.0
-0.6708860759493671,-1.0,-1.0,-1.0,-1.0,-1.0,-1.0,1.0,0.0,0.0,0.0,1.0,0.0,1.0,0.0,1.0,0.0
0.36708860759493667,-1.0,0.11793668188518991,0.1797728917219168,-1.0,-1.0,0.21106953135021334,1.0,0.0,0.0,1.0,0.0,0.0,1.0,0.0,1.0,0.0
0.3924050632911391,0.36759283471910287,-1.0,-0.852735061170152,-0.10607179757566865,-1.0,0.27026408877763064,1.0,0.0,0.0,1.0,0.0,0.0,0.0,1.0,1.0,0.0
0.012658227848101333,-1.0,-1.0,0.2024045191082977,-0.6114869098077889,0.2796901318347482,0.2888099936078252,1.0,0.0,0.0,1.0,0.0,0.0,0.0,1.0,1.0,0.0
-0.21518987341772156,-1.0,-1.0,-1.0,-1.0,-1.0,-1.0,0.0,0.0,1.0,0.0,1.0,0.0,0.0,1.0,1.0,0.0
0.16455696202531644,0.46029497645890216,-0.1469352839161011,0.5024151408509281,-1.0,0.165449319000883,0.5036227378881948,0.0,0.0,1.0,1.0,0.0,1.0,0.0,0.0,1.0,0.0
-0.5949367088607596,-1.0,-1.0,-1.0,-1.0,-1.0,-1.0,1.0,0.0,0.0,0.0,1.0,0.0,1.0,0.0,1.0,0.0
-0.2405063291139241,-1.0,-1.0,-1.0,-1.0,-1.0,-1.0,1.0,0.0,0.0,1.0,0.0,0.0,0.0,1.0,1.0,0.0
-0.2911392405063291,0.31907084070746206,0.6611480739986284,-1.0,0.5406394957542102,0.4905476112973457,0.7485195221596597,0.0,1.0,0.0,1.0,0.0,1.0,0.0,0.0,1.0,0.0
-0.31645569620253167,-1.0,-1.0,0.34855613627990545,-0.7806552088744709,-0.015583694390131297,0.24998862605774574,1.0,0.0,0.0,1.0,0.0,0.0,0.0,1.0,1.0,0.0
-0.5443037974683544,-0.40789510005579643,-0.6222536135015577,0.4024867689010039,-1.0,-1.0,0.2640779304761438,1.0,0.0,0.0,1.0,0.0,0.0,1.0,0.0,1.0,0.0
0.5696202531645569,0.24141886901040843,0.18766486208437483,-1.0,-0.5848265349639614,-1.0,0.28366025543132345,1.0,0.0,0.0,1.0,0.0,0.0,0.0,1.0,1.0,0.0
-0.9746835443037974,-1.0,-1.0,-1.0,-1.0,-1.0,-1.0,1.0,0.0,0.0,0.0,1.0,0.0,0.0,1.0,1.0,0.0
-0.9240506329113924,-1.0,-1.0,-1.0,-1.0,-1.0,-1.0,0.0,0.0,1.0,1.0,0.0,1.0,0.0,0.0,1.0,0.0
-0.3924050632911392,-1.0,-0.6521778432041954,-1.0,0.5823792643811905,-1.0,0.5112704360596954,1.0,0.0,0.0,1.0,0.0,0.0,0.0,1.0,1.0,0.0
0.6455696202531644,-1.0,0.3061831996285673,-1.0,-0.2685470822285979,-1.0,0.2912245882145654,0.0,1.0,0.0,1.0,0.0,1.0,0.0,0.0,1.0,0.0
-0.16455696202531644,-1.0,-1.0,0.35551060651284305,-0.7806552088744709,0.11795710339900345,0.28524234476922583,1.0,0.0,0.0,1.0,0.0,1.0,0.0,0.0,1.0,0.0
-0.2911392405063291,-0.7704042582518641,0.48909897261358637,-1.0,0.2134391560641049,0.7495863661215965,0.7238482475337196,0.0,1.0,0.0,1.0,0.0,1.0,0.0,0.0,0.0,1.0
-0.49367088607594933,-1.0,-1.0,-1.0,-1.0,-1.0,-1.0,1.0,0.0,0.0,0.0,1.0,0.0,0.0,1.0,1.0,0.0
-0.26582278481012656,0.6724594482741406,0.48937028396712523,-1.0,-1.0,0.5089153003657916,0.6855396267318044,0.0,1.0,0.0,1.0,0.0,1.0,0.0,0.0,1.0,0.0
0.4683544303797469,-1.0,0.05310888430954508,-1.0,0.7188854881602023,-1.0,0.6489701200236282,0.0,1.0,0.0,1.0,0.0,1.0,0.0,0.0,1.0,0.0
-0.3417721518987342,-0.5933299775945341,0.2795970741258482,-1.0,0.4275254620423081,0.41497223927234717,0.534060603806062,0.0,1.0,0.0,1.0,0.0,1.0,0.0,0.0,1.0,0.0
-0.49367088607594933,0.12044063607446942,-1.0,0.46590411074942195,-1.0,-0.46794256496556785,0.3543387974628809,0.0,0.0,1.0,1.0,0.0,0.0,0.0,1.0,1.0,0.0
-0.3924050632911392,-1.0,-1.0,-1.0,-1.0,-1.0,-1.0,1.0,0.0,0.0,0.0,1.0,0.0,0.0,1.0,1.0,0.0
-0.4683544303797469,-1.0,-1.0,-1.0,-1.0,-1.0,-1.0,1.0,0.0,0.0,0.0,1.0,0.0,0.0,1.0,1.0,0.0
-0.08860759493670889,-0.21395788183585684,-1.0,0.1390515390891951,0.003049060028804229,0.5171272546561492,0.47225642441164206,0.0,0.0,1.0,1.0,0.0,0.0,0.0,1.0,1.0,0.0
-0.2911392405063291,-1.0,-1.0,-1.0,-1.0,-1.0,-1.0,0.0,1.0,0.0,0.0,1.0,0.0,0.0,1.0,1.0,0.0
-0.2911392405063291,-1.0,-1.0,-1.0,-1.0,-1.0,-1.0,1.0,0.0,0.0,0.0,1.0,0.0,1.0,0.0,1.0,0.0
-0.36708860759493667,-1.0,-1.0,-1.0,-1.0,-1.0,-1.0,1.0,0.0,0.0,0.0,1.0,0.0,1.0,0.0,1.0,0.0
-0.5189873417721519,-1.0,-1.0,-1.0,-1.0,-1.0,-1.0,0.0,0.0,1.0,0.0,1.0,0.0,0.0,1.0,1.0,0.0
-0.7974683544303798,-1.0,-1.0,-1.0,-1.0,-1.0,-1.0,0.0,1.0,0.0,1.0,0.0,0.0,0.0,1.0,1.0,0.0
-0.5949367088607596,0.29111031796630926,-1.0,0.08736076096887757,-1.0,-0.029820824163172333,0.2670723481288735,1.0,0.0,0.0,1.0,0.0,0.0,1.0,0.0,1.0,0.0
-0.4177215189873418,-0.5187895331071819,0.6140070896097953,-1.0,-1.0,-0.4287989852180887,0.5862158122794157,0.0,1.0,0.0,1.0,0.0,0.0,0.0,1.0,1.0,0.0
-0.11392405063291144,0.22182999497646705,0.6335782303838724,-1.0,-1.0,0.21872684843281043,0.6341471928599762,0.0,1.0,0.0,1.0,0.0,0.0,0.0,1.0,1.0,0.0
-0.6708860759493671,0.3294298415260595,-0.1542615587329047,-1.0,0.1434008484695768,-0.6387653512873415,0.31050181443296165,1.0,0.0,0.0,1.0,0.0,0.0,0.0,1.0,1.0,0.0
0.7974683544303798,0.427338448081622,0.3896339440453813,-0.4905470142953362,-0.5402745340816825,-1.0,0.4696221677426422,0.0,0.0,1.0,1.0,0.0,0.0,1.0,0.0,1.0,0.0
-0.31645569620253167,-0.5187895331071819,0.4785932124879293,-1.0,-0.3921421186822598,0.5153798209983207,0.5762587960798806,0.0,1.0,0.0,1.0,0.0,0.0,0.0,1.0,1.0,0.0
-0.36708860759493667,-1.0,0.5910118420562964,-1.0,-1.0,0.03423321714890992,0.571103351965853,0.0,1.0,0.0,1.0,0.0,0.0,0.0,1.0,1.0,0.0
0.8481012658227849,-0.30361240807011936,-0.7867338209790253,-0.09138637207784794,0.4170698673220943,-1.0,0.3682316740148377,0.0,0.0,1.0,1.0,0.0,0.0,0.0,1.0,1.0,0.0
-0.6708860759493671,0.41715323187506237,-1.0,-1.0,-1.0,-1.0,0.29274537656158284,1.0,0.0,0.0,1.0,0.0,1.0,0.0,0.0,1.0,0.0
-0.49367088607594933,-1.0,-0.687570694869583,0.4098625674447507,-0.37397903613286987,-0.8602553620751245,0.2717193681429104,1.0,0.0,0.0,1.0,0.0,0.0,0.0,1.0,1.0,0.0
-0.49367088607594933,-1.0,-1.0,-1.0,0.15661127499206007,-1.0,0.10438400198125897,1.0,0.0,0.0,1.0,0.0,0.0,0.0,1.0,1.0,0.0
-0.49367088607594933,-1.0,-1.0,-1.0,-1.0,-1.0,-1.0,0.0,0.0,1.0,0.0,1.0,1.0,0.0,0.0,1.0,0.0
-0.620253164556962,-1.0,-1.0,0.4394834184069569,-0.7232176899759744,-1.0,0.2923121021225885,1.0,0.0,0.0,1.0,0.0,0.0,0.0,1.0,1.0,0.0
-0.06329113924050633,-1.0,-1.0,-1.0,-1.0,-1.0,-1.0,0.0,0.0,1.0,0.0,1.0,0.0,0.0,1.0,1.0,0.0
-0.5443037974683544,-0.4340525761212535,0.25792725774364356,-0.47206071662399995,-0.42291926273692904,-1.0,0.24726124518980264,1.0,0.0,0.0,1.0,0.0,0.0,0.0,1.0,1.0,0.0
0.06329113924050622,-0.21887545108419082,0.46687829429203487,-1.0,0.5073265268294007,-0.23707370517791437,0.5761609563697025,0.0,1.0,0.0,1.0,0.0,0.0,0.0,1.0,1.0,0.0
-0.4683544303797469,-1.0,-1.0,-1.0,-1.0,-1.0,-1.0,0.0,0.0,1.0,0.0,1.0,0.0,0.0,1.0,1.0,0.0
0.4683544303797469,0.5089646309629801,0.07795851652984287,-1.0,-1.0,0.1578405331368644,0.4427424058818643,1.0,0.0,0.0,1.0,0.0,0.0,0.0,1.0,1.0,0.0
-0.4683544303797469,-0.6255454734896567,0.07339070009005155,-0.4905470142953362,-0.3419656266234128,0.6384975115453684,0.5651317866495218,0.0,1.0,0.0,1.0,0.0,0.0,0.0,1.0,1.0,0.0
-0.189873417721519,-1.0,-0.7867338209790253,-0.852735061170152,-1.0,0.3673502537195552,0.2936089824375072,1.0,0.0,0.0,1.0,0.0,0.0,0.0,1.0,1.0,0.0
-0.3417721518987342,-0.38465038264461693,-0.13757813564685917,-0.03473887370288897,0.3552355596187535,0.1430984340425343,0.3770539358898706,1.0,0.0,0.0,1.0,0.0,0.0,1.0,0.0,1.0,0.0
-0.5443037974683544,-1.0,-0.7308880444503403,-0.20590070458336207,0.17519735819340143,0.20488550967944463,0.273642619471695,1.0,0.0,0.0,1.0,0.0,0.0,0.0,1.0,1.0,0.0
-0.08860759493670889,-1.0,0.30028950949683675,-1.0,-1.0,-1.0,0.27696231702976926,1.0,0.0,0.0,1.0,0.0,1.0,0.0,0.0,1.0,0.0
0.36708860759493667,-1.0,-1.0,-1.0,-1.0,-1.0,-1.0,1.0,0.0,0.0,0.0,1.0,0.0,0.0,1.0,1.0,0.0
-0.8227848101265822,-1.0,-1.0,-1.0,-1.0,-1.0,-1.0,0.0,0.0,1.0,0.0,1.0,0.0,0.0,1.0,1.0,0.0
-0.3924050632911392,-1.0,-1.0,0.2951091146022933,0.09836049129072699,-0.8602553620751245,0.24588278169232924,1.0,0.0,0.0,1.0,0.0,0.0,1.0,0.0,1.0,0.0
-0.4683544303797469,0.6266800896218636,-0.5963320666755103,-1.0,-0.3921421186822598,-1.0,0.4860103168204408,1.0,0.0,0.0,1.0,0.0,0.0,1.0,0.0,1.0,0.0
0.2911392405063291,-1.0,-0.534512796009096,0.2670125074092604,0.44362700195831684,-1.0,0.42671792930310004,1.0,0.0,0.0,1.0,0.0,0.0,0.0,1.0,1.0,0.0
-1.0,-1.0,-1.0,-1.0,-1.0,-1.0,-1.0,1.0,0.0,0.0,0.0,1.0,1.0,0.0,0.0,1.0,0.0
-0.16455696202531644,-1.0,-1.0,-1.0,-1.0,-1.0,-1.0,0.0,1.0,0.0,0.0,1.0,1.0,0.0,0.0,1.0,0.0
-0.31645569620253167,-1.0,-1.0,-1.0,-1.0,-1.0,-1.0,0.0,1.0,0.0,0.0,1.0,1.0,0.0,0.0,1.0,0.0
-0.03797468354430378,0.4750092720037422,-1.0,-0.363531523479411,-1.0,-1.0,0.3486143772643635,0.0,0.0,1.0,1.0,0.0,1.0,0.0,0.0,1.0,0.0
0.11392405063291133,-1.0,-1.0,-1.0,-1.0,-1.0,-1.0,0.0,1.0,0.0,0.0,1.0,0.0,0.0,1.0,1.0,0.0
-0.6962025316455696,-1.0,-1.0,-1.0,-1.0,-1.0,-1.0,1.0,0.0,0.0,1.0,0.0,1.0,0.0,0.0,1.0,0.0
-0.5443037974683544,-1.0,-1.0,-1.0,-1.0,-1.0,-1.0,1.0,0.0,0.0,0.0,1.0,0.0,0.0,1.0,1.0,0.0
-0.7215189873417722,-1.0,-1.0,-1.0,-1.0,-1.0,-1.0,1.0,0.0,0.0,0.0,1.0,0.0,0.0,1.0,1.0,0.0
-0.49367088607594933,-1.0,-1.0,-1.0,-1.0,-1.0,-1.0,0.0,0.0,1.0,0.0,1.0,0.0,0.0,1.0,1.0,0.0
-0.11392405063291144,0.4118682202275683,-0.534512796009096,-0.398060034713992,-1.0,-1.0,0.2936089824375072,1.0,0.0,0.0,1.0,0.0,0.0,0.0,1.0,1.0,0.0
-0.4683544303797469,-0.09770089399064286,-1.0,0.39603926070264595,-1.0,0.25412631744009273,0.3654442655653667,0.0,0.0,1.0,1.0,0.0,0.0,0.0,1.0,1.0,0.0
-0.3417721518987342,-1.0,-1.0,-1.0,-1.0,-1.0,-1.0,1.0,0.0,0.0,0.0,1.0,0.0,0.0,1.0,1.0,0.0
-0.5949367088607596,-1.0,-1.0,-1.0,-1.0,-1.0,-1.0,1.0,0.0,0.0,0.0,1.0,0.0,0.0,1.0,1.0,0.0
-0.06329113924050633,-1.0,-1.0,-1.0,-1.0,-1.0,-1.0,1.0,0.0,0.0,0.0,1.0,0.0,0.0,1.0,1.0,0.0
0.16455696202531644,0.33964354116642004,-1.0,-0.20590070458336207,0.16082740037964172,0.11478209453487387,0.35698338610455416,0.0,0.0,1.0,1.0,0.0,0.0,1.0,0.0,1.0,0.0
-0.7215189873417722,-1.0,-1.0,-1.0,-1.0,-1.0,-1.0,1.0,0.0,0.0,1.0,0.0,1.0,0.0,0.0,1.0,0.0
-0.5949367088607596,-1.0,0.5435141098967786,-0.25713760857903223,-0.6422640538624581,0.6396851962533636,0.6671765482985335,1.0,0.0,0.0,1.0,0.0,1.0,0.0,0.0,1.0,0.0
-0.31645569620253167,-1.0,0.3134750706806628,-1.0,-0.3921421186822598,0.4564276671784211,0.47225642441164206,0.0,1.0,0.0,1.0,0.0,1.0,0.0,0.0,1.0,0.0
-0.26582278481012656,-1.0,-1.0,-1.0,-1.0,0.3636593699321,0.28947155819687853,1.0,0.0,0.0,1.0,0.0,0.0,0.0,1.0,1.0,0.0
-0.2911392405063291,0.43180892978048435,-1.0,-1.0,-1.0,-0.12688563185295887,0.32067428832202904,1.0,0.0,0.0,1.0,0.0,0.0,0.0,1.0,1.0,0.0
-0.7721518987341772,-1.0,-1.0,-1.0,-1.0,-1.0,-1.0,1.0,0.0,0.0,0.0,1.0,1.0,0.0,0.0,1.0,0.0
-0.5949367088607596,0.5044834060644237,-1.0,0.6718392422730175,-1.0,-1.0,0.5788816645194448,0.0,0.0,1.0,1.0,0.0,1.0,0.0,0.0,1.0,0.0
0.012658227848101333,-1.0,-1.0,-1.0,-1.0,-1.0,-1.0,0.0,1.0,0.0,0.0,1.0,1.0,0.0,0.0,1.0,0.0
-0.7974683544303798,-1.0,-1.0,-1.0,-1.0,-1.0,-1.0,1.0,0.0,0.0,0.0,1.0,0.0,0.0,1.0,1.0,0.0
-0.4683544303797469,-1.0,-1.0,-1.0,-1.0,-1.0,-1.0,0.0,0.0,1.0,0.0,1.0,1.0,0.0,0.0,1.0,0.0
0.16455696202531644,-1.0,-0.05213466143846146,-1.0,0.8150510418745016,0.24044564673174662,0.7455644127888135,0.0,1.0,0.0,1.0,0.0,0.0,0.0,1.0,1.0,0.0
0.240506329113924,-1.0,-0.17526833059631064,-0.03701117768351392,0.47314029805121804,-0.4410214483004983,0.426503485330997,1.0,0.0,0.0,1.0,0.0,0.0,0.0,1.0,1.0,0.0
0.1898734177215189,-1.0,-0.09289531800805784,0.6949863119575201,-1.0,0.4295905017517603,0.5914805668716037,1.0,0.0,0.0,1.0,0.0,0.0,0.0,1.0,1.0,0.0
-0.1392405063291139,-1.0,0.15465183478285183,-1.0,-0.10607179757566865,0.10240956899959275,0.250529451019313,1.0,0.0,0.0,1.0,0.0,1.0,0.0,0.0,1.0,0.0
-0.1392405063291139,-1.0,-1.0,-0.15250684402123993,0.31688869136775244,-1.0,0.2707504172839674,1.0,0.0,0.0,1.0,0.0,0.0,0.0,1.0,1.0,0.0
-0.4683544303797469,0.18348540730730867,-1.0,-0.398060034713992,-0.05091608903386202,0.042415570671836544,0.21759895966419496,1.0,0.0,0.0,1.0,0.0,1.0,0.0,0.0,1.0,0.0
0.03797468354430378,-1.0,-1.0,-1.0,-1.0,-1.0,-1.0,0.0,1.0,0.0,0.0,1.0,1.0,0.0,0.0,1.0,0.0
-0.2911392405063291,-0.8551412152377926,-1.0,0.4531042000204033,0.28211691198785505,-1.0,0.4003252826355326,1.0,0.0,0.0,1.0,0.0,0.0,1.0,0.0,1.0,0.0
0.1898734177215189,0.24086817817686335,-1.0,0.013572007651950324,0.4067332101722583,-0.014062110593152988,0.4262887998678837,0.0,0.0,1.0,1.0,0.0,0.0,0.0,1.0,1.0,0.0
-0.31645569620253167,-1.0,-1.0,-1.0,-1.0,-1.0,-1.0,0.0,1.0,0.0,0.0,1.0,1.0,0.0,0.0,1.0,0.0
-0.5696202531645569,-1.0,-1.0,-1.0,-1.0,-1.0,-1.0,1.0,0.0,0.0,0.0,1.0,0.0,0.0,1.0,1.0,0.0
-0.9746835443037974,-1.0,-1.0,-1.0,-1.0,-1.0,-1.0,1.0,0.0,0.0,0.0,1.0,0.0,0.0,1.0,1.0,0.0
-0.6962025316455696,-1.0,-1.0,-1.0,-1.0,-1.0,-1.0,0.0,0.0,1.0,0.0,1.0,0.0,0.0,1.0,1.0,0.0
-0.36708860759493667,-0.01019585613427354,-1.0,-1.0,0.42893094778169827,-1.0,0.3804989279178208,1.0,0.0,0.0,1.0,0.0,0.0,0.0,1.0,1.0,0.0
0.6455696202531644,-1.0,0.7240360025401393,-1.0,-0.6114869098077889,-1.0,0.693265709799544,0.0,1.0,0.0,1.0,0.0,1.0,0.0,0.0,1.0,0.0
-0.3924050632911392,-0.7102824304755853,0.5483758851937826,-1.0,-0.05614755600273069,-0.27200682563365874,0.5302390333540736,0.0,1.0,0.0,1.0,0.0,0.0,0.0,1.0,1.0,0.0
-0.31645569620253167,-1.0,-1.0,-1.0,-1.0,-1.0,-1.0,0.0,1.0,0.0,0.0,1.0,1.0,0.0,0.0,1.0,0.0
-0.012658227848101333,0.07697121021425968,0.454518920077823,-0.45505497126441197,0.6705836190382526,0.11074170087174529,0.6745601829628993,0.0,1.0,0.0,1.0,0.0,0.0,0.0,1.0,1.0,0.0
-0.4177215189873418,-1.0,-1.0,-1.0,0.31497022275472153,-0.11403995684886759,0.2755466619768592,1.0,0.0,0.0,1.0,0.0,0.0,0.0,1.0,1.0,0.0
0.1898734177215189,0.49571120052288187,-1.0,-0.619325655453848,0.2391815695987436,-1.0,0.42714609494315314,0.0,0.0,1.0,1.0,0.0,0.0,0.0,1.0,1.0,0.0
-0.9240506329113924,-1.0,-1.0,-1.0,-1.0,-1.0,-1.0,1.0,0.0,0.0,0.0,1.0,0.0,0.0,1.0,1.0,0.0
-0.4177215189873418,-1.0,-1.0,-1.0,-1.0,-1.0,-1.0,1.0,0.0,0.0,0.0,1.0,0.0,0.0,1.0,1.0,0.0
-0.4177215189873418,-1.0,-1.0,-1.0,-1.0,-1.0,-1.0,1.0,0.0,0.0,0.0,1.0,1.0,0.0,0.0,1.0,0.0
0.36708860759493667,-1.0,-1.0,-1.0,-1.0,-1.0,-1.0,0.0,0.0,1.0,0.0,1.0,0.0,0.0,1.0,1.0,0.0
-0.4683544303797469,0.6695729381570448,-1.0,0.20314350558184824,-0.3347045997837631,-1.0,0.5423012893514043,0.0,0.0,1.0,1.0,0.0,0.0,0.0,1.0,1.0,0.0
-0.3417721518987342,-1.0,0.6311554439666176,-1.0,0.4084648449041566,0.12339582346605837,0.6545650173472897,0.0,1.0,0.0,1.0,0.0,1.0,0.0,0.0,1.0,0.0
-0.31645569620253167,0.45482072763519876,-1.0,-0.19601713663564024,-0.1106617981837873,-1.0,0.34893695038886774,0.0,0.0,1.0,1.0,0.0,0.0,0.0,1.0,1.0,0.0
0.4683544303797469,-1.0,-1.0,0.4277672012885336,-1.0,-0.07769756953282436,0.3020364615791773,1.0,0.0,0.0,1.0,0.0,0.0,0.0,1.0,1.0,0.0
-0.3924050632911392,0.3444011754177345,-1.0,-1.0,-1.0,-1.0,0.2263800164119829,1.0,0.0,0.0,1.0,0.0,0.0,0.0,1.0,1.0,0.0
-0.012658227848101333,-1.0,-1.0,-1.0,-1.0,-1.0,-1.0,0.0,1.0,0.0,0.0,1.0,1.0,0.0,0.0,1.0,0.0
-0.8987341772151899,-1.0,-1.0,-1.0,-1.0,-1.0,-1.0,1.0,0.0,0.0,0.0,1.0,0.0,0.0,1.0,1.0,0.0
-0.189873417721519,-1.0,0.4724793533873948,-0.43931011029966616,0.3892975940001906,-1.0,0.5284248836634831,0.0,1.0,0.0,1.0,0.0,1.0,0.0,0.0,1.0,0.0
-0.11392405063291144,-1.0,-1.0,-1.0,-1.0,-1.0,-1.0,0.0,1.0,0.0,0.0,1.0,0.0,0.0,1.0,1.0,0.0
-0.5189873417721519,-1.0,-1.0,-1.0,-0.7806552088744709,-0.5357783611674942,-0.5262757286689363,0.0,1.0,0.0,1.0,0.0,1.0,0.0,0.0,1.0,0.0
-0.49367088607594933,-1.0,-0.8654440222251701,-1.0,0.3594671384571675,-1.0,0.29829012696182167,1.0,0.0,0.0,1.0,0.0,0.0,0.0,1.0,1.0,0.0
-0.5189873417721519,-1.0,-1.0,-1.0,-1.0,-1.0,-1.0,0.0,0.0,1.0,1.0,0.0,0.0,0.0,1.0,1.0,0.0
0.240506329113924,-1.0,0.45047567796957955,-1.0,0.3341246313225188,0.27862809831935387,0.5339385156359606,0.0,1.0,0.0,1.0,0.0,0.0,0.0,1.0,1.0,0.0
-0.49367088607594933,-1.0,-1.0,-1.0,-1.0,-1.0,-1.0,0.0,0.0,1.0,0.0,1.0,0.0,0.0,1.0,1.0,0.0
-0.620253164556962,-0.1276071172136657,-1.0,-1.0,-1.0,0.30300423443340296,0.25025923032049513,1.0,0.0,0.0,1.0,0.0,0.0,1.0,0.0,1.0,0.0
-0.16455696202531644,0.5794139702290066,-0.6521778432041954,-1.0,-1.0,0.09548669498691931,0.46265098259994253,0.0,0.0,1.0,1.0,0.0,1.0,0.0,0.0,1.0,0.0
0.03797468354430378,-0.012037163643763504,0.015479763213627873,0.15443986632880935,0.32464590382374303,-1.0,0.3650003988430881,0.0,0.0,1.0,1.0,0.0,0.0,0.0,1.0,1.0,0.0
-0.36708860759493667,0.6358753004336473,-1.0,-0.3247957777941519,-1.0,-0.14930970936833787,0.49898510784718453,0.0,0.0,1.0,1.0,0.0,0.0,0.0,1.0,1.0,0.0
-0.5443037974683544,-1.0,0.29642142153159123,-0.398060034713992,-1.0,-1.0,0.27696231702976926,1.0,0.0,0.0,1.0,0.0,0.0,0.0,1.0,1.0,0.0
-0.3924050632911392,-0.7704042582518641,0.2558318438854301,-1.0,-1.0,-1.0,0.23389244116125418,1.0,0.0,0.0,1.0,0.0,1.0,0.0,0.0,1.0,0.0
-0.06329113924050633,-1.0,0.18158444244581062,-1.0,0.6113443045730038,-0.6076872028904432,0.5634131185016851,0.0,1.0,0.0,1.0,0.0,1.0,0.0,0.0,1.0,0.0
-0.1392405063291139,-1.0,-1.0,-1.0,-1.0,-1.0,-1.0,0.0,1.0,0.0,0.0,1.0,1.0,0.0,0.0,1.0,0.0
-0.6455696202531646,0.23242879258560434,-0.26103833682763355,-1.0,-1.0,0.25809512466063955,0.30100317627942696,1.0,0.0,0.0,1.0,0.0,1.0,0.0,0.0,1.0,0.0
0.139240506329114,-1.0,0.20523162323133848,-1.0,0.5115890712077404,0.6817986235240265,0.6775734113147729,0.0,1.0,0.0,1.0,0.0,1.0,0.0,0.0,1.0,0.0
-0.4177215189873418,-1.0,-1.0,-1.0,-1.0,-1.0,-1.0,1.0,0.0,0.0,1.0,0.0,0.0,0.0,1.0,1.0,0.0
-1.0,-1.0,-1.0,-1.0,-1.0,-1.0,-1.0,1.0,0.0,0.0,0.0,1.0,0.0,1.0,0.0,1.0,0.0
-0.31645569620253167,-1.0,-0.7867338209790253,-1.0,-1.0,0.3641244425630754,0.29035008818985286,1.0,0.0,0.0,1.0,0.0,0.0,1.0,0.0,1.0,0.0
-0.3924050632911392,-0.057288776938810404,-0.7867338209790253,0.5273990530852708,-0.42291926273692904,-1.0,0.3856189144426123,1.0,0.0,0.0,1.0,0.0,0.0,0.0,1.0,1.0,0.0
-0.189873417721519,-1.0,0.6151923615901385,0.2670125074092604,0.35658156179328393,-0.7785099892122169,0.638006592232718,0.0,1.0,0.0,1.0,0.0,0.0,0.0,1.0,1.0,0.0
-1.0,-1.0,-1.0,-1.0,-1.0,-1.0,-1.0,0.0,1.0,0.0,1.0,0.0,0.0,0.0,1.0,1.0,0.0
-0.36708860759493667,-1.0,-1.0,-1.0,-1.0,-1.0,-1.0,0.0,1.0,0.0,0.0,1.0,1.0,0.0,0.0,1.0,0.0
-0.5696202531645569,-1.0,0.08168460485687312,-1.0,-1.0,0.25412631744009273,0.26583038496700495,1.0,0.0,0.0,1.0,0.0,1.0,0.0,0.0,1.0,0.0
-0.44303797468354433,-1.0,-1.0,-1.0,-1.0,-1.0,-1.0,0.0,0.0,1.0,0.0,1.0,0.0,0.0,1.0,1.0,0.0
-0.4177215189873418,-1.0,-1.0,-1.0,-1.0,-1.0,-1.0,0.0,1.0,0.0,0.0,1.0,1.0,0.0,0.0,1.0,0.0
-0.8987341772151899,-1.0,-1.0,-1.0,-1.0,-1.0,-1.0,1.0,0.0,0.0,0.0,1.0,0.0,0.0,1.0,1.0,0.0
-0.44303797468354433,-1.0,-0.06116527768477831,-1.0,0.297422535187265,-1.0,0.2717193681429104,1.0,0.0,0.0,1.0,0.0,0.0,0.0,1.0,1.0,0.0
-0.4683544303797469,-1.0,0.41093101541235355,-1.0,0.42131803254494327,-1.0,0.5039803457047367,1.0,0.0,0.0,1.0,0.0,0.0,0.0,1.0,1.0,0.0
-0.16455696202531644,-1.0,-1.0,-1.0,-1.0,-1.0,-1.0,1.0,0.0,0.0,0.0,1.0,0.0,1.0,0.0,1.0,0.0
-0.49367088607594933,-1.0,-1.0,0.06736560191044205,0.2443470935941614,-1.0,0.23768495907641718,1.0,0.0,0.0,1.0,0.0,0.0,0.0,1.0,1.0,0.0
-0.4177215189873418,0.24306228809839592,-1.0,0.27240514200768784,-0.5613104177489419,-1.0,0.2717193681429104,1.0,0.0,0.0,1.0,0.0,0.0,0.0,1.0,1.0,0.0
0.7215189873417722,-1.0,-1.0,-1.0,-1.0,-1.0,-1.0,0.0,0.0,1.0,0.0,1.0,1.0,0.0,0.0,1.0,0.0
-0.2911392405063291,-1.0,-0.3272201111258505,-1.0,0.429086503872963,0.36505138164939543,0.46599409803531455,0.0,1.0,0.0,1.0,0.0,1.0,0.0,0.0,1.0,0.0
0.08860759493670889,-0.07154341792518581,0.27906376818092626,-0.7665905942836959,-1.0,-1.0,0.27743187557035265,1.0,0.0,0.0,1.0,0.0,0.0,0.0,1.0,1.0,0.0
-1.0,-1.0,-1.0,-1.0,-1.0,-1.0,-1.0,1.0,0.0,0.0,0.0,1.0,1.0,0.0,0.0,1.0,0.0
-0.189873417721519,0.3660838963919264,-1.0,0.36294121620285114,-1.0,-1.0,0.3669164016149582,0.0,0.0,1.0,1.0,0.0,0.0,0.0,1.0,1.0,0.0
-0.5443037974683544,-1.0,-1.0,-1.0,0.06471054611818827,0.5917901377856771,0.5192837081567441,0.0,1.0,0.0,1.0,0.0,0.0,0.0,1.0,1.0,0.0
-0.6708860759493671,-1.0,-1.0,-1.0,-1.0,-1.0,-1.0,1.0,0.0,0.0,0.0,1.0,0.0,0.0,1.0,1.0,0.0
-0.5189873417721519,0.26133746236134536,0.13716097453410625,0.37112682175949163,-0.7232176899759744,0.40403169328473254,0.48858394647526526,0.0,0.0,1.0,1.0,0.0,0.0,0.0,1.0,1.0,0.0
-0.5696202531645569,-0.7102824304755853,0.4874630929170549,-1.0,-1.0,-1.0,0.4610467038106856,1.0,0.0,0.0,1.0,0.0,0.0,0.0,1.0,1.0,0.0
-0.4683544303797469,-1.0,-1.0,-1.0,-1.0,-1.0,-1.0,0.0,0.0,1.0,0.0,1.0,1.0,0.0,0.0,1.0,0.0
0.36708860759493667,-1.0,-1.0,-1.0,-1.0,-1.0,-1.0,0.0,0.0,1.0,0.0,1.0,0.0,0.0,1.0,1.0,0.0
-0.9240506329113924,-1.0,-1.0,-1.0,-1.0,-1.0,-1.0,1.0,0.0,0.0,1.0,0.0,0.0,0.0,1.0,1.0,0.0
-0.7974683544303798,-1.0,-1.0,-1.0,-1.0,-1.0,-1.0,0.0,0.0,1.0,1.0,0.0,0.0,0.0,1.0,1.0,0.0
-0.03797468354430378,-0.2692751980081092,0.37043586027978015,-1.0,-0.20730647247606515,0.5258525896441713,0.5376274748099708,1.0,0.0,0.0,1.0,0.0,0.0,0.0,1.0,1.0,0.0
-0.08860759493670889,-0.37393074834497464,0.1972582954221489,-1.0,-0.6422640538624581,0.1437924412549587,0.27220200301106146,1.0,0.0,0.0,1.0,0.0,0.0,0.0,1.0,1.0,0.0
-0.012658227848101333,-1.0,-1.0,-1.0,-1.0,-1.0,-1.0,0.0,0.0,1.0,0.0,1.0,1.0,0.0,0.0,1.0,0.0
-0.4177215189873418,0.3879210728606033,-0.6521778432041954,-1.0,-1.0,-1.0,0.26731977278540575,1.0,0.0,0.0,1.0,0.0,0.0,0.0,1.0,1.0,0.0
-0.11392405063291144,0.30043786018835994,0.06147756127009374,-0.7665905942836959,-1.0,-0.14636646153228838,0.27672710334034045,1.0,0.0,0.0,1.0,0.0,0.0,0.0,1.0,1.0,0.0
-0.012658227848101333,-1.0,-1.0,-1.0,-1.0,-1.0,-1.0,0.0,0.0,1.0,0.0,1.0,0.0,0.0,1.0,1.0,0.0
-0.44303797468354433,-0.25109094697931345,-1.0,-0.23283016877370677,0.271105507346435,-1.0,0.23565221369765466,1.0,0.0,0.0,1.0,0.0,1.0,0.0,0.0,1.0,0.0
-0.6455696202531646,0.28180076596958403,-1.0,-1.0,0.14916980870674568,0.03894942977715243,0.30671874225238205,0.0,0.0,1.0,1.0,0.0,0.0,0.0,1.0,1.0,0.0
-0.3924050632911392,-1.0,0.27664559272223577,0.14879904657953125,-0.5613104177489419,-0.8602553620751245,0.30691973401701733,1.0,0.0,0.0,1.0,0.0,0.0,0.0,1.0,1.0,0.0
-1.0,-1.0,-1.0,-1.0,-1.0,-1.0,-1.0,1.0,0.0,0.0,1.0,0.0,0.0,0.0,1.0,1.0,0.0
0.1898734177215189,0.7262279495573383,0.6006717076116352,-1.0,-0.487891873354127,0.06514087175456917,0.7105407064856857,0.0,1.0,0.0,1.0,0.0,0.0,0.0,1.0,1.0,0.0
-0.2911392405063291,-0.4340525761212535,-1.0,0.522697378184608,-1.0,-1.0,0.36837725681771083,0.0,0.0,1.0,1.0,0.0,0.0,0.0,1.0,1.0,0.0
-0.49367088607594933,-1.0,0.36502440905573175,0.7503463493699725,0.015770319514128994,-1.0,0.6265993619228385,0.0,1.0,0.0,1.0,0.0,0.0,0.0,1.0,1.0,0.0
0.7974683544303798,-1.0,-1.0,-1.0,-1.0,-1.0,-1.0,0.0,0.0,1.0,0.0,1.0,0.0,1.0,0.0,1.0,0.0
-0.49367088607594933,-0.15141999188571376,-1.0,0.5038531050335584,-1.0,-1.0,0.3583687503276771,0.0,0.0,1.0,1.0,0.0,0.0,0.0,1.0,1.0,0.0
0.012658227848101333,-1.0,-1.0,-1.0,-1.0,-1.0,-1.0,0.0,0.0,1.0,0.0,1.0,0.0,0.0,1.0,1.0,0.0
-0.06329113924050633,-1.0,-1.0,0.473063941399658,-1.0,-1.0,0.32179241863050323,1.0,0.0,0.0,1.0,0.0,0.0,0.0,1.0,1.0,0.0
-0.5189873417721519,-1.0,-1.0,-1.0,-1.0,-1.0,-1.0,0.0,0.0,1.0,0.0,1.0,0.0,0.0,1.0,1.0,0.0
0.2911392405063291,-1.0,-1.0,0.38877501815880855,-1.0,-0.2950729702398821,0.25480168966136607,1.0,0.0,0.0,1.0,0.0,0.0,0.0,1.0,1.0,0.0
-0.2911392405063291,-1.0,-1.0,-1.0,-1.0,-1.0,-1.0,1.0,0.0,0.0,0.0,1.0,0.0,0.0,1.0,1.0,0.0
0.4430379746835442,-1.0,-0.19572125545960828,-1.0,0.5307959353687974,0.04582312609026373,0.48196326609998486,0.0,1.0,0.0,1.0,0.0,0.0,0.0,1.0,1.0,0.0
-0.31645569620253167,-1.0,-1.0,-1.0,-1.0,-1.0,-1.0,1.0,0.0,0.0,0.0,1.0,0.0,0.0,1.0,1.0,0.0
-0.3924050632911392,0.3651732759951518,-1.0,-0.43931011029966616,-1.0,-1.0,0.24890235148852158,1.0,0.0,0.0,1.0,0.0,0.0,0.0,1.0,1.0,0.0
-0.4177215189873418,-0.1824378509765714,-1.0,0.6799687998611499,-1.0,-1.0,0.5108573466865867,0.0,0.0,1.0,1.0,0.0,1.0,0.0,0.0,1.0,0.0
-0.5189873417721519,-1.0,0.2951966651543658,-1.0,-1.0,-1.0,0.27196083830957996,1.0,0.0,0.0,1.0,0.0,0.0,0.0,1.0,1.0,0.0
0.21518987341772156,-1.0,-1.0,-1.0,-1.0,-1.0,-1.0,0.0,1.0,0.0,0.0,1.0,0.0,0.0,1.0,1.0,0.0
-0.5443037974683544,-1.0,-1.0,-1.0,-1.0,-1.0,-1.0,1.0,0.0,0.0,0.0,1.0,0.0,0.0,1.0,1.0,0.0
-0.49367088607594933,0.0022581204875098404,0.12097466629554576,-1.0,0.36533022239361834,0.042415570671836544,0.4003252826355326,1.0,0.0,0.0,1.0,0.0,0.0,1.0,0.0,1.0,0.0
0.1898734177215189,-1.0,0.8007120610887193,-1.0,0.12069601328524371,-0.11403995684886759,0.7746065320355873,0.0,1.0,0.0,1.0,0.0,0.0,0.0,1.0,1.0,0.0
-0.189873417721519,-1.0,-1.0,-1.0,0.3267338311711576,-0.7205107241502491,0.2675668767358772,1.0,0.0,0.0,1.0,0.0,0.0,0.0,1.0,1.0,0.0
-0.8481012658227848,-1.0,-1.0,-1.0,-1.0,-1.0,-1.0,1.0,0.0,0.0,0.0,1.0,0.0,0.0,1.0,1.0,0.0
-0.3924050632911392,0.003978188225416401,0.06229492349599597,-0.658061401139107,0.19015187123291888,-0.19208598012003486,0.2753096940518822,1.0,0.0,0.0,1.0,0.0,0.0,0.0,1.0,1.0,0.0
-0.6455696202531646,-1.0,0.14316808017600713,-1.0,-0.34950071834211405,0.4518201125862096,0.42095203727934716,1.0,0.0,0.0,1.0,0.0,0.0,0.0,1.0,1.0,0.0
-0.5189873417721519,0.08526073515129728,-0.45000744077727617,0.17051581415648598,0.12573265381549148,-1.0,0.25480168966136607,1.0,0.0,0.0,1.0,0.0,1.0,0.0,0.0,1.0,0.0
0.3417721518987342,-1.0,-1.0,-1.0,-1.0,-1.0,-1.0,1.0,0.0,0.0,0.0,1.0,0.0,0.0,1.0,1.0,0.0
-0.26582278481012656,-1.0,-1.0,-1.0,0.3079640220288462,-0.1295559873969565,0.2680601258366466,1.0,0.0,0.0,1.0,0.0,0.0,0.0,1.0,1.0,0.0
-0.5189873417721519,-1.0,-1.0,-1.0,-1.0,-1.0,-1.0,1.0,0.0,0.0,0.0,1.0,0.0,0.0,1.0,1.0,0.0
-0.9746835443037974,-1.0,-1.0,-1.0,-1.0,-1.0,-1.0,1.0,0.0,0.0,0.0,1.0,0.0,0.0,1.0,1.0,0.0
0.06329113924050622,0.3513405134143994,0.09591245350607203,-1.0,-1.0,-1.0,0.3020364615791773,1.0,0.0,0.0,1.0,0.0,1.0,0.0,0.0,1.0,0.0
0.2911392405063291,-0.5933299775945341,-1.0,-1.0,-1.0,0.4234548462661647,0.34699327335411856,1.0,0.0,0.0,1.0,0.0,0.0,0.0,1.0,1.0,0.0
-0.06329113924050633,0.3420358965680501,-1.0,-0.164650628997688,-0.5038728988504453,0.16294482845688285,0.3159435078276387,1.0,0.0,0.0,1.0,0.0,0.0,0.0,1.0,1.0,0.0
-0.49367088607594933,0.2521385033100507,-0.1542615587329047,0.22014925094143623,-1.0,-0.4287989852180887,0.2753096940518822,1.0,0.0,0.0,1.0,0.0,0.0,0.0,1.0,1.0,0.0
-0.3924050632911392,-1.0,0.30004999898914586,-1.0,0.697655268200156,0.0019585732750679874,0.6546622912695113,0.0,1.0,0.0,1.0,0.0,0.0,0.0,1.0,1.0,0.0
0.36708860759493667,0.4719292163776265,-0.03933068690437114,-0.7665905942836959,-0.7806552088744709,-1.0,0.36529642478936664,0.0,0.0,1.0,1.0,0.0,0.0,0.0,1.0,1.0,0.0
-0.3417721518987342,-1.0,-1.0,-1.0,-1.0,-1.0,-1.0,0.0,1.0,0.0,0.0,1.0,1.0,0.0,0.0,1.0,0.0
-0.4177215189873418,-0.7704042582518641,-0.005319501156093254,-1.0,-1.0,0.27432311846602175,0.255592184247051,1.0,0.0,0.0,1.0,0.0,0.0,0.0,1.0,1.0,0.0
-0.49367088607594933,0.3148564768994331,0.3873545842938566,-0.221645565548108,-1.0,-1.0,0.4338691072854155,0.0,0.0,1.0,1.0,0.0,0.0,0.0,1.0,1.0,0.0
-0.8734177215189873,-1.0,-1.0,-1.0,-1.0,-1.0,-1.0,1.0,0.0,0.0,1.0,0.0,0.0,0.0,1.0,1.0,0.0
0.36708860759493667,0.3474034352754678,0.10658858649356429,0.28279637661738155,0.14726528329836008,-1.0,0.4134042716213362,0.0,0.0,1.0,1.0,0.0,0.0,0.0,1.0,1.0,0.0
0.3417721518987342,0.5848005326000185,-1.0,0.37146113873948483,-1.0,-1.0,0.49905844528648013,0.0,0.0,1.0,1.0,0.0,0.0,0.0,1.0,1.0,0.0
0.5696202531645569,-1.0,-1.0,-1.0,-1.0,-1.0,-1.0,0.0,0.0,1.0,0.0,1.0,0.0,0.0,1.0,1.0,0.0
-0.3924050632911392,0.15640674799472754,-1.0,-1.0,0.21974935907568027,-1.0,0.2494462624740159,1.0,0.0,0.0,1.0,0.0,1.0,0.0,0.0,1.0,0.0
-0.36708860759493667,-0.6255454734896567,-0.8654440222251701,0.37079197788096674,-1.0,0.05678282947290603,0.28091717686720474,0.0,0.0,1.0,1.0,0.0,1.0,0.0,0.0,1.0,0.0
-0.49367088607594933,-0.8551412152377926,-1.0,-1.0,0.6975742388836874,-0.8602553620751245,0.6209969240463495,1.0,0.0,0.0,1.0,0.0,1.0,0.0,0.0,1.0,0.0
0.4430379746835442,-1.0,-1.0,-1.0,-1.0,-1.0,-1.0,0.0,1.0,0.0,0.0,1.0,0.0,0.0,1.0,1.0,0.0
-0.9240506329113924,-1.0,-1.0,-1.0,-1.0,-1.0,-1.0,1.0,0.0,0.0,0.0,1.0,0.0,0.0,1.0,1.0,0.0
-0.21518987341772156,-0.7704042582518641,0.3005287248590338,-1.0,-1.0,-1.0,0.27766622184583367,1.0,0.0,0.0,1.0,0.0,0.0,0.0,1.0,1.0,0.0
-0.6708860759493671,0.3536033496791524,-0.7867338209790253,-1.0,-0.03599706728108598,0.0019585732750679874,0.3007958454584503,1.0,0.0,0.0,1.0,0.0,0.0,0.0,1.0,1.0,0.0
0.21518987341772156,-1.0,-1.0,-1.0,-1.0,-1.0,-1.0,0.0,1.0,0.0,0.0,1.0,1.0,0.0,0.0,1.0,0.0
-0.4683544303797469,-1.0,-1.0,-1.0,-1.0,-1.0,-1.0,1.0,0.0,0.0,0.0,1.0,0.0,0.0,1.0,1.0,0.0
-0.26582278481012656,-1.0,-1.0,-1.0,-1.0,-1.0,-1.0,1.0,0.0,0.0,1.0,0.0,0.0,1.0,0.0,1.0,0.0
0.06329113924050622,-1.0,-1.0,-1.0,-1.0,-1.0,-1.0,1.0,0.0,0.0,0.0,1.0,0.0,1.0,0.0,1.0,0.0
-0.5443037974683544,-1.0,0.010218648744562797,0.36910979651230136,-1.0,-1.0,0.27672710334034045,1.0,0.0,0.0,1.0,0.0,0.0,0.0,1.0,1.0,0.0
0.1898734177215189,0.17459099902352304,-1.0,-1.0,-0.3573313781873907,-1.0,0.08737291876454312,0.0,0.0,1.0,1.0,0.0,1.0,0.0,0.0,1.0,0.0
0.012658227848101333,0.8216773330258946,0.7339244111784726,0.4358139248246016,0.8930886132130182,0.06100515963320041,0.9510808486164553,0.0,1.0,0.0,1.0,0.0,1.0,0.0,0.0,1.0,0.0
-0.5696202531645569,-1.0,0.40376087608362443,-0.7665905942836959,-1.0,-1.0,0.3788530989524681,1.0,0.0,0.0,1.0,0.0,0.0,1.0,0.0,1.0,0.0
-0.6455696202531646,0.3330084743514372,-0.033900312058651294,-0.852735061170152,-1.0,0.03423321714890992,0.2972362786668288,1.0,0.0,0.0,1.0,0.0,0.0,0.0,1.0,1.0,0.0
0.4177215189873418,-0.8551412152377926,-0.7867338209790253,-1.0,-0.07464746905468156,-1.0,-0.11095884147458368,1.0,0.0,0.0,1.0,0.0,0.0,1.0,0.0,1.0,0.0
-0.5443037974683544,-1.0,-1.0,-1.0,-1.0,-1.0,-1.0,1.0,0.0,0.0,0.0,1.0,0.0,0.0,1.0,1.0,0.0
-0.189873417721519,-1.0,-1.0,-1.0,0.3144186858486333,-1.0,0.2550655522240399,1.0,0.0,0.0,1.0,0.0,1.0,0.0,0.0,1.0,0.0
0.2911392405063291,-1.0,-1.0,0.13400478405498006,0.16842870209166705,0.12339582346605837,0.2783675371840073,1.0,0.0,0.0,1.0,0.0,0.0,0.0,1.0,1.0,0.0
-0.4177215189873418,-1.0,-1.0,-1.0,-1.0,-1.0,-1.0,1.0,0.0,0.0,0.0,1.0,0.0,1.0,0.0,1.0,0.0
0.2911392405063291,-1.0,-1.0,-1.0,-1.0,-1.0,-1.0,0.0,0.0,1.0,0.0,1.0,0.0,0.0,1.0,1.0,0.0
-0.5443037974683544,-1.0,-1.0,-1.0,-1.0,-1.0,-1.0,1.0,0.0,0.0,0.0,1.0,0.0,1.0,0.0,1.0,0.0
-0.49367088607594933,0.31982804099379947,-0.5734676419580506,0.5312129187937891,-0.6422640538624581,-1.0,0.4406621285017269,0.0,0.0,1.0,1.0,0.0,1.0,0.0,0.0,1.0,0.0
-0.3417721518987342,-0.3540121549940377,-1.0,0.3203456742423749,0.2665952703257457,-1.0,0.3331530960332669,1.0,0.0,0.0,1.0,0.0,0.0,0.0,1.0,1.0,0.0
-0.3417721518987342,-1.0,-1.0,-1.0,-1.0,-1.0,-1.0,1.0,0.0,0.0,1.0,0.0,1.0,0.0,0.0,1.0,0.0
0.03797468354430378,-1.0,-1.0,-1.0,-1.0,-1.0,-1.0,0.0,0.0,1.0,0.0,1.0,0.0,0.0,1.0,1.0,0.0
-0.4683544303797469,0.3213342604896201,-1.0,-0.3531656434132101,0.47176378456778156,-1.0,0.46424187364938585,1.0,0.0,0.0,1.0,0.0,0.0,0.0,1.0,1.0,0.0
0.16455696202531644,-1.0,-1.0,-1.0,-1.0,-1.0,-1.0,1.0,0.0,0.0,0.0,1.0,0.0,0.0,1.0,1.0,0.0
0.139240506329114,-1.0,-1.0,-1.0,-1.0,-1.0,-1.0,0.0,1.0,0.0,0.0,1.0,1.0,0.0,0.0,1.0,0.0
0.4430379746835442,-1.0,-1.0,-1.0,-1.0,-1.0,-1.0,0.0,1.0,0.0,1.0,0.0,1.0,0.0,0.0,1.0,0.0
-0.31645569620253167,0.6353749321569362,-1.0,-0.191242589706499,-0.36548174383843235,-0.31428835037971126,0.49898510784718453,0.0,0.0,1.0,1.0,0.0,0.0,0.0,1.0,1.0,0.0
-0.012658227848101333,0.35615979807540077,0.05225182666193051,-1.0,-1.0,-1.0,0.29317766851801275,1.0,0.0,0.0,1.0,0.0,0.0,0.0,1.0,1.0,0.0
-0.31645569620253167,-1.0,-1.0,-1.0,-1.0,-1.0,-1.0,1.0,0.0,0.0,0.0,1.0,0.0,1.0,0.0,1.0,0.0
-0.012658227848101333,-0.5187895331071819,-0.42841595991199644,-1.0,-0.7806552088744709,0.36666334029141123,0.2985001993479246,1.0,0.0,0.0,1.0,0.0,0.0,0.0,1.0,1.0,0.0
-0.5443037974683544,-1.0,-1.0,-0.26367530585075993,0.5293895696122777,-1.0,0.4630942301167491,1.0,0.0,0.0,1.0,0.0,0.0,0.0,1.0,1.0,0.0
-0.5443037974683544,-1.0,-1.0,-1.0,-1.0,-1.0,-1.0,0.0,0.0,1.0,0.0,1.0,0.0,0.0,1.0,1.0,0.0
-0.31645569620253167,-1.0,-1.0,-1.0,-1.0,-1.0,-1.0,0.0,1.0,0.0,0.0,1.0,0.0,0.0,1.0,1.0,0.0
-0.21518987341772156,0.281346939405998,0.02361176862268244,-1.0,-0.6422640538624581,-0.0249625433900017,0.2705074081100842,1.0,0.0,0.0,1.0,0.0,0.0,0.0,1.0,1.0,0.0
-0.012658227848101333,-1.0,-1.0,-0.852735061170152,-1.0,0.5632859930514642,0.47831956622555216,1.0,0.0,0.0,1.0,0.0,0.0,1.0,0.0,1.0,0.0
-0.49367088607594933,0.014011493335451597,-1.0,0.3783629464635647,-1.0,-0.3768183431027897,0.2755466619768592,1.0,0.0,0.0,1.0,0.0,0.0,0.0,1.0,1.0,0.0
-0.31645569620253167,0.025138907375018338,-1.0,-0.5865750491295142,0.4534990242616994,-1.0,0.4054255283347832,0.0,0.0,1.0,1.0,0.0,0.0,0.0,1.0,1.0,0.0
-0.5189873417721519,-0.6255454734896567,0.25432114955422636,-1.0,-0.11299698542437708,0.0480632479828087,0.29871004050405636,1.0,0.0,0.0,1.0,0.0,0.0,0.0,1.0,1.0,0.0
-0.1392405063291139,-1.0,-1.0,-1.0,-1.0,-1.0,-1.0,1.0,0.0,0.0,0.0,1.0,1.0,0.0,0.0,1.0,0.0
-0.4177215189873418,-1.0,-0.04210392323829204,-0.658061401139107,0.2026188563167859,0.08831762335636628,0.26830627263791507,1.0,0.0,0.0,1.0,0.0,0.0,1.0,0.0,1.0,0.0
-0.44303797468354433,-1.0,-0.3333832713674393,-1.0,-1.0,0.313125132869412,0.24998862605774574,1.0,0.0,0.0,1.0,0.0,1.0,0.0,0.0,1.0,0.0
-0.3417721518987342,-1.0,-1.0,-1.0,0.25762447872938243,-1.0,0.20083591163183567,1.0,0.0,0.0,1.0,0.0,0.0,0.0,1.0,1.0,0.0
-0.4683544303797469,0.31907084070746206,-1.0,-0.12315564456996997,-0.6786656890936953,-0.6387653512873415,0.22607327351218043,1.0,0.0,0.0,1.0,0.0,0.0,0.0,1.0,1.0,0.0
-0.3417721518987342,-0.21395788183585684,0.42477485116942315,-0.7054701223403039,-1.0,-1.0,0.4047052226752319,1.0,0.0,0.0,1.0,0.0,0.0,0.0,1.0,1.0,0.0
0.012658227848101333,-1.0,-1.0,-1.0,-1.0,-1.0,-1.0,0.0,0.0,1.0,0.0,1.0,0.0,0.0,1.0,1.0,0.0
-0.5189873417721519,-1.0,-1.0,-1.0,-1.0,-1.0,-1.0,0.0,1.0,0.0,0.0,1.0,1.0,0.0,0.0,1.0,0.0
-0.16455696202531644,-1.0,-1.0,0.39334419204446003,-1.0,-1.0,0.25025923032049513,1.0,0.0,0.0,1.0,0.0,0.0,0.0,1.0,1.0,0.0
-0.4683544303797469,0.5258453445214502,-1.0,0.4409336520034277,-1.0,-1.0,0.4808371154010471,0.0,0.0,1.0,1.0,0.0,1.0,0.0,0.0,1.0,0.0
-0.5189873417721519,0.37985536863263003,-1.0,-1.0,-1.0,-0.8602553620751245,0.25898028261425443,1.0,0.0,0.0,1.0,0.0,0.0,0.0,1.0,1.0,0.0
-0.2405063291139241,-1.0,0.26920489830879446,-1.0,-0.21894022317537787,0.5574952611460988,0.5265933044063735,0.0,1.0,0.0,1.0,0.0,0.0,0.0,1.0,1.0,0.0
0.16455696202531644,-1.0,-1.0,0.40478363880602997,-0.6786656890936953,-0.6076872028904432,0.2630692473235283,1.0,0.0,0.0,1.0,0.0,0.0,1.0,0.0,1.0,0.0
-0.26582278481012656,0.24577292338012824,0.32956295048315987,-1.0,0.8374591387304853,0.45197039876247547,0.799894500310224,0.0,1.0,0.0,1.0,0.0,0.0,0.0,1.0,1.0,0.0
-0.2405063291139241,0.5379003638784421,-1.0,-1.0,-1.0,0.5564242950360616,0.5725051279219726,0.0,1.0,0.0,1.0,0.0,1.0,0.0,0.0,1.0,0.0
-0.03797468354430378,0.5590255832741953,-1.0,0.024109294259877956,-0.6422640538624581,-0.041633928940220555,0.44712514306443696,1.0,0.0,0.0,1.0,0.0,0.0,0.0,1.0,1.0,0.0
-0.620253164556962,-1.0,-0.7867338209790253,-0.41094024468060797,-0.6422640538624581,0.35823247163363314,0.2892512916546419,1.0,0.0,0.0,1.0,0.0,0.0,0.0,1.0,1.0,0.0
-0.4177215189873418,-1.0,-1.0,-1.0,-1.0,-1.0,-1.0,1.0,0.0,0.0,0.0,1.0,0.0,0.0,1.0,1.0,0.0
0.1898734177215189,0.5018111019913978,0.17666966748316937,-0.658061401139107,-0.3573313781873907,-1.0,0.426503485330997,0.0,1.0,0.0,1.0,0.0,1.0,0.0,0.0,1.0,0.0
0.03797468354430378,-0.5933299775945341,-0.8654440222251701,-0.47206071662399995,0.38834639528328263,-1.0,0.32890466013916364,1.0,0.0,0.0,1.0,0.0,0.0,0.0,1.0,1.0,0.0
0.012658227848101333,0.4337898645210947,-1.0,0.2487743218727978,-1.0,-1.0,0.36837725681771083,0.0,0.0,1.0,1.0,0.0,0.0,0.0,1.0,1.0,0.0
-0.3924050632911392,0.17077028839756103,-1.0,0.3347203222366977,-1.0,-1.0,0.2755466619768592,1.0,0.0,0.0,1.0,0.0,0.0,0.0,1.0,1.0,0.0
-0.16455696202531644,-1.0,-0.7867338209790253,-1.0,-1.0,0.3496832666590237,0.27672710334034045,1.0,0.0,0.0,1.0,0.0,0.0,0.0,1.0,1.0,0.0
-0.3924050632911392,-1.0,0.31099926244300446,-1.0,-1.0,-0.6387653512873415,0.28858896092092245,1.0,0.0,0.0,1.0,0.0,0.0,0.0,1.0,1.0,0.0
0.08860759493670889,-1.0,-1.0,-1.0,-1.0,-1.0,-1.0,0.0,1.0,0.0,0.0,1.0,1.0,0.0,0.0,1.0,0.0
-0.2911392405063291,-1.0,-1.0,-1.0,-1.0,-1.0,-1.0,0.0,1.0,0.0,1.0,0.0,0.0,0.0,1.0,1.0,0.0
-0.3924050632911392,0.38013874094778277,-0.2938599821371666,0.5782117624232799,-1.0,-1.0,0.488273835514492,0.0,0.0,1.0,1.0,0.0,0.0,0.0,1.0,1.0,0.0
-0.5443037974683544,-1.0,-1.0,-1.0,-1.0,-1.0,-1.0,1.0,0.0,0.0,0.0,1.0,0.0,0.0,1.0,1.0,0.0
-0.6455696202531646,-1.0,-1.0,-1.0,-1.0,-1.0,-1.0,1.0,0.0,0.0,0.0,1.0,0.0,0.0,1.0,1.0,0.0
0.7721518987341771,-1.0,-1.0,-1.0,-1.0,-1.0,-1.0,0.0,0.0,1.0,0.0,1.0,0.0,0.0,1.0,1.0,0.0
-0.8987341772151899,-1.0,-1.0,-1.0,-1.0,-1.0,-1.0,1.0,0.0,0.0,1.0,0.0,0.0,0.0,1.0,1.0,0.0
-0.1392405063291139,0.5146947936155282,-1.0,-0.658061401139107,0.17519735819340143,-1.0,0.42553549112722644,0.0,0.0,1.0,1.0,0.0,0.0,0.0,1.0,1.0,0.0
-0.49367088607594933,-1.0,-1.0,-1.0,-1.0,-1.0,-1.0,1.0,0.0,0.0,0.0,1.0,0.0,1.0,0.0,1.0,0.0
-0.49367088607594933,-1.0,-0.46177608890068045,0.022388973954115654,0.40286990834729175,-1.0,0.36141176259905716,1.0,0.0,0.0,1.0,0.0,0.0,0.0,1.0,1.0,0.0
0.1898734177215189,-1.0,-1.0,-1.0,-1.0,-1.0,-1.0,1.0,0.0,0.0,0.0,1.0,0.0,0.0,1.0,1.0,0.0
-0.11392405063291144,-1.0,-1.0,-1.0,0.3036391691795355,-1.0,0.24477278920517387,1.0,0.0,0.0,1.0,0.0,0.0,0.0,1.0,1.0,0.0
0.1898734177215189,0.2762887000689773,-1.0,0.4433289242392273,-1.0,0.10155709882410657,0.40349863212151704,0.0,0.0,1.0,1.0,0.0,0.0,0.0,1.0,1.0,0.0
-0.9240506329113924,-1.0,-1.0,-1.0,-1.0,-1.0,-1.0,1.0,0.0,0.0,0.0,1.0,0.0,0.0,1.0,1.0,0.0
0.5949367088607596,-1.0,-1.0,-0.06636237713478388,-1.0,0.5625928805643261,0.4840372018039558,1.0,0.0,0.0,1.0,0.0,0.0,1.0,0.0,1.0,0.0
-0.7721518987341772,-1.0,-1.0,-1.0,-1.0,-1.0,-1.0,1.0,0.0,0.0,1.0,0.0,1.0,0.0,0.0,1.0,0.0
-0.16455696202531644,-0.7704042582518641,0.6431416458972341,-1.0,-0.29015259890148426,-1.0,0.6151052106848267,0.0,1.0,0.0,1.0,0.0,0.0,0.0,1.0,1.0,0.0
-0.5949367088607596,0.41974644907849523,-1.0,0.42853466171467613,-1.0,-1.0,0.4206203920734737,1.0,0.0,0.0,1.0,0.0,0.0,0.0,1.0,1.0,0.0
-0.7721518987341772,-1.0,-1.0,-1.0,-1.0,-1.0,-1.0,1.0,0.0,0.0,1.0,0.0,0.0,0.0,1.0,1.0,0.0
0.5443037974683544,-1.0,-1.0,-1.0,-1.0,-1.0,-1.0,0.0,1.0,0.0,0.0,1.0,0.0,0.0,1.0,1.0,0.0
-0.31645569620253167,-0.8551412152377926,0.289714001219614,-1.0,0.8928906548373834,0.6541348305029988,0.8628775316956898,0.0,1.0,0.0,1.0,0.0,0.0,0.0,1.0,1.0,0.0
0.31645569620253156,-1.0,-1.0,-1.0,-1.0,-1.0,-1.0,1.0,0.0,0.0,0.0,1.0,1.0,0.0,0.0,1.0,0.0
-0.5189873417721519,-0.8551412152377926,-0.5963320666755103,-1.0,0.3050912209109766,-1.0,0.24835688424629865,1.0,0.0,0.0,1.0,0.0,0.0,0.0,1.0,1.0,0.0
-0.2405063291139241,-1.0,-1.0,-1.0,-1.0,-1.0,-1.0,0.0,0.0,1.0,0.0,1.0,1.0,0.0,0.0,1.0,0.0
-0.1392405063291139,-1.0,-0.687570694869583,-1.0,0.30393042558864636,0.5089153003657916,0.48920265913548655,0.0,1.0,0.0,1.0,0.0,0.0,0.0,1.0,0.0,1.0
-0.3924050632911392,-1.0,0.1984753730255413,0.011763840168196094,-0.8616088449879872,-0.26663026977783433,0.23002294263001422,1.0,0.0,0.0,1.0,0.0,1.0,0.0,0.0,1.0,0.0
-0.31645569620253167,-0.1824378509765714,0.8439275965066506,-1.0,0.5058499288351646,0.7845740920586,0.9084344543861433,0.0,1.0,0.0,1.0,0.0,1.0,0.0,0.0,1.0,0.0
0.1898734177215189,-1.0,0.057338316135421286,0.35658816620371026,-1.0,-1.0,0.2799939756872658,1.0,0.0,0.0,1.0,0.0,1.0,0.0,0.0,1.0,0.0
-0.03797468354430378,-1.0,0.2706044951563962,-1.0,-0.21894022317537787,0.36620409431578116,0.4089867901325954,1.0,0.0,0.0,1.0,0.0,1.0,0.0,0.0,1.0,0.0
0.4430379746835442,-1.0,0.41066008272098053,-1.0,-0.3143830504493078,0.17397785507378538,0.4288492055093842,1.0,0.0,0.0,1.0,0.0,0.0,1.0,0.0,1.0,0.0
-0.31645569620253167,-1.0,-1.0,-1.0,-0.7806552088744709,0.43209291984654286,0.3544953811851115,1.0,0.0,0.0,1.0,0.0,0.0,0.0,1.0,1.0,0.0
-0.31645569620253167,0.24738258769517607,0.4031981996263201,-1.0,0.5854581197338089,0.7136850992496444,0.745906188931887,0.0,1.0,0.0,1.0,0.0,0.0,0.0,1.0,1.0,0.0
-0.5443037974683544,-1.0,-1.0,-1.0,-1.0,-1.0,-1.0,0.0,0.0,1.0,0.0,1.0,0.0,0.0,1.0,1.0,0.0
-0.012658227848101333,-0.7704042582518641,-1.0,-1.0,-0.7806552088744709,0.3446301476043201,0.2724428630192193,1.0,0.0,0.0,1.0,0.0,0.0,0.0,1.0,1.0,0.0
-0.31645569620253167,-1.0,-1.0,-1.0,-1.0,-1.0,-1.0,0.0,0.0,1.0,0.0,1.0,0.0,0.0,1.0,1.0,0.0
-0.8987341772151899,-1.0,-1.0,-1.0,-1.0,-1.0,-1.0,1.0,0.0,0.0,0.0,1.0,1.0,0.0,0.0,1.0,0.0
-0.2405063291139241,-1.0,-1.0,-1.0,-1.0,-1.0,-1.0,1.0,0.0,0.0,0.0,1.0,0.0,0.0,1.0,1.0,0.0
-0.2405063291139241,-1.0,-1.0,-1.0,-1.0,-1.0,-1.0,1.0,0.0,0.0,0.0,1.0,0.0,0.0,1.0,1.0,0.0
-0.620253164556962,-1.0,0.27364854279171014,-1.0,-1.0,-1.0,0.25079928924001504,1.0,0.0,0.0,1.0,0.0,0.0,0.0,1.0,1.0,0.0
0.36708860759493667,-1.0,-0.6521778432041954,-1.0,0.27551610476783406,0.07802444672984543,0.2764915990842052,1.0,0.0,0.0,1.0,0.0,1.0,0.0,0.0,1.0,0.0
-0.5443037974683544,-1.0,0.04790884369401427,-0.658061401139107,-1.0,0.26580577362349955,0.2638262595866594,1.0,0.0,0.0,1.0,0.0,0.0,1.0,0.0,1.0,0.0
-0.44303797468354433,-0.1866599551890682,0.12573866591712557,0.10679907694839819,-0.3419656266234128,0.016799370511398015,0.25949622520548155,1.0,0.0,0.0,1.0,0.0,0.0,0.0,1.0,1.0,0.0
-0.9493670886075949,-1.0,-1.0,-1.0,-1.0,-1.0,-1.0,1.0,0.0,0.0,1.0,0.0,1.0,0.0,0.0,1.0,0.0
-0.4177215189873418,-0.12441641324590191,-0.11598665478157943,-1.0,-1.0,0.2298785699274355,0.2210970517739672,1.0,0.0,0.0,1.0,0.0,0.0,1.0,0.0,1.0,0.0
-0.9493670886075949,-1.0,-1.0,-1.0,-1.0,-1.0,-1.0,1.0,0.0,0.0,0.0,1.0,0.0,1.0,0.0,1.0,0.0
-0.620253164556962,-1.0,-1.0,-1.0,-1.0,-1.0,-1.0,0.0,1.0,0.0,0.0,1.0,0.0,0.0,1.0,1.0,0.0
-0.2405063291139241,-1.0,-1.0,-1.0,-1.0,-1.0,-1.0,0.0,1.0,0.0,0.0,1.0,0.0,1.0,0.0,1.0,0.0
-0.03797468354430378,-1.0,-1.0,0.35622958654568526,-0.2585621900439785,0.04011144392268706,0.2755466619768592,1.0,0.0,0.0,1.0,0.0,1.0,0.0,0.0,1.0,0.0
-0.21518987341772156,0.26918766416372764,-0.08402970240223817,0.16352066718006153,-0.1083536079323586,-1.0,0.2901308349499321,1.0,0.0,0.0,1.0,0.0,0.0,0.0,1.0,1.0,0.0
0.7721518987341771,0.24738258769517607,-1.0,-1.0,-1.0,0.2604394405649355,0.29871004050405636,1.0,0.0,0.0,1.0,0.0,0.0,0.0,1.0,1.0,0.0
-0.31645569620253167,-1.0,-1.0,-1.0,-1.0,-1.0,-1.0,0.0,0.0,1.0,0.0,1.0,0.0,0.0,1.0,1.0,0.0
-0.3924050632911392,-1.0,-1.0,-1.0,-1.0,-1.0,-1.0,1.0,0.0,0.0,0.0,1.0,0.0,1.0,0.0,1.0,0.0
0.5443037974683544,-1.0,0.6140546396998943,-1.0,0.1147798401969895,0.07019399080927302,0.6057020710018755,0.0,1.0,0.0,1.0,0.0,0.0,0.0,1.0,1.0,0.0
-0.44303797468354433,-1.0,0.21024402114894536,-0.7665905942836959,-0.5613104177489419,-0.1295559873969565,0.21759895966419496,1.0,0.0,0.0,1.0,0.0,1.0,0.0,0.0,1.0,0.0
-0.9240506329113924,-1.0,-1.0,-1.0,-1.0,-1.0,-1.0,1.0,0.0,0.0,0.0,1.0,0.0,0.0,1.0,1.0,0.0
0.3417721518987342,-1.0,0.5269647652609977,-1.0,0.41069374828400784,-1.0,0.570247217543612,0.0,1.0,0.0,1.0,0.0,1.0,0.0,0.0,1.0,0.0
0.11392405063291133,0.16766261700192797,-0.7308880444503403,-0.7665905942836959,-1.0,0.3343966602066861,0.32067428832202904,1.0,0.0,0.0,1.0,0.0,0.0,0.0,1.0,1.0,0.0
-0.3924050632911392,-1.0,-1.0,-1.0,-1.0,-1.0,-1.0,0.0,1.0,0.0,0.0,1.0,1.0,0.0,0.0,1.0,0.0
-0.1392405063291139,-1.0,0.6960803130165267,-1.0,0.5437281620606378,0.28560488085664737,0.7378022018072075,0.0,1.0,0.0,1.0,0.0,0.0,0.0,1.0,1.0,0.0
-0.3417721518987342,0.47662169616494765,-1.0,-1.0,0.04548827682454415,-0.06955064711560244,0.3887831475996404,1.0,0.0,0.0,1.0,0.0,0.0,0.0,1.0,1.0,0.0
0.36708860759493667,0.3621088948394984,-1.0,0.15720509057357024,0.185992215923096,-1.0,0.3650003988430881,0.0,0.0,1.0,1.0,0.0,0.0,0.0,1.0,1.0,0.0
-0.3924050632911392,-1.0,-1.0,-1.0,-1.0,-1.0,-1.0,0.0,1.0,0.0,0.0,1.0,1.0,0.0,0.0,1.0,0.0
0.08860759493670889,0.45482072763519876,-0.08752751310384899,0.3507769759818924,0.29193545367409657,-1.0,0.48260380654667356,0.0,0.0,1.0,1.0,0.0,0.0,0.0,1.0,1.0,0.0
0.2911392405063291,0.271104990000969,0.06792207812730178,0.44733991815624274,0.3410100113287986,-1.0,0.48498684596487873,1.0,0.0,0.0,1.0,0.0,0.0,0.0,1.0,1.0,0.0
-0.2911392405063291,-1.0,-1.0,-1.0,-1.0,-1.0,-1.0,1.0,0.0,0.0,0.0,1.0,1.0,0.0,0.0,1.0,0.0
-0.03797468354430378,0.5593862167552404,-1.0,-1.0,-0.11535980865823414,-1.0,0.43137567876754623,1.0,0.0,0.0,1.0,0.0,0.0,0.0,1.0,1.0,0.0
-0.11392405063291144,-0.057288776938810404,-1.0,0.3780393235572037,-0.24446295258768158,-0.4287989852180887,0.2755466619768592,1.0,0.0,0.0,1.0,0.0,0.0,0.0,1.0,1.0,0.0
0.36708860759493667,-1.0,-1.0,-1.0,-1.0,-1.0,-1.0,1.0,0.0,0.0,0.0,1.0,1.0,0.0,0.0,1.0,0.0
-0.36708860759493667,-1.0,-1.0,-1.0,-1.0,-1.0,-1.0,0.0,0.0,1.0,0.0,1.0,0.0,0.0,1.0,1.0,0.0
-0.36708860759493667,0.5068132746811944,-1.0,-1.0,-0.3573313781873907,0.3476771914396375,0.46511999897487954,1.0,0.0,0.0,1.0,0.0,0.0,0.0,1.0,1.0,0.0
-0.4683544303797469,-1.0,-1.0,-1.0,0.2922442800822116,-0.005166157383729275,0.2707504172839674,1.0,0.0,0.0,1.0,0.0,0.0,0.0,1.0,1.0,0.0
-0.2911392405063291,-1.0,-1.0,-1.0,0.30129369453438803,-0.026568997277109152,0.27459701781593626,1.0,0.0,0.0,1.0,0.0,0.0,0.0,1.0,1.0,0.0
0.06329113924050622,-1.0,-1.0,-1.0,-1.0,-1.0,-1.0,0.0,0.0,1.0,0.0,1.0,0.0,0.0,1.0,1.0,0.0
-0.06329113924050633,-1.0,-1.0,-1.0,-1.0,-1.0,-1.0,0.0,0.0,1.0,0.0,1.0,0.0,0.0,1.0,1.0,0.0
-0.16455696202531644,-1.0,-1.0,-1.0,-1.0,-1.0,-1.0,0.0,0.0,1.0,0.0,1.0,0.0,0.0,1.0,1.0,0.0
-0.31645569620253167,0.3209587221129069,-1.0,0.4050690094291176,-1.0,-1.0,0.3669164016149582,0.0,0.0,1.0,1.0,0.0,0.0,0.0,1.0,1.0,0.0
-0.36708860759493667,-0.3637342358463982,-1.0,0.28581716300779414,-1.0,0.18669093625782263,0.2753096940518822,1.0,0.0,0.0,1.0,0.0,0.0,0.0,1.0,1.0,0.0
-0.4177215189873418,-0.4484711928323267,0.2845917187632876,-1.0,-1.0,-0.02021858578185931,0.2944686937979426,1.0,0.0,0.0,1.0,0.0,0.0,0.0,1.0,1.0,0.0
-0.44303797468354433,0.3621088948394984,-1.0,-0.43931011029966616,-1.0,-0.48288339142554504,0.2494462624740159,1.0,0.0,0.0,1.0,0.0,0.0,0.0,1.0,1.0,0.0
-0.44303797468354433,-1.0,-1.0,-1.0,-1.0,-1.0,-1.0,1.0,0.0,0.0,0.0,1.0,0.0,0.0,1.0,1.0,0.0
-0.3924050632911392,-1.0,0.2534090574681753,0.045291260509480846,-0.27373324999522164,-1.0,0.27672710334034045,1.0,0.0,0.0,1.0,0.0,0.0,0.0,1.0,1.0,0.0
-0.8227848101265822,-1.0,-1.0,-1.0,-1.0,-1.0,-1.0,0.0,1.0,0.0,1.0,0.0,1.0,0.0,0.0,1.0,0.0
-0.31645569620253167,0.21817415159922904,-0.09655812935016594,0.011763840168196094,0.014534054059341273,-1.0,0.25427286637886715,1.0,0.0,0.0,1.0,0.0,1.0,0.0,0.0,1.0,0.0
-0.21518987341772156,0.30616389098807395,-0.8654440222251701,0.21322816999223781,-0.17923840978180217,-0.6755229990923698,0.2933934474557045,1.0,0.0,0.0,1.0,0.0,0.0,0.0,1.0,1.0,0.0
-0.49367088607594933,0.4329117663788118,-1.0,-1.0,-0.6422640538624581,-1.0,0.3081212548288894,1.0,0.0,0.0,1.0,0.0,0.0,0.0,1.0,1.0,0.0
-0.620253164556962,-1.0,0.2758327935926117,-1.0,-1.0,-1.0,0.25294435458378817,1.0,0.0,0.0,1.0,0.0,1.0,0.0,0.0,1.0,0.0
-0.16455696202531644,-1.0,-1.0,-1.0,-1.0,-1.0,-1.0,1.0,0.0,0.0,0.0,1.0,0.0,0.0,1.0,1.0,0.0
-0.5443037974683544,0.33477507025037,-1.0,0.32413591464957947,-1.0,-0.48288339142554504,0.33748012407112005,0.0,0.0,1.0,1.0,0.0,0.0,0.0,1.0,1.0,0.0
0.3417721518987342,-1.0,-1.0,-1.0,-1.0,-1.0,-1.0,0.0,0.0,1.0,0.0,1.0,1.0,0.0,0.0,1.0,0.0
-0.5696202531645569,-0.07651953516393095,-1.0,0.18465720791051177,-0.4343312963306818,0.2592706900678916,0.2918778407250222,1.0,0.0,0.0,1.0,0.0,0.0,0.0,1.0,1.0,0.0
-0.5443037974683544,-1.0,-1.0,-1.0,-1.0,-1.0,-1.0,0.0,1.0,0.0,0.0,1.0,1.0,0.0,0.0,1.0,0.0
-0.6708860759493671,-1.0,-1.0,-1.0,-1.0,-1.0,-1.0,1.0,0.0,0.0,0.0,1.0,0.0,0.0,1.0,1.0,0.0
0.08860759493670889,-0.8551412152377926,0.4813440887254843,-1.0,-0.8616088449879872,0.5977093562289966,0.6170104424930454,0.0,1.0,0.0,1.0,0.0,1.0,0.0,0.0,1.0,0.0
-0.16455696202531644,-1.0,-1.0,-1.0,-1.0,-1.0,-1.0,0.0,1.0,0.0,0.0,1.0,1.0,0.0,0.0,1.0,0.0
-0.11392405063291144,-1.0,-1.0,-1.0,-1.0,-1.0,-1.0,0.0,0.0,1.0,0.0,1.0,0.0,0.0,1.0,1.0,0.0
-0.3924050632911392,0.3450720814526891,-1.0,0.32119381268187763,0.14209590112450243,0.34179598226368113,0.46764392511677544,0.0,0.0,1.0,1.0,0.0,0.0,0.0,1.0,1.0,0.0
-0.2405063291139241,0.32798105201219396,-1.0,-1.0,-0.34950071834211405,-0.7785099892122169,0.2201493745726053,1.0,0.0,0.0,1.0,0.0,0.0,0.0,1.0,1.0,0.0
0.21518987341772156,0.39751910370017707,-0.7867338209790253,-1.0,-0.8616088449879872,0.3873537367097546,0.42661073746946476,1.0,0.0,0.0,1.0,0.0,0.0,0.0,1.0,1.0,0.0
-0.26582278481012656,0.5204168042351809,0.36103958858259344,-0.17753083896430388,-1.0,-1.0,0.49898510784718453,0.0,0.0,1.0,1.0,0.0,0.0,0.0,1.0,1.0,0.0
-0.03797468354430378,-1.0,0.39173746724874325,-1.0,0.5011367946071188,0.4807607008556747,0.6113994228106683,0.0,1.0,0.0,1.0,0.0,1.0,0.0,0.0,0.0,1.0
0.5443037974683544,-1.0,-1.0,-1.0,-1.0,-1.0,-1.0,1.0,0.0,0.0,0.0,1.0,0.0,0.0,1.0,1.0,0.0
-0.9240506329113924,-1.0,-1.0,-1.0,-1.0,-1.0,-1.0,1.0,0.0,0.0,1.0,0.0,1.0,0.0,0.0,1.0,0.0
-0.8481012658227848,-1.0,-1.0,-1.0,-1.0,-1.0,-1.0,1.0,0.0,0.0,1.0,0.0,0.0,0.0,1.0,1.0,0.0
0.1898734177215189,-1.0,-1.0,-1.0,-1.0,-1.0,-1.0,0.0,1.0,0.0,0.0,1.0,0.0,0.0,1.0,1.0,0.0
-0.06329113924050633,0.3160143028548481,0.1820251310388341,-0.852735061170152,-1.0,-1.0,0.31382418596927875,1.0,0.0,0.0,1.0,0.0,0.0,0.0,1.0,1.0,0.0
-0.3924050632911392,0.6730877712641015,-1.0,-0.7054701223403039,-1.0,-0.5807660862253737,0.5268469846448673,0.0,0.0,1.0,1.0,0.0,0.0,0.0,1.0,1.0,0.0
-0.7974683544303798,-1.0,-1.0,-1.0,-1.0,-1.0,-1.0,1.0,0.0,0.0,1.0,0.0,0.0,0.0,1.0,1.0,0.0
-0.4683544303797469,-1.0,-1.0,-1.0,-1.0,-1.0,-1.0,1.0,0.0,0.0,0.0,1.0,0.0,1.0,0.0,1.0,0.0
0.620253164556962,-1.0,-1.0,-1.0,-1.0,-1.0,-1.0,0.0,1.0,0.0,0.0,1.0,0.0,0.0,1.0,1.0,0.0
-0.620253164556962,-1.0,-1.0,-1.0,-1.0,-1.0,-1.0,0.0,0.0,1.0,0.0,1.0,1.0,0.0,0.0,1.0,0.0
-0.21518987341772156,-1.0,-1.0,-1.0,-1.0,-1.0,-1.0,1.0,0.0,0.0,0.0,1.0,1.0,0.0,0.0,1.0,0.0
-1.0,-1.0,-1.0,-1.0,-1.0,-1.0,-1.0,1.0,0.0,0.0,1.0,0.0,0.0,0.0,1.0,1.0,0.0
0.06329113924050622,-1.0,-0.2329717599790495,-1.0,0.6643166080130929,-0.46794256496556785,0.5920666684859652,0.0,1.0,0.0,1.0,0.0,0.0,0.0,1.0,1.0,0.0
-0.5443037974683544,-1.0,-1.0,-1.0,0.0017311923196254853,-1.0,-0.04350240482395362,1.0,0.0,0.0,1.0,0.0,0.0,1.0,0.0,1.0,0.0
-0.4683544303797469,-1.0,-1.0,-1.0,-1.0,-1.0,-1.0,1.0,0.0,0.0,0.0,1.0,0.0,0.0,1.0,1.0,0.0
-0.21518987341772156,0.26133746236134536,-1.0,0.8866071875944397,0.2644787533352788,0.34590535043972026,0.7348664485307639,0.0,1.0,0.0,1.0,0.0,0.0,0.0,1.0,1.0,0.0
0.3417721518987342,-1.0,-1.0,-1.0,-1.0,-1.0,-1.0,0.0,0.0,1.0,0.0,1.0,1.0,0.0,0.0,1.0,0.0
0.11392405063291133,0.411624787409822,-1.0,-0.852735061170152,-0.5613104177489419,-0.4172753404995585,0.2933934474557045,1.0,0.0,0.0,1.0,0.0,0.0,0.0,1.0,1.0,0.0
-0.012658227848101333,-1.0,-1.0,-1.0,-1.0,-1.0,-1.0,0.0,0.0,1.0,0.0,1.0,0.0,0.0,1.0,1.0,0.0
-0.31645569620253167,-1.0,-1.0,-1.0,-1.0,-1.0,-1.0,0.0,1.0,0.0,0.0,1.0,1.0,0.0,0.0,1.0,0.0
-0.5443037974683544,-1.0,-1.0,-1.0,-1.0,-1.0,-1.0,0.0,1.0,0.0,0.0,1.0,1.0,0.0,0.0,1.0,0.0
-0.26582278481012656,-1.0,0.7232249014637819,-1.0,-0.18589423387542536,-0.8602553620751245,0.693873645903669,0.0,1.0,0.0,1.0,0.0,0.0,0.0,1.0,1.0,0.0
-0.7468354430379747,-1.0,-1.0,-1.0,-1.0,-1.0,-1.0,1.0,0.0,0.0,1.0,0.0,1.0,0.0,0.0,1.0,0.0
-0.6708860759493671,-1.0,-0.5963320666755103,-1.0,0.16378532459964856,0.18669093625782263,0.250529451019313,1.0,0.0,0.0,1.0,0.0,1.0,0.0,0.0,1.0,0.0
-0.8987341772151899,-1.0,-1.0,-1.0,-1.0,-1.0,-1.0,0.0,1.0,0.0,0.0,1.0,0.0,0.0,1.0,1.0,0.0
-0.4683544303797469,0.463169671721688,-1.0,-0.06636237713478388,0.27383123204289195,-1.0,0.42542763218737756,0.0,0.0,1.0,1.0,0.0,0.0,0.0,1.0,1.0,0.0
-0.3417721518987342,-1.0,-1.0,-0.5331811885673919,-0.3828541075996944,0.7547043922116345,0.660157928296329,0.0,1.0,0.0,1.0,0.0,0.0,0.0,1.0,1.0,0.0
-0.3924050632911392,0.7076994115774953,-1.0,-1.0,-1.0,-1.0,0.5577853327496545,1.0,0.0,0.0,1.0,0.0,0.0,0.0,1.0,1.0,0.0
-0.49367088607594933,0.3998512834558947,-1.0,-1.0,-1.0,-1.0,0.27696231702976926,1.0,0.0,0.0,1.0,0.0,0.0,0.0,1.0,1.0,0.0
-0.31645569620253167,0.5631947422071113,-1.0,0.16704702858151999,-1.0,-0.26663026977783433,0.453841534846567,1.0,0.0,0.0,1.0,0.0,0.0,0.0,1.0,1.0,0.0
-1.0,-1.0,-1.0,-1.0,-1.0,-1.0,-1.0,1.0,0.0,0.0,1.0,0.0,0.0,0.0,1.0,1.0,0.0
-0.31645569620253167,-1.0,-1.0,-1.0,-1.0,-1.0,-1.0,0.0,1.0,0.0,0.0,1.0,1.0,0.0,0.0,1.0,0.0
0.11392405063291133,0.2696686472308254,0.5614620063787896,-0.363531523479411,-1.0,0.36984910019653117,0.6018925169744291,0.0,1.0,0.0,1.0,0.0,1.0,0.0,0.0,1.0,0.0
-0.620253164556962,-1.0,-1.0,-1.0,-1.0,-1.0,-1.0,1.0,0.0,0.0,0.0,1.0,0.0,0.0,1.0,1.0,0.0
-0.5443037974683544,-1.0,-1.0,-1.0,-1.0,-1.0,-1.0,1.0,0.0,0.0,0.0,1.0,0.0,1.0,0.0,1.0,0.0
-0.16455696202531644,-1.0,-1.0,-1.0,-1.0,-1.0,-1.0,0.0,1.0,0.0,0.0,1.0,0.0,0.0,1.0,1.0,0.0
-0.08860759493670889,-1.0,-1.0,-1.0,-1.0,-1.0,-1.0,1.0,0.0,0.0,0.0,1.0,0.0,0.0,1.0,1.0,0.0
-0.26582278481012656,-1.0,-0.534512796009096,-1.0,-0.6422640538624581,0.3877672935647669,0.3151755685370752,1.0,0.0,0.0,1.0,0.0,0.0,0.0,1.0,1.0,0.0
-0.3924050632911392,-1.0,0.44690959391045215,-1.0,-1.0,-1.0,0.42095203727934716,1.0,0.0,0.0,1.0,0.0,0.0,0.0,1.0,1.0,0.0
-0.9746835443037974,-1.0,-1.0,-1.0,-1.0,-1.0,-1.0,1.0,0.0,0.0,0.0,1.0,0.0,0.0,1.0,1.0,0.0
-0.36708860759493667,-1.0,-1.0,-1.0,-1.0,-1.0,-1.0,1.0,0.0,0.0,0.0,1.0,0.0,0.0,1.0,1.0,0.0
-0.6708860759493671,-1.0,-1.0,-1.0,-1.0,-1.0,-1.0,0.0,1.0,0.0,0.0,1.0,0.0,0.0,1.0,1.0,0.0
0.03797468354430378,0.44004807551774694,-0.18965441039829234,0.26259762861490277,-1.0,-1.0,0.3846860326805843,0.0,0.0,1.0,1.0,0.0,0.0,0.0,1.0,1.0,0.0
-0.08860759493670889,0.5791955929359853,-1.0,-1.0,-0.7806552088744709,-1.0,0.44076170576755724,1.0,0.0,0.0,1.0,0.0,0.0,0.0,1.0,1.0,0.0
0.1898734177215189,-1.0,0.28742568503415233,-1.0,-1.0,0.4630763049532709,0.46511999897487954,1.0,0.0,0.0,1.0,0.0,0.0,0.0,1.0,1.0,0.0
-0.7468354430379747,-1.0,-1.0,-1.0,-1.0,-1.0,-1.0,1.0,0.0,0.0,1.0,0.0,0.0,0.0,1.0,1.0,0.0
-0.3924050632911392,-1.0,-1.0,-1.0,0.2891343070302954,-0.14636646153228838,0.25025923032049513,1.0,0.0,0.0,1.0,0.0,0.0,0.0,1.0,1.0,0.0
0.240506329113924,0.13374430275145444,-0.5176218654293654,-0.7665905942836959,0.4706304443455396,-1.0,0.4310616946102166,1.0,0.0,0.0,1.0,0.0,0.0,0.0,1.0,1.0,0.0
0.06329113924050622,-1.0,-1.0,-1.0,-1.0,-1.0,-1.0,1.0,0.0,0.0,0.0,1.0,0.0,1.0,0.0,1.0,0.0
-1.0,-1.0,-1.0,-1.0,-1.0,-1.0,-1.0,1.0,0.0,0.0,1.0,0.0,1.0,0.0,0.0,1.0,0.0
-0.49367088607594933,-1.0,-1.0,-1.0,-1.0,-1.0,-1.0,1.0,0.0,0.0,0.0,1.0,0.0,1.0,0.0,1.0,0.0
-0.620253164556962,-1.0,-1.0,-1.0,-1.0,-1.0,-1.0,0.0,1.0,0.0,1.0,0.0,0.0,0.0,1.0,1.0,0.0
-0.3924050632911392,-0.7704042582518641,-0.7308880444503403,-1.0,0.2827651470801511,0.025704681076007763,0.27026408877763064,1.0,0.0,0.0,1.0,0.0,0.0,0.0,1.0,1.0,0.0
-0.4683544303797469,0.4176271256164563,-1.0,-1.0,-1.0,-1.0,0.29317766851801275,1.0,0.0,0.0,1.0,0.0,0.0,0.0,1.0,1.0,0.0
0.08860759493670889,-1.0,0.7633241368051256,-1.0,0.2707621603434376,-1.0,0.7438462802833601,0.0,1.0,0.0,1.0,0.0,0.0,0.0,1.0,1.0,0.0
-0.5189873417721519,0.32688783042389336,-1.0,-1.0,-0.08458266460356478,0.3511748312635514,0.39189571749289853,1.0,0.0,0.0,1.0,0.0,0.0,0.0,1.0,1.0,0.0
-0.31645569620253167,-1.0,-1.0,-1.0,-1.0,-1.0,-1.0,1.0,0.0,0.0,0.0,1.0,0.0,0.0,1.0,1.0,0.0
-0.44303797468354433,-1.0,-1.0,-1.0,-1.0,-1.0,-1.0,1.0,0.0,0.0,0.0,1.0,0.0,0.0,1.0,1.0,0.0
-0.44303797468354433,0.26725258505696114,-0.7867338209790253,0.1581188915390508,-1.0,-0.1745437124548359,0.2550655522240399,1.0,0.0,0.0,1.0,0.0,1.0,0.0,0.0,1.0,0.0
-0.5949367088607596,0.41380554163654293,-1.0,-1.0,0.04227657915691263,-1.0,0.32638196794542274,1.0,0.0,0.0,1.0,0.0,0.0,0.0,1.0,1.0,0.0
-0.44303797468354433,-1.0,-1.0,-1.0,-1.0,-1.0,-1.0,1.0,0.0,0.0,0.0,1.0,0.0,1.0,0.0,1.0,0.0
-0.36708860759493667,-1.0,-1.0,0.36604789312077113,-1.0,-0.14060581545527262,0.24615927292440265,1.0,0.0,0.0,1.0,0.0,0.0,1.0,0.0,1.0,0.0
-0.5443037974683544,-0.1276071172136657,-1.0,-0.7054701223403039,0.6259040089268293,-0.6387653512873415,0.5564334573421383,1.0,0.0,0.0,1.0,0.0,0.0,0.0,1.0,1.0,0.0
-0.9240506329113924,-1.0,-1.0,-1.0,-1.0,-1.0,-1.0,1.0,0.0,0.0,1.0,0.0,0.0,0.0,1.0,1.0,0.0
-0.16455696202531644,0.7996735658403862,0.7759709760841009,-0.3247957777941519,0.5994507506735363,0.15260364399679194,0.8703838716652117,0.0,1.0,0.0,1.0,0.0,1.0,0.0,0.0,1.0,0.0
-0.31645569620253167,-0.8551412152377926,0.8359382248190816,-1.0,-0.5212452626117072,-0.19955383001457783,0.8039371383392864,0.0,1.0,0.0,1.0,0.0,1.0,0.0,0.0,1.0,0.0
-0.21518987341772156,-1.0,-1.0,-1.0,-1.0,-1.0,-1.0,0.0,0.0,1.0,0.0,1.0,0.0,1.0,0.0,1.0,0.0
-1.0,-1.0,-1.0,-1.0,-1.0,-1.0,-1.0,1.0,0.0,0.0,1.0,0.0,0.0,0.0,1.0,1.0,0.0
-0.6962025316455696,-1.0,-1.0,-1.0,-1.0,-1.0,-1.0,1.0,0.0,0.0,1.0,0.0,0.0,0.0,1.0,1.0,0.0
-0.06329113924050633,-0.37393074834497464,0.18334122585521628,0.5889200122291471,-1.0,-0.7205107241502491,0.47022018960774714,1.0,0.0,0.0,1.0,0.0,1.0,0.0,0.0,1.0,0.0
-0.5443037974683544,0.6665021693721456,-0.6521778432041954,-0.164650628997688,-1.0,-0.5357783611674942,0.5243590837941694,0.0,0.0,1.0,1.0,0.0,1.0,0.0,0.0,1.0,0.0
-0.2405063291139241,-1.0,-1.0,-1.0,-1.0,-1.0,-1.0,0.0,0.0,1.0,0.0,1.0,1.0,0.0,0.0,1.0,0.0
-0.31645569620253167,-1.0,-1.0,0.42046729902227664,-1.0,-1.0,0.27459701781593626,1.0,0.0,0.0,1.0,0.0,0.0,0.0,1.0,1.0,0.0
-0.2405063291139241,0.34271442654853956,-1.0,0.11025376114633412,0.06853183468750279,0.24300308774121904,0.39253782207802046,0.0,0.0,1.0,1.0,0.0,0.0,0.0,1.0,1.0,0.0
0.26582278481012667,0.36638655690884536,-1.0,-0.270420583399818,0.3251699362322904,0.22204363833457297,0.4403630842504507,0.0,0.0,1.0,1.0,0.0,0.0,0.0,1.0,1.0,0.0
0.240506329113924,-0.7102824304755853,0.36103958858259344,-0.7665905942836959,0.7293158100335826,0.5288501624177548,0.7326399628313349,0.0,1.0,0.0,1.0,0.0,1.0,0.0,0.0,1.0,0.0
-0.49367088607594933,-1.0,-0.5176218654293654,-1.0,-0.017695141726769226,0.4098540595202358,0.3572921160037634,1.0,0.0,0.0,1.0,0.0,1.0,0.0,0.0,1.0,0.0
-0.08860759493670889,-0.5187895331071819,0.07028466195705052,-1.0,0.23387884518487034,-0.4287989852180887,0.263321918892786,1.0,0.0,0.0,1.0,0.0,0.0,0.0,1.0,1.0,0.0
-1.0,-1.0,-1.0,-1.0,-1.0,-1.0,-1.0,1.0,0.0,0.0,0.0,1.0,0.0,0.0,1.0,1.0,0.0
0.6455696202531644,-1.0,0.277992740681422,0.21393051243993866,-0.0727184083180884,0.5899041661642281,0.5707512915313606,0.0,1.0,0.0,1.0,0.0,0.0,0.0,1.0,1.0,0.0
0.03797468354430378,0.6803492776667504,-0.7308880444503403,-1.0,-0.3080442249399358,-0.33552996763665077,0.5364860903541055,0.0,1.0,0.0,1.0,0.0,0.0,0.0,1.0,1.0,0.0
-0.08860759493670889,-1.0,0.06792207812730178,-1.0,0.7170928686200426,0.5608496021183547,0.7128241434493352,0.0,1.0,0.0,1.0,0.0,0.0,0.0,1.0,1.0,0.0
-0.3417721518987342,-1.0,-1.0,-1.0,-1.0,-1.0,-1.0,0.0,1.0,0.0,0.0,1.0,0.0,0.0,1.0,1.0,0.0
-0.8481012658227848,-1.0,-1.0,-1.0,-1.0,-1.0,-1.0,1.0,0.0,0.0,0.0,1.0,0.0,1.0,0.0,1.0,0.0
-0.5189873417721519,-1.0,-1.0,-1.0,-1.0,-1.0,-1.0,1.0,0.0,0.0,1.0,0.0,0.0,0.0,1.0,1.0,0.0
0.21518987341772156,-1.0,-1.0,-1.0,-1.0,-1.0,-1.0,0.0,0.0,1.0,0.0,1.0,0.0,0.0,1.0,1.0,0.0
-0.9746835443037974,-1.0,-1.0,-1.0,-1.0,-1.0,-1.0,1.0,0.0,0.0,0.0,1.0,0.0,1.0,0.0,1.0,0.0
-0.36708860759493667,-1.0,-1.0,-1.0,-1.0,-1.0,-1.0,0.0,0.0,1.0,0.0,1.0,0.0,0.0,1.0,1.0,0.0
-0.2911392405063291,-1.0,0.30004999898914586,-1.0,0.5219123702413655,-0.1350052082008103,0.5215126822479537,0.0,1.0,0.0,1.0,0.0,1.0,0.0,0.0,1.0,0.0
-0.7974683544303798,-1.0,-1.0,-1.0,-1.0,-1.0,-1.0,1.0,0.0,0.0,0.0,1.0,0.0,1.0,0.0,1.0,0.0
-0.5949367088607596,-1.0,-1.0,-1.0,-1.0,-1.0,-1.0,1.0,0.0,0.0,0.0,1.0,0.0,1.0,0.0,1.0,0.0
-1.0,-1.0,-1.0,-1.0,-1.0,-1.0,-1.0,1.0,0.0,0.0,0.0,1.0,0.0,1.0,0.0,1.0,0.0
0.08860759493670889,0.4346642886018304,-1.0,-0.852735061170152,-1.0,-0.2562890853177435,0.3165174390321084,1.0,0.0,0.0,1.0,0.0,0.0,0.0,1.0,1.0,0.0
-0.08860759493670889,-1.0,-1.0,-1.0,-1.0,-1.0,-1.0,0.0,1.0,0.0,0.0,1.0,1.0,0.0,0.0,1.0,0.0
-0.2911392405063291,0.5837342698257868,-0.26540084045943624,-1.0,-1.0,-0.5807660862253737,0.4495171527530166,1.0,0.0,0.0,1.0,0.0,0.0,0.0,1.0,1.0,0.0
-0.3417721518987342,-1.0,-1.0,0.5318419596587793,-0.6422640538624581,-1.0,0.3752376314040504,1.0,0.0,0.0,1.0,0.0,0.0,0.0,1.0,1.0,0.0
-0.5696202531645569,-1.0,-1.0,-1.0,-1.0,0.34893332569711566,0.2755466619768592,1.0,0.0,0.0,1.0,0.0,0.0,0.0,1.0,1.0,0.0
0.9240506329113924,-1.0,-1.0,-1.0,-1.0,-1.0,-1.0,0.0,0.0,1.0,0.0,1.0,0.0,0.0,1.0,1.0,0.0
-0.26582278481012656,0.16844387791328996,0.40888974274591705,0.1797728917219168,0.34531414471152844,-1.0,0.512230844494419,0.0,1.0,0.0,1.0,0.0,0.0,0.0,1.0,0.0,1.0
-0.5189873417721519,0.34773437287495557,-1.0,0.4292993598297705,0.14209590112450243,-1.0,0.42575102610902915,0.0,0.0,1.0,1.0,0.0,0.0,0.0,1.0,1.0,0.0
-0.31645569620253167,-1.0,0.2680779097045094,-1.0,-0.0765953501931399,-0.5357783611674942,0.273642619471695,1.0,0.0,0.0,1.0,0.0,0.0,0.0,1.0,1.0,0.0
-0.5189873417721519,-1.0,0.29421126587165514,-1.0,-1.0,-0.3960337232426189,0.2755466619768592,1.0,0.0,0.0,1.0,0.0,0.0,0.0,1.0,1.0,0.0
-0.26582278481012656,-1.0,-1.0,-1.0,-1.0,-1.0,-1.0,0.0,1.0,0.0,0.0,1.0,0.0,0.0,1.0,1.0,0.0
0.3924050632911391,-0.03967945625997338,-0.2525968659253459,-1.0,0.32013520571225973,-1.0,0.29425412914828364,1.0,0.0,0.0,1.0,0.0,0.0,1.0,0.0,1.0,0.0
-0.2911392405063291,-1.0,-0.42841595991199644,-1.0,-1.0,0.31342403417860987,0.24698634871665126,1.0,0.0,0.0,1.0,0.0,0.0,1.0,0.0,1.0,0.0
-0.4683544303797469,-1.0,-1.0,-1.0,-1.0,-1.0,-1.0,1.0,0.0,0.0,0.0,1.0,1.0,0.0,0.0,1.0,0.0
0.21518987341772156,-1.0,-1.0,-1.0,-1.0,-1.0,-1.0,0.0,1.0,0.0,1.0,0.0,0.0,0.0,1.0,1.0,0.0
-0.5189873417721519,-1.0,-1.0,-1.0,-1.0,-1.0,-1.0,0.0,0.0,1.0,1.0,0.0,0.0,0.0,1.0,1.0,0.0
-0.44303797468354433,-1.0,-0.15178861775088115,0.37378674253648714,-1.0,-1.0,0.2545374613846978,1.0,0.0,0.0,1.0,0.0,0.0,1.0,0.0,1.0,0.0
-0.44303797468354433,0.5844812245922857,-0.14220033596201886,-1.0,0.6002440877426758,0.5697543723004084,0.7003850358200354,0.0,1.0,0.0,1.0,0.0,1.0,0.0,0.0,1.0,0.0
-0.21518987341772156,0.4329117663788118,-1.0,-0.3338379252482363,-1.0,-1.0,0.31148500728314255,1.0,0.0,0.0,1.0,0.0,0.0,0.0,1.0,1.0,0.0
0.6455696202531644,-0.17424122981986145,0.6308504584492762,-1.0,-0.3921421186822598,0.2069219804909368,0.6206485096860184,0.0,1.0,0.0,1.0,0.0,0.0,0.0,1.0,1.0,0.0
0.11392405063291133,-1.0,-0.687570694869583,-0.5865750491295142,0.35022109841386495,-0.28905434729321333,0.2985001993479246,1.0,0.0,0.0,1.0,0.0,0.0,0.0,1.0,1.0,0.0
-0.5443037974683544,0.3351266044802801,-1.0,0.342900299267616,-1.0,-1.0,0.3435434126531227,0.0,0.0,1.0,1.0,0.0,0.0,0.0,1.0,1.0,0.0
-1.0,-1.0,-1.0,-1.0,-1.0,-1.0,-1.0,0.0,0.0,1.0,0.0,1.0,1.0,0.0,0.0,1.0,0.0
-0.44303797468354433,-1.0,-1.0,-1.0,-1.0,-1.0,-1.0,0.0,0.0,1.0,0.0,1.0,0.0,0.0,1.0,1.0,0.0
-0.5696202531645569,-1.0,-1.0,-1.0,-1.0,-1.0,-1.0,0.0,0.0,1.0,0.0,1.0,0.0,0.0,1.0,1.0,0.0
-0.9493670886075949,-1.0,-1.0,-1.0,-1.0,-1.0,-1.0,1.0,0.0,0.0,1.0,0.0,0.0,0.0,1.0,1.0,0.0
-0.2911392405063291,0.059335338010751304,-1.0,-1.0,0.22672495880018695,-1.0,0.22699202551254238,0.0,0.0,1.0,1.0,0.0,0.0,0.0,1.0,1.0,0.0
-0.06329113924050633,-1.0,-0.12648235905280358,-0.41094024468060797,-0.3921421186822598,0.2873119943257296,0.2534768707710904,1.0,0.0,0.0,1.0,0.0,1.0,0.0,0.0,1.0,0.0
-0.44303797468354433,0.03717026089947861,0.5460952127192833,0.12883522495451194,-0.7232176899759744,-1.0,0.5400674230574365,0.0,0.0,1.0,1.0,0.0,0.0,0.0,1.0,1.0,0.0
0.16455696202531644,-0.1702604037373845,-1.0,0.5038531050335584,-0.17599189543729488,-1.0,0.3667696985133764,0.0,0.0,1.0,1.0,0.0,0.0,0.0,1.0,1.0,0.0
-0.2911392405063291,-1.0,-1.0,-1.0,-1.0,-1.0,-1.0,0.0,1.0,0.0,0.0,1.0,0.0,0.0,1.0,1.0,0.0
-0.4683544303797469,-1.0,0.2549268387877468,-1.0,-1.0,-1.0,0.2324134525866859,1.0,0.0,0.0,1.0,0.0,1.0,0.0,0.0,1.0,0.0
0.11392405063291133,-1.0,-1.0,-1.0,-1.0,-1.0,-1.0,1.0,0.0,0.0,0.0,1.0,0.0,0.0,1.0,1.0,0.0
-0.4177215189873418,-0.7102824304755853,0.22454851942341492,-0.22716427574925402,-1.0,-0.48288339142554504,0.2198324324030163,1.0,0.0,0.0,1.0,0.0,0.0,1.0,0.0,1.0,0.0
-0.5189873417721519,-1.0,-1.0,-1.0,-1.0,-1.0,-1.0,1.0,0.0,0.0,0.0,1.0,0.0,1.0,0.0,1.0,0.0
-0.9746835443037974,-1.0,-1.0,-1.0,-1.0,-1.0,-1.0,1.0,0.0,0.0,1.0,0.0,0.0,0.0,1.0,1.0,0.0
-0.08860759493670889,-1.0,0.7482775219908626,-0.619325655453848,-1.0,0.8164586771152484,0.8494642807710313,0.0,1.0,0.0,1.0,0.0,1.0,0.0,0.0,1.0,0.0
-0.9240506329113924,-1.0,-1.0,-1.0,-1.0,-1.0,-1.0,1.0,0.0,0.0,0.0,1.0,0.0,0.0,1.0,1.0,0.0
-0.4683544303797469,-1.0,-1.0,-1.0,-1.0,-1.0,-1.0,1.0,0.0,0.0,0.0,1.0,0.0,0.0,1.0,1.0,0.0
-0.26582278481012656,-0.6636483178693894,-1.0,0.28431213855400084,0.2134391560641049,-0.3960337232426189,0.29252886243144127,0.0,0.0,1.0,1.0,0.0,0.0,1.0,0.0,1.0,0.0
-0.4177215189873418,-1.0,-1.0,-1.0,-1.0,-1.0,-1.0,0.0,0.0,1.0,0.0,1.0,0.0,0.0,1.0,1.0,0.0
-0.26582278481012656,-1.0,-1.0,-0.7665905942836959,0.33135333312144577,0.28799081279909844,0.37871530301506473,1.0,0.0,0.0,1.0,0.0,1.0,0.0,0.0,1.0,0.0
0.31645569620253156,-0.7704042582518641,-0.2525968659253459,0.42046729902227664,-1.0,0.3410160629307992,0.4091043607012912,1.0,0.0,0.0,1.0,0.0,0.0,0.0,1.0,1.0,0.0
-0.4177215189873418,-1.0,-1.0,-1.0,-1.0,-1.0,-1.0,1.0,0.0,0.0,0.0,1.0,1.0,0.0,0.0,1.0,0.0
-0.31645569620253167,-1.0,-1.0,-1.0,-1.0,-1.0,-1.0,1.0,0.0,0.0,0.0,1.0,0.0,0.0,1.0,1.0,0.0
-0.3417721518987342,-1.0,-1.0,-1.0,-1.0,-1.0,-1.0,1.0,0.0,0.0,0.0,1.0,0.0,0.0,1.0,1.0,0.0
-0.7721518987341772,-1.0,-1.0,-1.0,-1.0,-1.0,-1.0,0.0,0.0,1.0,0.0,1.0,0.0,0.0,1.0,1.0,0.0
-0.5443037974683544,-1.0,-1.0,-1.0,-1.0,0.3504304283398385,0.27696231702976926,1.0,0.0,0.0,1.0,0.0,0.0,0.0,1.0,1.0,0.0
-0.31645569620253167,-1.0,0.5136354597298884,-1.0,0.35342665725163314,0.22897246100387525,0.5691335407800691,0.0,1.0,0.0,1.0,0.0,1.0,0.0,0.0,1.0,0.0
-0.620253164556962,-1.0,-1.0,-1.0,-1.0,-1.0,-1.0,0.0,1.0,0.0,0.0,1.0,1.0,0.0,0.0,1.0,0.0
-0.5443037974683544,-0.3637342358463982,0.35318072088428787,-1.0,-1.0,0.887572625443523,0.801851659349349,0.0,1.0,0.0,1.0,0.0,0.0,0.0,1.0,1.0,0.0
0.3924050632911391,0.3977795237343804,-1.0,0.07288431211158808,-0.6786656890936953,0.17397785507378538,0.3667696985133764,0.0,0.0,1.0,1.0,0.0,0.0,0.0,1.0,1.0,0.0
0.012658227848101333,-1.0,-1.0,-1.0,-1.0,-1.0,-1.0,0.0,1.0,0.0,0.0,1.0,1.0,0.0,0.0,1.0,0.0
-0.21518987341772156,-1.0,-1.0,-1.0,-1.0,-1.0,-1.0,1.0,0.0,0.0,0.0,1.0,0.0,1.0,0.0,1.0,0.0
-0.9746835443037974,-1.0,-1.0,-1.0,-1.0,-1.0,-1.0,1.0,0.0,0.0,1.0,0.0,0.0,0.0,1.0,1.0,0.0
-0.3924050632911392,0.3657807969183393,-1.0,-1.0,-1.0,-0.4172753404995585,0.250529451019313,1.0,0.0,0.0,1.0,0.0,0.0,0.0,1.0,1.0,0.0
-0.49367088607594933,-1.0,0.5593938457413843,-0.558205183510456,-1.0,-0.14930970936833787,0.5359430401246192,1.0,0.0,0.0,1.0,0.0,1.0,0.0,0.0,1.0,0.0
0.11392405063291133,-1.0,0.3354428506545335,0.3921353216595731,-1.0,-1.0,0.4148923180381019,0.0,0.0,1.0,1.0,0.0,0.0,0.0,1.0,1.0,0.0
-0.4683544303797469,-1.0,-0.48769763572672786,-1.0,0.3138656211375297,0.036605113872856476,0.29765851731362925,1.0,0.0,0.0,1.0,0.0,0.0,0.0,1.0,1.0,0.0
-0.49367088607594933,-1.0,-1.0,-1.0,0.3318600751016938,-0.4287989852180887,0.2755466619768592,1.0,0.0,0.0,1.0,0.0,0.0,0.0,1.0,1.0,0.0
-0.3417721518987342,-1.0,-1.0,-1.0,-1.0,-1.0,-1.0,0.0,1.0,0.0,0.0,1.0,1.0,0.0,0.0,1.0,0.0
-0.16455696202531644,0.4966862585143803,-0.7867338209790253,-1.0,-1.0,-0.8602553620751245,0.3657396036121918,1.0,0.0,0.0,1.0,0.0,0.0,0.0,1.0,1.0,0.0
-0.21518987341772156,-0.05500474272461264,0.2869134862096707,-1.0,-1.0,-0.48288339142554504,0.28814612524886885,1.0,0.0,0.0,1.0,0.0,0.0,0.0,1.0,1.0,0.0
-0.5949367088607596,-1.0,-1.0,-1.0,-1.0,-1.0,-1.0,1.0,0.0,0.0,0.0,1.0,0.0,0.0,1.0,1.0,0.0
-0.5189873417721519,-1.0,-1.0,-1.0,-1.0,-1.0,-1.0,1.0,0.0,0.0,0.0,1.0,0.0,1.0,0.0,1.0,0.0
-0.06329113924050633,-1.0,-1.0,0.3444233050507708,-0.5038728988504453,-1.0,0.21007053864799485,1.0,0.0,0.0,1.0,0.0,0.0,1.0,0.0,1.0,0.0
-0.49367088607594933,-1.0,-1.0,-1.0,-1.0,-1.0,-1.0,1.0,0.0,0.0,0.0,1.0,0.0,1.0,0.0,1.0,0.0
-0.21518987341772156,-0.3540121549940377,-1.0,0.47430276938161287,-1.0,-1.0,0.32674440279051353,0.0,0.0,1.0,1.0,0.0,0.0,0.0,1.0,1.0,0.0
-0.26582278481012656,-1.0,-1.0,-1.0,-1.0,0.3045707450040769,0.23359755994066989,1.0,0.0,0.0,1.0,0.0,0.0,0.0,1.0,1.0,0.0
0.139240506329114,-0.012037163643763504,0.16645029527548583,0.12460705761087176,-1.0,-1.0,0.2534768707710904,1.0,0.0,0.0,1.0,0.0,0.0,0.0,1.0,1.0,0.0
-0.9746835443037974,-1.0,-1.0,-1.0,-1.0,-1.0,-1.0,1.0,0.0,0.0,0.0,1.0,0.0,0.0,1.0,1.0,0.0
-0.1392405063291139,-1.0,-1.0,-1.0,-1.0,-1.0,-1.0,1.0,0.0,0.0,0.0,1.0,0.0,0.0,1.0,1.0,0.0
-0.31645569620253167,-1.0,-1.0,-1.0,-1.0,-1.0,-1.0,1.0,0.0,0.0,0.0,1.0,0.0,0.0,1.0,1.0,0.0
-0.1392405063291139,-1.0,-1.0,-1.0,0.28661097191992635,-1.0,0.22851350741992382,1.0,0.0,0.0,1.0,0.0,0.0,0.0,1.0,1.0,0.0
0.3417721518987342,0.4524300012731972,-1.0,-0.7665905942836959,-0.8616088449879872,-0.499020713362466,0.3274672118880446,0.0,0.0,1.0,1.0,0.0,0.0,0.0,1.0,1.0,0.0
-0.5189873417721519,-1.0,-1.0,-1.0,-1.0,-1.0,-1.0,0.0,0.0,1.0,1.0,0.0,1.0,0.0,0.0,1.0,0.0
-0.03797468354430378,-0.5933299775945341,0.5047415179143695,-1.0,-1.0,-1.0,0.47823779883373563,1.0,0.0,0.0,1.0,0.0,0.0,0.0,1.0,1.0,0.0
0.06329113924050622,-1.0,-1.0,-1.0,-1.0,-1.0,-1.0,1.0,0.0,0.0,0.0,1.0,0.0,0.0,1.0,1.0,0.0
-0.06329113924050633,-1.0,0.4034797417233251,0.035776608085858586,0.4586604932338785,-0.12688563185295887,0.5309226681150478,0.0,1.0,0.0,1.0,0.0,1.0,0.0,0.0,1.0,0.0
0.36708860759493667,-1.0,-1.0,-1.0,-1.0,-1.0,-1.0,0.0,0.0,1.0,0.0,1.0,0.0,0.0,1.0,1.0,0.0
0.5189873417721518,-1.0,-1.0,-1.0,-1.0,-1.0,-1.0,1.0,0.0,0.0,0.0,1.0,0.0,0.0,1.0,1.0,0.0
-0.620253164556962,-1.0,-0.6222536135015577,-1.0,0.3755498478024055,-1.0,0.3145975771764009,1.0,0.0,0.0,1.0,0.0,0.0,0.0,1.0,1.0,0.0
-0.4177215189873418,0.5440648468028226,-1.0,-0.852735061170152,-1.0,-0.7785099892122169,0.4088691470118626,1.0,0.0,0.0,1.0,0.0,0.0,0.0,1.0,1.0,0.0
-0.16455696202531644,0.22837066409780515,-1.0,-1.0,0.09917375609356327,-1.0,0.2201493745726053,1.0,0.0,0.0,1.0,0.0,0.0,0.0,1.0,1.0,0.0
-0.9240506329113924,-1.0,-1.0,-1.0,-1.0,-1.0,-1.0,1.0,0.0,0.0,0.0,1.0,0.0,1.0,0.0,1.0,0.0
-0.11392405063291144,-0.16251925762563446,0.2040563023341242,-0.45505497126441197,0.7587054833687681,0.11637584904897325,0.7011232141189045,0.0,1.0,0.0,1.0,0.0,1.0,0.0,0.0,1.0,0.0
-0.4683544303797469,0.582877325312293,-0.2938599821371666,-1.0,-1.0,-0.3510459981847396,0.44980218745016853,1.0,0.0,0.0,1.0,0.0,1.0,0.0,0.0,1.0,0.0
-0.2405063291139241,0.38545107240341836,-0.687570694869583,-0.270420583399818,-1.0,-1.0,0.27220200301106146,1.0,0.0,0.0,1.0,0.0,0.0,0.0,1.0,1.0,0.0
-0.189873417721519,0.08757000782339697,-1.0,-0.619325655453848,0.47733594807191304,-1.0,0.4311664134654165,0.0,0.0,1.0,1.0,0.0,0.0,0.0,1.0,0.0,1.0
-0.31645569620253167,0.409174735311445,-1.0,-0.658061401139107,-1.0,-0.8602553620751245,0.2865880492117525,0.0,0.0,1.0,1.0,0.0,0.0,0.0,1.0,1.0,0.0
0.012658227848101333,-1.0,-0.8654440222251701,-1.0,0.3556852360093785,-0.11403995684886759,0.311092338408792,1.0,0.0,0.0,1.0,0.0,0.0,0.0,1.0,1.0,0.0
-0.4177215189873418,-1.0,-1.0,0.13298088618437176,0.3027628419509978,-0.3012768103756228,0.3007958454584503,1.0,0.0,0.0,1.0,0.0,0.0,0.0,1.0,1.0,0.0
-0.49367088607594933,-1.0,-1.0,-1.0,-1.0,-1.0,-1.0,0.0,0.0,1.0,0.0,1.0,0.0,0.0,1.0,1.0,0.0
-0.5696202531645569,-1.0,-0.3154514630024463,-1.0,-0.1927796138817054,0.32333166702839544,0.27388166736646213,1.0,0.0,0.0,1.0,0.0,1.0,0.0,0.0,1.0,0.0
-0.3417721518987342,-1.0,-1.0,-1.0,-1.0,-1.0,-1.0,0.0,1.0,0.0,0.0,1.0,0.0,0.0,1.0,1.0,0.0
-0.4177215189873418,-1.0,0.2368779476436571,-1.0,-0.3921421186822598,0.5749633397042508,0.5309846953389878,0.0,1.0,0.0,1.0,0.0,1.0,0.0,0.0,1.0,0.0
-0.31645569620253167,-1.0,-1.0,-1.0,-1.0,-1.0,-1.0,0.0,1.0,0.0,0.0,1.0,0.0,0.0,1.0,1.0,0.0
-0.4683544303797469,0.3503631754660621,-1.0,-1.0,-1.0,-1.0,0.23181862941739362,1.0,0.0,0.0,1.0,0.0,1.0,0.0,0.0,1.0,0.0
-0.03797468354430378,-1.0,-1.0,-1.0,-1.0,-1.0,-1.0,1.0,0.0,0.0,0.0,1.0,1.0,0.0,0.0,1.0,0.0
0.139240506329114,0.40342816625311206,0.49374885341387187,0.265367659991381,-0.40188337906966964,0.41443003662517364,0.6052405218863508,1.0,0.0,0.0,1.0,0.0,1.0,0.0,0.0,1.0,0.0
-0.9240506329113924,-1.0,-1.0,-1.0,-1.0,-1.0,-1.0,1.0,0.0,0.0,0.0,1.0,0.0,1.0,0.0,1.0,0.0
-0.2911392405063291,-0.2692751980081092,-1.0,0.21532827009298727,0.13339928004915436,-0.7785099892122169,0.22881635207629936,1.0,0.0,0.0,1.0,0.0,1.0,0.0,0.0,1.0,0.0
-0.2911392405063291,0.4044389882982464,-1.0,-0.08845586496904323,-0.6114869098077889,-1.0,0.29829012696182167,0.0,0.0,1.0,1.0,0.0,0.0,0.0,1.0,1.0,0.0
-0.3417721518987342,-1.0,-0.534512796009096,-1.0,0.30881786324337357,-0.8602553620751245,0.2526775376457655,1.0,0.0,0.0,1.0,0.0,0.0,0.0,1.0,1.0,0.0
-0.7468354430379747,-1.0,-1.0,-1.0,-1.0,-1.0,-1.0,1.0,0.0,0.0,1.0,0.0,1.0,0.0,0.0,1.0,0.0
-0.6708860759493671,-1.0,-1.0,-1.0,-1.0,-1.0,-1.0,0.0,1.0,0.0,0.0,1.0,0.0,0.0,1.0,1.0,0.0
-1.0,-1.0,-1.0,-1.0,-1.0,-1.0,-1.0,0.0,0.0,1.0,0.0,1.0,0.0,0.0,1.0,1.0,0.0
-0.1392405063291139,-0.4205648609511705,0.588479178132687,-1.0,-1.0,0.2421542069244682,0.5843499723687164,0.0,1.0,0.0,1.0,0.0,0.0,0.0,1.0,1.0,0.0
-0.11392405063291144,0.04435265334481553,0.0175449235613665,-1.0,-0.5212452626117072,0.20179170631692656,0.2576842839378861,1.0,0.0,0.0,1.0,0.0,0.0,0.0,1.0,1.0,0.0
-0.31645569620253167,0.08757000782339697,-1.0,-0.7665905942836959,-1.0,0.310111490865006,0.28524234476922583,1.0,0.0,0.0,1.0,0.0,0.0,0.0,1.0,1.0,0.0
-0.620253164556962,0.35166527968085326,-1.0,-0.18657298641838826,-1.0,-0.5165629810276651,0.2486298129559037,0.0,0.0,1.0,1.0,0.0,0.0,0.0,1.0,1.0,0.0
0.11392405063291133,-1.0,-1.0,-1.0,-1.0,-1.0,-1.0,0.0,1.0,0.0,0.0,1.0,0.0,0.0,1.0,1.0,0.0
-0.5189873417721519,0.3290685846506145,-0.0030221578720291964,-1.0,-0.5848265349639614,-1.0,0.2630692473235283,1.0,0.0,0.0,1.0,0.0,0.0,1.0,0.0,1.0,0.0
0.03797468354430378,-1.0,1.0,-1.0,0.42500212693193906,-0.6076872028904432,0.9720296670796762,0.0,1.0,0.0,1.0,0.0,1.0,0.0,0.0,0.0,1.0
-0.1392405063291139,-1.0,-1.0,-1.0,-1.0,-1.0,-1.0,0.0,1.0,0.0,0.0,1.0,0.0,0.0,1.0,1.0,0.0
-0.06329113924050633,0.24251591641358305,-1.0,-0.7054701223403039,0.2188600202642883,-1.0,0.2818359288675667,0.0,0.0,1.0,1.0,0.0,0.0,1.0,0.0,0.0,1.0
-1.0,-1.0,-1.0,-1.0,-1.0,-1.0,-1.0,1.0,0.0,0.0,0.0,1.0,0.0,0.0,1.0,1.0,0.0
0.36708860759493667,-1.0,-1.0,-1.0,-1.0,-1.0,-1.0,1.0,0.0,0.0,1.0,0.0,0.0,0.0,1.0,1.0,0.0
-0.49367088607594933,-1.0,-1.0,0.35943522250223015,-1.0,-1.0,0.2198324324030163,1.0,0.0,0.0,1.0,0.0,0.0,0.0,1.0,1.0,0.0
0.240506329113924,-1.0,-1.0,-1.0,-1.0,-1.0,-1.0,1.0,0.0,0.0,0.0,1.0,0.0,1.0,0.0,1.0,0.0
-0.3417721518987342,-1.0,-1.0,-1.0,0.07135055773542098,0.4079941856648348,0.3657396036121918,1.0,0.0,0.0,1.0,0.0,0.0,0.0,1.0,1.0,0.0
0.26582278481012667,-1.0,-1.0,-1.0,-1.0,-1.0,-1.0,0.0,0.0,1.0,0.0,1.0,1.0,0.0,0.0,1.0,0.0
-0.4683544303797469,-1.0,-1.0,-1.0,-1.0,-1.0,-1.0,1.0,0.0,0.0,0.0,1.0,0.0,0.0,1.0,1.0,0.0
-0.3417721518987342,-1.0,0.015479763213627873,-1.0,0.25945117246925586,0.7195069758166448,0.6517880927377036,0.0,1.0,0.0,1.0,0.0,1.0,0.0,0.0,0.0,1.0
-0.5443037974683544,-1.0,-1.0,-1.0,-1.0,-1.0,-1.0,1.0,0.0,0.0,0.0,1.0,1.0,0.0,0.0,1.0,0.0
-0.7215189873417722,-1.0,-1.0,-1.0,-1.0,-1.0,-1.0,0.0,0.0,1.0,1.0,0.0,0.0,0.0,1.0,1.0,0.0
-0.5696202531645569,-1.0,-1.0,-1.0,-1.0,-1.0,-1.0,0.0,1.0,0.0,0.0,1.0,1.0,0.0,0.0,1.0,0.0
-0.3924050632911392,-0.7102824304755853,0.1437050742718473,-0.03249061571820899,0.34076815032643104,0.02445632478948534,0.38681166497215247,1.0,0.0,0.0,1.0,0.0,0.0,0.0,1.0,1.0,0.0
0.139240506329114,-0.4988709397562451,0.35875058052435604,0.5501842665438881,-1.0,-1.0,0.4975863092368886,0.0,0.0,1.0,1.0,0.0,0.0,0.0,1.0,1.0,0.0
-0.5949367088607596,-0.7102824304755853,-1.0,-0.23865131090769598,0.0017311923196254853,0.244269744658274,0.23969625836169262,1.0,0.0,0.0,1.0,0.0,0.0,0.0,1.0,1.0,0.0
-0.189873417721519,-1.0,-1.0,-1.0,-1.0,-1.0,-1.0,1.0,0.0,0.0,0.0,1.0,0.0,0.0,1.0,1.0,0.0
-0.5189873417721519,-1.0,-0.3463296171890683,-0.11975623769690613,-0.3573313781873907,0.4980966523406205,0.429061028499063,1.0,0.0,0.0,1.0,0.0,0.0,0.0,1.0,1.0,0.0
-0.31645569620253167,-1.0,-1.0,-1.0,-1.0,-1.0,-1.0,1.0,0.0,0.0,0.0,1.0,0.0,0.0,1.0,1.0,0.0
-0.44303797468354433,-1.0,-1.0,-1.0,-1.0,-1.0,-1.0,0.0,1.0,0.0,0.0,1.0,1.0,0.0,0.0,1.0,0.0
-0.7721518987341772,-1.0,-1.0,-1.0,-1.0,-1.0,-1.0,0.0,0.0,1.0,0.0,1.0,0.0,0.0,1.0,1.0,0.0
0.3417721518987342,-0.7704042582518641,0.29642142153159123,0.28631647791904324,-1.0,0.2069219804909368,0.40875143124949465,1.0,0.0,0.0,1.0,0.0,0.0,0.0,1.0,1.0,0.0
-0.03797468354430378,0.4300321960149798,-1.0,0.2528998572657699,-1.0,-1.0,0.3669164016149582,0.0,0.0,1.0,1.0,0.0,0.0,0.0,1.0,0.0,1.0
-0.49367088607594933,-0.4639587993442762,0.0059046213876674525,0.4899740924282985,-1.0,-1.0,0.3669164016149582,1.0,0.0,0.0,1.0,0.0,0.0,0.0,1.0,1.0,0.0
-0.4683544303797469,0.3272528733995117,0.2368779476436571,0.03250795289206865,-0.45932089796816633,-1.0,0.3667696985133764,0.0,0.0,1.0,1.0,0.0,0.0,0.0,1.0,1.0,0.0
0.16455696202531644,0.49701026951014393,-1.0,-0.13732478708612594,-1.0,-1.0,0.3738286030304876,0.0,0.0,1.0,1.0,0.0,0.0,0.0,1.0,1.0,0.0
-0.2911392405063291,0.28495025367641036,-1.0,-1.0,-1.0,0.15523909193164243,0.26830627263791507,1.0,0.0,0.0,1.0,0.0,0.0,0.0,1.0,1.0,0.0
-0.26582278481012656,-1.0,0.5196041201817356,-1.0,-0.4343312963306818,0.32046785614631745,0.5400674230574365,0.0,1.0,0.0,1.0,0.0,0.0,0.0,1.0,1.0,0.0
-0.31645569620253167,-1.0,0.9071739936121477,-1.0,-0.7806552088744709,0.6658053937167354,0.909263309598977,0.0,1.0,0.0,1.0,0.0,0.0,0.0,1.0,1.0,0.0
-0.7215189873417722,-1.0,-1.0,-1.0,-1.0,-1.0,-1.0,1.0,0.0,0.0,1.0,0.0,0.0,0.0,1.0,1.0,0.0
-0.2405063291139241,-1.0,-1.0,-1.0,-1.0,-1.0,-1.0,1.0,0.0,0.0,0.0,1.0,1.0,0.0,0.0,1.0,0.0
0.11392405063291133,-0.112119510701716,-1.0,-0.385916249737544,0.033450557250103596,0.5428212896504627,0.4812400761748299,1.0,0.0,0.0,1.0,0.0,0.0,0.0,1.0,1.0,0.0
-0.5443037974683544,-1.0,-1.0,-1.0,-1.0,-1.0,-1.0,0.0,0.0,1.0,0.0,1.0,0.0,0.0,1.0,1.0,0.0
-0.6708860759493671,-1.0,-1.0,-1.0,-1.0,-1.0,-1.0,1.0,0.0,0.0,0.0,1.0,0.0,0.0,1.0,1.0,0.0
-0.5443037974683544,-1.0,-1.0,-1.0,-1.0,-1.0,-1.0,0.0,0.0,1.0,1.0,0.0,0.0,0.0,1.0,1.0,0.0
-0.06329113924050633,-0.30361240807011936,-1.0,0.4939524755803508,-1.0,0.4484851525471303,0.48981937029553424,0.0,0.0,1.0,1.0,0.0,0.0,0.0,1.0,1.0,0.0
-0.7215189873417722,-1.0,-1.0,-1.0,-1.0,-1.0,-1.0,0.0,1.0,0.0,1.0,0.0,1.0,0.0,0.0,1.0,0.0
0.1898734177215189,-1.0,-1.0,-1.0,-1.0,-1.0,-1.0,0.0,0.0,1.0,1.0,0.0,0.0,0.0,1.0,1.0,0.0
-0.4683544303797469,-1.0,-1.0,-1.0,-1.0,-1.0,-1.0,0.0,0.0,1.0,0.0,1.0,0.0,0.0,1.0,1.0,0.0
-0.4177215189873418,-1.0,-1.0,0.43924074745316477,-1.0,-1.0,0.2914425878622171,1.0,0.0,0.0,1.0,0.0,0.0,0.0,1.0,1.0,0.0
-0.5949367088607596,0.2521385033100507,-1.0,-0.7054701223403039,-1.0,-0.006621823607412924,0.19942896302384283,1.0,0.0,0.0,1.0,0.0,0.0,1.0,0.0,1.0,0.0
0.2911392405063291,0.07697121021425968,0.13771482153421477,-1.0,-0.4343312963306818,0.3938709553649682,0.39970892040739914,1.0,0.0,0.0,1.0,0.0,0.0,0.0,1.0,1.0,0.0
-1.0,-1.0,-1.0,-1.0,-1.0,-1.0,-1.0,0.0,0.0,1.0,1.0,0.0,0.0,0.0,1.0,1.0,0.0
-0.7468354430379747,-1.0,-1.0,-1.0,-1.0,-1.0,-1.0,1.0,0.0,0.0,0.0,1.0,0.0,0.0,1.0,1.0,0.0
-0.8481012658227848,-1.0,-1.0,-1.0,-1.0,-1.0,-1.0,1.0,0.0,0.0,1.0,0.0,0.0,0.0,1.0,1.0,0.0
-0.2405063291139241,0.2902413476897834,-0.5020837155287093,-0.30779003243456393,0.29131636408336714,0.1388834603944784,0.38681166497215247,1.0,0.0,0.0,1.0,0.0,0.0,0.0,1.0,1.0,0.0
-0.5696202531645569,-1.0,-1.0,-1.0,-1.0,-1.0,-1.0,1.0,0.0,0.0,0.0,1.0,0.0,1.0,0.0,1.0,0.0
-0.5443037974683544,-1.0,-1.0,-1.0,-1.0,-1.0,-1.0,1.0,0.0,0.0,0.0,1.0,0.0,0.0,1.0,1.0,0.0
0.6962025316455696,0.2739483950929513,-1.0,0.5830788636544495,0.10319111965981298,-0.7785099892122169,0.48514466109897203,0.0,0.0,1.0,1.0,0.0,0.0,0.0,1.0,1.0,0.0
-0.3417721518987342,-1.0,-1.0,-1.0,-1.0,-1.0,-1.0,1.0,0.0,0.0,0.0,1.0,0.0,0.0,1.0,1.0,0.0
0.4177215189873418,-1.0,-1.0,-1.0,-1.0,-1.0,-1.0,1.0,0.0,0.0,1.0,0.0,0.0,0.0,1.0,1.0,0.0
-0.5189873417721519,-1.0,-1.0,-1.0,-1.0,-1.0,-1.0,1.0,0.0,0.0,0.0,1.0,0.0,1.0,0.0,1.0,0.0
-0.44303797468354433,-0.335827903965242,-0.10409784370673225,0.5319989292979455,-1.0,-1.0,0.39125144289829605,1.0,0.0,0.0,1.0,0.0,1.0,0.0,0.0,1.0,0.0
0.16455696202531644,0.02668125423082568,-1.0,-1.0,-1.0,0.37781711883075775,0.3287255707214862,1.0,0.0,0.0,1.0,0.0,0.0,0.0,1.0,1.0,0.0
-0.4683544303797469,-0.21887545108419082,0.25792725774364356,-0.7665905942836959,-0.3209297429561534,-1.0,0.25532905008367734,1.0,0.0,0.0,1.0,0.0,0.0,0.0,1.0,1.0,0.0
0.03797468354430378,-0.25109094697931345,0.6921139794035682,-1.0,0.03791233472553901,0.02445632478948534,0.6731238122279717,0.0,1.0,0.0,1.0,0.0,1.0,0.0,0.0,1.0,0.0
0.16455696202531644,0.2677380371925622,-1.0,0.2390324023048458,-0.20730647247606515,-0.16793299247135696,0.2933934474557045,1.0,0.0,0.0,1.0,0.0,0.0,0.0,1.0,1.0,0.0
-0.5443037974683544,-1.0,-0.01723263997605118,-1.0,0.17127691348932084,-0.1712112581347347,0.20973637437120352,1.0,0.0,0.0,1.0,0.0,0.0,0.0,1.0,1.0,0.0
-0.6962025316455696,-1.0,-1.0,-1.0,-1.0,-1.0,-1.0,1.0,0.0,0.0,1.0,0.0,0.0,0.0,1.0,1.0,0.0
-0.9240506329113924,-1.0,-1.0,-1.0,-1.0,-1.0,-1.0,0.0,0.0,1.0,1.0,0.0,1.0,0.0,0.0,1.0,0.0
-0.11392405063291144,-0.6636483178693894,-0.22564548516224592,-1.0,-1.0,0.35871021805654024,0.2972362786668288,1.0,0.0,0.0,1.0,0.0,0.0,0.0,1.0,1.0,0.0
0.03797468354430378,-0.6636483178693894,0.6380410301903978,-1.0,0.10398498246729493,0.08182850102200478,0.6270495171995241,0.0,1.0,0.0,1.0,0.0,0.0,0.0,1.0,1.0,0.0
-0.31645569620253167,0.40519390922896803,-1.0,-1.0,0.3509123497669291,-0.3861971921026601,0.4201772990881891,0.0,0.0,1.0,1.0,0.0,0.0,0.0,1.0,1.0,0.0
-0.5443037974683544,0.2652994208366768,0.29272372417234216,-1.0,-1.0,-0.1295559873969565,0.3638116768553854,1.0,0.0,0.0,1.0,0.0,1.0,0.0,0.0,1.0,0.0
-0.3924050632911392,-1.0,0.1923122127839525,0.22685196445209765,-1.0,-0.09057059431598824,0.29166033850964634,1.0,0.0,0.0,1.0,0.0,0.0,0.0,1.0,1.0,0.0
-0.31645569620253167,-0.7102824304755853,-1.0,-0.4905470142953362,-0.6786656890936953,0.3613177768717557,0.2910063389965696,1.0,0.0,0.0,1.0,0.0,0.0,0.0,1.0,1.0,0.0
-0.08860759493670889,-1.0,0.2365458290992457,0.5913072103434134,-0.40188337906966964,0.3946709917169031,0.5502565342638008,0.0,1.0,0.0,1.0,0.0,0.0,0.0,1.0,1.0,0.0
-0.2405063291139241,-1.0,-0.6222536135015577,0.3667321397571246,-1.0,0.22437980463819995,0.3281872908219512,1.0,0.0,0.0,1.0,0.0,0.0,0.0,1.0,1.0,0.0
-0.44303797468354433,-1.0,-1.0,0.4558164717102764,-1.0,-0.6755229990923698,0.3071205140999236,1.0,0.0,0.0,1.0,0.0,0.0,0.0,1.0,1.0,0.0
-0.31645569620253167,-1.0,0.044363115131003106,0.11699903869539208,0.8763489522080321,-0.1745437124548359,0.798847480023658,0.0,1.0,0.0,1.0,0.0,0.0,0.0,1.0,1.0,0.0
0.3417721518987342,-1.0,-1.0,-1.0,-1.0,-1.0,-1.0,0.0,1.0,0.0,0.0,1.0,0.0,0.0,1.0,1.0,0.0
-0.3924050632911392,-0.10915510567366649,-0.013581311479284097,0.2390324023048458,-1.0,0.17338049494453656,0.29829012696182167,1.0,0.0,0.0,1.0,0.0,0.0,0.0,1.0,1.0,0.0
-0.2911392405063291,-1.0,0.23787090756751916,-0.25713760857903223,-0.6114869098077889,0.4690991095726622,0.4570673422865079,0.0,1.0,0.0,1.0,0.0,0.0,0.0,1.0,1.0,0.0
0.3924050632911391,-0.21395788183585684,-0.687570694869583,0.5091604183999863,-1.0,-0.7205107241502491,0.36171340929347484,1.0,0.0,0.0,1.0,0.0,0.0,0.0,1.0,1.0,0.0
-0.2911392405063291,-1.0,-1.0,-1.0,-1.0,-1.0,-1.0,0.0,0.0,1.0,0.0,1.0,0.0,0.0,1.0,1.0,0.0
-0.5443037974683544,0.2113010133131934,-1.0,-1.0,-0.3573313781873907,0.15654400843627347,0.23826178454250058,1.0,0.0,0.0,1.0,0.0,0.0,1.0,0.0,1.0,0.0
-0.3417721518987342,-1.0,-1.0,-1.0,-1.0,-1.0,-1.0,1.0,0.0,0.0,0.0,1.0,0.0,1.0,0.0,1.0,0.0
-0.49367088607594933,-1.0,-1.0,-1.0,-1.0,-1.0,-1.0,1.0,0.0,0.0,0.0,1.0,0.0,1.0,0.0,1.0,0.0
-0.5949367088607596,-1.0,-0.40898743448058295,-1.0,0.13946013699641102,0.31550402650097786,0.3172800027332523,1.0,0.0,0.0,1.0,0.0,0.0,0.0,1.0,1.0,0.0
0.5189873417721518,-1.0,-1.0,-1.0,-1.0,-1.0,-1.0,1.0,0.0,0.0,0.0,1.0,0.0,0.0,1.0,1.0,0.0
0.06329113924050622,-1.0,0.24016825085158322,-1.0,-1.0,-0.03479907452996045,0.2526775376457655,1.0,0.0,0.0,1.0,0.0,0.0,0.0,1.0,1.0,0.0
-0.49367088607594933,-0.48068668872744935,0.2787965647776125,-1.0,-1.0,-1.0,0.25872178674943225,1.0,0.0,0.0,1.0,0.0,0.0,1.0,0.0,1.0,0.0
-0.620253164556962,-0.13413849409826228,-0.21177363941423843,0.6744233367295465,0.3991111412214958,0.15848568215499204,0.5896657919004604,1.0,0.0,0.0,1.0,0.0,1.0,0.0,0.0,1.0,0.0
-0.06329113924050633,0.31055537550194523,-1.0,0.5673340026897038,-0.17279732755673072,-1.0,0.46625554813951275,0.0,0.0,1.0,1.0,0.0,0.0,0.0,1.0,1.0,0.0
-0.189873417721519,-1.0,0.789372354592834,-1.0,0.024216253291746037,0.17397785507378538,0.766595834337392,0.0,1.0,0.0,1.0,0.0,1.0,0.0,0.0,1.0,0.0
-0.2911392405063291,-1.0,-1.0,-1.0,-1.0,-1.0,-1.0,0.0,0.0,1.0,0.0,1.0,0.0,0.0,1.0,1.0,0.0
-0.44303797468354433,-1.0,-1.0,-1.0,-1.0,-1.0,-1.0,1.0,0.0,0.0,0.0,1.0,0.0,0.0,1.0,1.0,0.0
-0.4683544303797469,-1.0,-1.0,-1.0,-1.0,-1.0,-1.0,1.0,0.0,0.0,1.0,0.0,0.0,0.0,1.0,1.0,0.0
-0.16455696202531644,-1.0,-1.0,0.37997370775709216,-1.0,-0.08189790679507947,0.26357425601910145,1.0,0.0,0.0,1.0,0.0,0.0,0.0,1.0,1.0,0.0
-0.44303797468354433,-1.0,-1.0,-1.0,-1.0,-1.0,-1.0,1.0,0.0,0.0,0.0,1.0,0.0,1.0,0.0,1.0,0.0
-0.16455696202531644,-1.0,-1.0,-1.0,-1.0,-1.0,-1.0,1.0,0.0,0.0,0.0,1.0,0.0,0.0,1.0,1.0,0.0
0.240506329113924,-0.5187895331071819,0.008073618722026277,-1.0,-0.7232176899759744,0.8084932794776605,0.7146787318276153,0.0,1.0,0.0,1.0,0.0,1.0,0.0,0.0,0.0,1.0
-0.44303797468354433,-1.0,-1.0,-1.0,-1.0,-1.0,-1.0,0.0,1.0,0.0,0.0,1.0,0.0,0.0,1.0,1.0,0.0
0.6708860759493671,0.22719657645694413,0.5294065992416155,-1.0,0.41239151559787635,-1.0,0.5893007546015705,0.0,1.0,0.0,1.0,0.0,0.0,0.0,1.0,1.0,0.0
-0.49367088607594933,-1.0,-1.0,-1.0,-1.0,-1.0,-1.0,0.0,0.0,1.0,0.0,1.0,0.0,0.0,1.0,1.0,0.0
-0.3417721518987342,0.4506188359136898,0.0003736705620103198,-0.29977178285108796,-1.0,0.2604394405649355,0.42358463153373926,0.0,0.0,1.0,1.0,0.0,0.0,0.0,1.0,0.0,1.0
-0.26582278481012656,-0.7704042582518641,-0.5734676419580506,-1.0,0.5893282295650237,0.018095895211988955,0.5282362239042984,0.0,1.0,0.0,1.0,0.0,1.0,0.0,0.0,1.0,0.0
0.16455696202531644,-1.0,0.5703565628740606,0.4098625674447507,0.6760740539109695,-1.0,0.7236226105431256,0.0,1.0,0.0,1.0,0.0,0.0,0.0,1.0,1.0,0.0
-0.16455696202531644,0.4450892136179987,-1.0,0.5326256506873497,-0.23558788112085693,-0.6076872028904432,0.48498684596487873,1.0,0.0,0.0,1.0,0.0,1.0,0.0,0.0,1.0,0.0
-0.5189873417721519,-1.0,-1.0,-0.852735061170152,0.29162614883603366,-1.0,0.23359755994066989,1.0,0.0,0.0,1.0,0.0,0.0,0.0,1.0,1.0,0.0
-0.16455696202531644,-1.0,-1.0,-1.0,-1.0,-1.0,-1.0,1.0,0.0,0.0,0.0,1.0,0.0,0.0,1.0,1.0,0.0
-0.8481012658227848,-1.0,-1.0,-1.0,-1.0,-1.0,-1.0,1.0,0.0,0.0,1.0,0.0,1.0,0.0,0.0,1.0,0.0
-0.9240506329113924,-1.0,-1.0,-1.0,-1.0,-1.0,-1.0,1.0,0.0,0.0,0.0,1.0,0.0,1.0,0.0,1.0,0.0
-0.3924050632911392,-1.0,-1.0,-0.2110204317621882,-1.0,0.2814478491248187,0.22453211175517773,1.0,0.0,0.0,1.0,0.0,0.0,1.0,0.0,1.0,0.0
-0.6455696202531646,-1.0,-1.0,-1.0,-1.0,-1.0,-1.0,1.0,0.0,0.0,0.0,1.0,1.0,0.0,0.0,1.0,0.0
-0.26582278481012656,-1.0,-1.0,-1.0,-1.0,-1.0,-1.0,1.0,0.0,0.0,0.0,1.0,0.0,1.0,0.0,1.0,0.0
-0.620253164556962,0.41951202723629843,-0.553014717094753,-1.0,0.42388805976772215,-0.181378566865096,0.4678167634523658,0.0,0.0,1.0,1.0,0.0,0.0,0.0,1.0,1.0,0.0
-0.5696202531645569,-0.2453649161795992,-1.0,0.4705644020173281,-1.0,-1.0,0.3262004918050192,0.0,0.0,1.0,1.0,0.0,0.0,0.0,1.0,1.0,0.0
-0.11392405063291144,0.10198862453447033,-1.0,0.38536071185750154,-1.0,-1.0,0.2910063389965696,1.0,0.0,0.0,1.0,0.0,0.0,0.0,1.0,1.0,0.0
-0.08860759493670889,-1.0,0.8425551791826857,-0.019478893276365206,0.5129218263642703,-0.8602553620751245,0.836976172886255,0.0,1.0,0.0,1.0,0.0,1.0,0.0,0.0,0.0,1.0
-0.5189873417721519,-1.0,0.5975911366143687,-1.0,-1.0,-0.24645255417778467,0.5710028295954261,0.0,1.0,0.0,1.0,0.0,0.0,0.0,1.0,1.0,0.0
0.11392405063291133,0.012372370812063771,0.6409188363986345,-1.0,-1.0,-0.48288339142554504,0.6170104424930454,0.0,1.0,0.0,1.0,0.0,0.0,0.0,1.0,1.0,0.0
-0.5189873417721519,-1.0,-1.0,-1.0,-1.0,-1.0,-1.0,1.0,0.0,0.0,0.0,1.0,0.0,0.0,1.0,1.0,0.0
-0.06329113924050633,-1.0,-1.0,-1.0,-1.0,-1.0,-1.0,0.0,0.0,1.0,0.0,1.0,0.0,0.0,1.0,1.0,0.0
-0.8987341772151899,-1.0,-1.0,-1.0,-1.0,-1.0,-1.0,0.0,0.0,1.0,1.0,0.0,0.0,0.0,1.0,1.0,0.0
-0.26582278481012656,0.4223078823177451,-0.8654440222251701,0.04683641929791582,-1.0,-1.0,0.32455938550630026,0.0,0.0,1.0,1.0,0.0,0.0,0.0,1.0,1.0,0.0
0.06329113924050622,-0.7704042582518641,0.5558330182426423,-1.0,-0.10158495183062433,-0.5165629810276651,0.5341826138397294,0.0,1.0,0.0,1.0,0.0,0.0,0.0,1.0,1.0,0.0
0.4683544303797469,-1.0,-1.0,-1.0,-1.0,-1.0,-1.0,1.0,0.0,0.0,0.0,1.0,1.0,0.0,0.0,1.0,0.0
-0.6455696202531646,-1.0,-1.0,-1.0,-1.0,-1.0,-1.0,1.0,0.0,0.0,0.0,1.0,0.0,0.0,1.0,1.0,0.0
-0.36708860759493667,-1.0,0.34056721346710206,-1.0,-1.0,-1.0,0.3165174390321084,1.0,0.0,0.0,1.0,0.0,0.0,0.0,1.0,1.0,0.0
-0.2911392405063291,-1.0,-1.0,-1.0,0.31135769409738323,-1.0,0.25214278085446273,1.0,0.0,0.0,1.0,0.0,1.0,0.0,0.0,1.0,0.0
-0.44303797468354433,-1.0,-1.0,-1.0,-1.0,-1.0,-1.0,1.0,0.0,0.0,0.0,1.0,0.0,0.0,1.0,1.0,0.0
0.1898734177215189,-0.04180117042686071,0.17209107689369518,0.02918822289859868,-0.34950071834211405,-0.18845328911581682,0.25480168966136607,1.0,0.0,0.0,1.0,0.0,0.0,1.0,0.0,1.0,0.0
-0.5189873417721519,-1.0,-0.687570694869583,-1.0,0.49497271680529686,-0.7205107241502491,0.42821232071516,1.0,0.0,0.0,1.0,0.0,0.0,0.0,1.0,1.0,0.0
-0.44303797468354433,0.15054299919964675,-1.0,-1.0,0.2968202534845745,-0.8602553620751245,0.2985001993479246,1.0,0.0,0.0,1.0,0.0,0.0,0.0,1.0,1.0,0.0
-0.2405063291139241,-0.32729663573877876,0.5233572608982495,-0.023728202862728254,-1.0,0.7312342033162658,0.7143234785952439,0.0,1.0,0.0,1.0,0.0,1.0,0.0,0.0,1.0,0.0
-0.189873417721519,-0.16251925762563446,0.5992401892014112,-1.0,-0.3828541075996944,-0.6387653512873415,0.5745393092295326,0.0,1.0,0.0,1.0,0.0,1.0,0.0,0.0,1.0,0.0
-0.012658227848101333,-1.0,0.8210067874069511,-0.43931011029966616,-0.2634922240576568,-0.7205107241502491,0.7892201905923153,0.0,1.0,0.0,1.0,0.0,0.0,0.0,1.0,1.0,0.0
0.012658227848101333,-1.0,-1.0,-1.0,-1.0,-1.0,-1.0,0.0,0.0,1.0,0.0,1.0,1.0,0.0,0.0,1.0,0.0
-0.3417721518987342,-1.0,-1.0,-1.0,-1.0,-1.0,-1.0,1.0,0.0,0.0,0.0,1.0,0.0,0.0,1.0,1.0,0.0
-0.189873417721519,0.2531808348992184,0.5962408892528923,-0.619325655453848,0.20739554905157642,-0.16470718131487705,0.6084481429895787,0.0,1.0,0.0,1.0,0.0,0.0,0.0,1.0,1.0,0.0
-0.44303797468354433,-1.0,-1.0,-1.0,-0.40188337906966964,0.344117799435,0.2755466619768592,1.0,0.0,0.0,1.0,0.0,0.0,0.0,1.0,1.0,0.0
-0.012658227848101333,0.07817574986242226,-1.0,0.3796525309809662,-0.8616088449879872,0.3430891803867153,0.40839784721410477,0.0,0.0,1.0,1.0,0.0,0.0,1.0,0.0,1.0,0.0
-1.0,-1.0,-1.0,-1.0,-1.0,-1.0,-1.0,1.0,0.0,0.0,1.0,0.0,0.0,0.0,1.0,1.0,0.0
-0.06329113924050633,-1.0,-1.0,-1.0,-1.0,-1.0,-1.0,0.0,1.0,0.0,0.0,1.0,0.0,0.0,1.0,1.0,0.0
0.4683544303797469,-1.0,0.08606351026654524,-1.0,-0.061519796693389694,0.28799081279909844,0.31148500728314255,1.0,0.0,0.0,1.0,0.0,0.0,0.0,1.0,1.0,0.0
-0.1392405063291139,0.13557753424701602,-1.0,0.06596323116238967,-0.4464353799519486,-0.8602553620751245,0.13981879463805802,1.0,0.0,0.0,1.0,0.0,0.0,0.0,1.0,1.0,0.0
0.06329113924050622,-1.0,-1.0,-1.0,-1.0,-1.0,-1.0,1.0,0.0,0.0,0.0,1.0,0.0,1.0,0.0,1.0,0.0
-0.6455696202531646,-0.5408085165037282,-1.0,-1.0,-1.0,0.04355783376213851,-0.0047878621375624375,1.0,0.0,0.0,1.0,0.0,1.0,0.0,0.0,1.0,0.0
-0.36708860759493667,-1.0,-1.0,0.39424635219810233,-0.8616088449879872,-1.0,0.25133782256733506,1.0,0.0,0.0,1.0,0.0,0.0,1.0,0.0,1.0,0.0
0.11392405063291133,-1.0,0.03331995359130335,0.043734781775552234,0.08224359900928224,0.09103598673393387,0.2714775917362522,1.0,0.0,0.0,1.0,0.0,0.0,0.0,1.0,1.0,0.0
0.5696202531645569,-0.26303631529358906,0.5851972192869466,-1.0,0.19372180958902452,-1.0,0.5785920103673472,0.0,1.0,0.0,1.0,0.0,0.0,0.0,1.0,1.0,0.0
-0.2911392405063291,-0.5933299775945341,0.5781190253241719,0.7591989177934315,0.3767660316626644,-1.0,0.7210312940864838,0.0,1.0,0.0,1.0,0.0,1.0,0.0,0.0,1.0,0.0
-0.4177215189873418,0.24251591641358305,0.29642142153159123,-0.15647814463651522,0.2946978437771306,0.4483322447687539,0.538583368613849,0.0,1.0,0.0,1.0,0.0,0.0,0.0,1.0,1.0,0.0
-0.8481012658227848,-1.0,-1.0,-1.0,-1.0,-1.0,-1.0,1.0,0.0,0.0,1.0,0.0,0.0,0.0,1.0,1.0,0.0
0.012658227848101333,-0.7704042582518641,-0.15676640951065357,-1.0,0.05982873242428055,-1.0,0.07422007144330367,0.0,1.0,0.0,1.0,0.0,0.0,0.0,1.0,1.0,0.0
-0.7215189873417722,-1.0,-1.0,-1.0,-1.0,-1.0,-1.0,1.0,0.0,0.0,1.0,0.0,0.0,0.0,1.0,1.0,0.0
-0.9746835443037974,-1.0,-1.0,-1.0,-1.0,-1.0,-1.0,1.0,0.0,0.0,0.0,1.0,0.0,0.0,1.0,1.0,0.0
-0.31645569620253167,-1.0,-1.0,-1.0,-1.0,-1.0,-1.0,0.0,1.0,0.0,0.0,1.0,1.0,0.0,0.0,1.0,0.0
-0.21518987341772156,0.41715323187506237,-1.0,-1.0,-0.5613104177489419,-1.0,0.2944686937979426,1.0,0.0,0.0,1.0,0.0,0.0,0.0,1.0,1.0,0.0
-0.1392405063291139,-1.0,0.7247631071607783,-1.0,0.1313374073386364,0.5584720073232097,0.7517219913843614,0.0,1.0,0.0,1.0,0.0,1.0,0.0,0.0,1.0,0.0
-0.03797468354430378,-1.0,0.26976594853129576,-1.0,0.6342561916625578,-1.0,0.5940816796584498,0.0,1.0,0.0,1.0,0.0,1.0,0.0,0.0,1.0,0.0
-0.012658227848101333,-1.0,-0.33974853807377825,0.20607401269065284,-0.47309575479577604,0.2639055814596196,0.28836767166671073,1.0,0.0,0.0,1.0,0.0,0.0,0.0,1.0,1.0,0.0
0.11392405063291133,-1.0,-1.0,-0.619325655453848,-0.3143830504493078,0.3420552863458901,0.27743187557035265,1.0,0.0,0.0,1.0,0.0,0.0,0.0,1.0,1.0,0.0
-0.21518987341772156,0.032739274060491264,0.6109877066216411,-0.43931011029966616,0.08833380378817424,0.4192581522309169,0.6433780897841415,0.0,1.0,0.0,1.0,0.0,1.0,0.0,0.0,1.0,0.0
-0.6455696202531646,0.23069923471076614,-1.0,0.626954409114983,-0.8616088449879872,-0.5570199784244338,0.49051079399919906,1.0,0.0,0.0,1.0,0.0,0.0,0.0,1.0,1.0,0.0
-0.189873417721519,-1.0,0.06712811693112553,-1.0,-1.0,0.34179598226368113,0.32067428832202904,1.0,0.0,0.0,1.0,0.0,0.0,0.0,1.0,1.0,0.0
-0.3417721518987342,-0.3959497317415208,-1.0,0.565197382324673,-1.0,-1.0,0.4065009094626113,0.0,0.0,1.0,1.0,0.0,0.0,0.0,1.0,1.0,0.0
0.31645569620253156,-1.0,-1.0,-1.0,-1.0,-1.0,-1.0,0.0,1.0,0.0,0.0,1.0,0.0,0.0,1.0,1.0,0.0
-0.06329113924050633,0.2657894258686748,-1.0,-0.7665905942836959,0.05278722867770669,0.15589260594349064,0.30326905641891844,1.0,0.0,0.0,1.0,0.0,1.0,0.0,0.0,1.0,0.0
-0.8987341772151899,-1.0,-1.0,-1.0,-1.0,-1.0,-1.0,1.0,0.0,0.0,1.0,0.0,1.0,0.0,0.0,1.0,0.0
-0.5189873417721519,-1.0,0.3043166156138828,-0.619325655453848,-0.19631344477175017,-1.0,0.29425412914828364,1.0,0.0,0.0,1.0,0.0,0.0,0.0,1.0,1.0,0.0
0.08860759493670889,-0.8551412152377926,-1.0,0.14004666220565287,-0.5848265349639614,0.32133127886267965,0.3016238192728389,1.0,0.0,0.0,1.0,0.0,0.0,0.0,1.0,1.0,0.0
0.21518987341772156,-1.0,0.454518920077823,-1.0,-1.0,-0.6387653512873415,0.42895514642408483,1.0,0.0,0.0,1.0,0.0,0.0,0.0,1.0,1.0,0.0
-0.620253164556962,-1.0,-1.0,-1.0,-1.0,-1.0,-1.0,0.0,1.0,0.0,0.0,1.0,1.0,0.0,0.0,1.0,0.0
0.3924050632911391,-1.0,-1.0,-1.0,-1.0,-1.0,-1.0,0.0,0.0,1.0,0.0,1.0,0.0,0.0,1.0,1.0,0.0
-0.5949367088607596,-1.0,-1.0,-1.0,-1.0,-1.0,-1.0,1.0,0.0,0.0,0.0,1.0,0.0,1.0,0.0,1.0,0.0
0.8481012658227849,0.08757000782339697,-0.8654440222251701,0.43082054816805226,0.5714039345854802,0.5273052591023741,0.6449877484157818,0.0,1.0,0.0,1.0,0.0,1.0,0.0,0.0,1.0,0.0
-0.012658227848101333,-1.0,-0.17526833059631064,-0.27738705659295493,0.20833732548192763,-0.4063749077027098,0.19978167481936238,1.0,0.0,0.0,1.0,0.0,0.0,1.0,0.0,1.0,0.0
-0.7215189873417722,-1.0,-1.0,-1.0,-1.0,-1.0,-1.0,1.0,0.0,0.0,1.0,0.0,0.0,0.0,1.0,1.0,0.0
-0.3924050632911392,-0.15505464089648102,-0.3913276979777265,0.20166295327009975,0.4539113952854823,-1.0,0.4307471924694395,1.0,0.0,0.0,1.0,0.0,0.0,0.0,1.0,1.0,0.0
-0.9493670886075949,-1.0,-1.0,-1.0,-1.0,-1.0,-1.0,1.0,0.0,0.0,0.0,1.0,0.0,1.0,0.0,1.0,0.0
-0.08860759493670889,-1.0,0.392334310891409,-1.0,0.5242430142128369,0.8603643800380794,0.8136838712838443,0.0,1.0,0.0,1.0,0.0,1.0,0.0,0.0,1.0,0.0
-0.49367088607594933,0.26033512446676066,0.1984753730255413,-1.0,0.38313011572517763,0.10494556339491501,0.4630942301167491,1.0,0.0,0.0,1.0,0.0,0.0,0.0,1.0,1.0,0.0
-0.8987341772151899,-1.0,-1.0,-1.0,-1.0,-1.0,-1.0,1.0,0.0,0.0,1.0,0.0,1.0,0.0,0.0,1.0,0.0
-0.1392405063291139,-0.2343630575961404,-1.0,0.36154575373487896,-1.0,0.2104370440587624,0.3260188427478288,0.0,0.0,1.0,1.0,0.0,0.0,0.0,1.0,0.0,1.0
-0.2911392405063291,-1.0,-1.0,-1.0,-1.0,-1.0,-1.0,0.0,0.0,1.0,0.0,1.0,0.0,0.0,1.0,1.0,0.0
0.139240506329114,-1.0,-0.24058541196433603,-1.0,0.6950458786151796,0.6672049211764679,0.7318415344945817,0.0,1.0,0.0,1.0,0.0,0.0,1.0,0.0,0.0,1.0
-0.7974683544303798,-1.0,-1.0,-1.0,-1.0,-1.0,-1.0,1.0,0.0,0.0,1.0,0.0,1.0,0.0,0.0,1.0,0.0
-0.3417721518987342,-1.0,-1.0,-1.0,-1.0,-1.0,-1.0,0.0,0.0,1.0,0.0,1.0,0.0,0.0,1.0,1.0,0.0
-0.31645569620253167,-1.0,-1.0,-1.0,-1.0,-1.0,-1.0,1.0,0.0,0.0,0.0,1.0,0.0,0.0,1.0,1.0,0.0
-0.5189873417721519,-1.0,0.3819296296897112,-1.0,0.513228125938084,-1.0,0.5381060208311863,0.0,1.0,0.0,1.0,0.0,0.0,0.0,1.0,1.0,0.0
-0.012658227848101333,-1.0,-0.7867338209790253,-1.0,-0.15176144388947121,0.3567924019671169,0.2985001993479246,1.0,0.0,0.0,1.0,0.0,0.0,0.0,1.0,1.0,0.0
-0.9746835443037974,-1.0,-1.0,-1.0,-1.0,-1.0,-1.0,0.0,0.0,1.0,1.0,0.0,0.0,0.0,1.0,1.0,0.0
0.5189873417721518,-1.0,0.33323345726512144,-0.182003812532737,0.3478994881501283,0.9647534260190853,0.8775756152481002,0.0,1.0,0.0,1.0,0.0,0.0,0.0,1.0,1.0,0.0
-0.08860759493670889,-1.0,-1.0,-1.0,-1.0,-1.0,-1.0,0.0,0.0,1.0,0.0,1.0,0.0,0.0,1.0,1.0,0.0
-0.21518987341772156,0.5882810938270158,-1.0,-1.0,-1.0,-1.0,0.4488504097812791,0.0,0.0,1.0,1.0,0.0,1.0,0.0,0.0,1.0,0.0
-1.0,-1.0,-1.0,-1.0,-1.0,-1.0,-1.0,1.0,0.0,0.0,1.0,0.0,0.0,0.0,1.0,1.0,0.0
0.06329113924050622,0.47980969604138246,-0.2839027615450932,-0.7054701223403039,-0.7232176899759744,-1.0,0.35698338610455416,1.0,0.0,0.0,1.0,0.0,0.0,1.0,0.0,1.0,0.0
-0.26582278481012656,-1.0,0.6994473213424164,-1.0,0.4415926413716824,-0.09279833959192818,0.7083519261729181,0.0,1.0,0.0,1.0,0.0,0.0,0.0,1.0,1.0,0.0
0.4683544303797469,-1.0,0.34346318823704736,-1.0,0.4019813611173402,-0.3861971921026601,0.4630942301167491,0.0,1.0,0.0,1.0,0.0,0.0,0.0,1.0,1.0,0.0
-1.0,-1.0,-1.0,-1.0,-1.0,-1.0,-1.0,1.0,0.0,0.0,1.0,0.0,0.0,0.0,1.0,1.0,0.0
-0.5696202531645569,-1.0,-1.0,-1.0,-1.0,-1.0,-1.0,0.0,1.0,0.0,0.0,1.0,1.0,0.0,0.0,1.0,0.0
-1.0,-1.0,-1.0,-1.0,-1.0,-1.0,-1.0,1.0,0.0,0.0,0.0,1.0,1.0,0.0,0.0,1.0,0.0
-0.5696202531645569,0.25983214696667956,-1.0,0.04989342739107472,-0.32769839905788767,0.04011144392268706,0.263321918892786,1.0,0.0,0.0,1.0,0.0,0.0,1.0,0.0,1.0,0.0
0.2911392405063291,0.414767509044599,-0.3463296171890683,0.19639822803278983,0.006951260456996788,0.44384670647737856,0.5004465229845894,0.0,0.0,1.0,1.0,0.0,0.0,0.0,1.0,1.0,0.0
-0.189873417721519,-1.0,-1.0,-1.0,-1.0,-1.0,-1.0,0.0,0.0,1.0,0.0,1.0,0.0,0.0,1.0,1.0,0.0
-0.49367088607594933,-1.0,-1.0,-0.5331811885673919,-0.8616088449879872,0.42534951878152283,0.3492589786260776,1.0,0.0,0.0,1.0,0.0,0.0,1.0,0.0,1.0,0.0
-0.2911392405063291,-1.0,0.5856930643633236,-0.852735061170152,0.5938073320444217,0.5549874326788353,0.7291849338957006,0.0,1.0,0.0,1.0,0.0,0.0,0.0,1.0,1.0,0.0
-0.21518987341772156,0.42529510377143054,-1.0,0.5256278852934126,0.181206617716146,-1.0,0.49898510784718453,0.0,0.0,1.0,1.0,0.0,0.0,0.0,1.0,1.0,0.0
-0.4177215189873418,-1.0,-1.0,-1.0,-1.0,-1.0,-1.0,1.0,0.0,0.0,0.0,1.0,0.0,1.0,0.0,1.0,0.0
-0.06329113924050633,-1.0,-1.0,-1.0,-1.0,-1.0,-1.0,1.0,0.0,0.0,0.0,1.0,0.0,0.0,1.0,1.0,0.0
-0.5443037974683544,-1.0,-1.0,-1.0,-1.0,-1.0,-1.0,0.0,0.0,1.0,0.0,1.0,0.0,0.0,1.0,1.0,0.0
-0.8481012658227848,-1.0,-1.0,-1.0,-1.0,-1.0,-1.0,0.0,1.0,0.0,1.0,0.0,0.0,0.0,1.0,1.0,0.0
-0.49367088607594933,-1.0,-1.0,-1.0,-1.0,-1.0,-1.0,0.0,0.0,1.0,0.0,1.0,0.0,0.0,1.0,1.0,0.0
-0.11392405063291144,-1.0,-1.0,-1.0,-1.0,-1.0,-1.0,1.0,0.0,0.0,1.0,0.0,0.0,0.0,1.0,1.0,0.0
-0.16455696202531644,-0.4484711928323267,-1.0,0.4643995938110681,-1.0,-1.0,0.3165174390321084,1.0,0.0,0.0,1.0,0.0,0.0,0.0,1.0,1.0,0.0
-0.5189873417721519,-1.0,-1.0,-1.0,-1.0,-1.0,-1.0,0.0,0.0,1.0,0.0,1.0,0.0,0.0,1.0,1.0,0.0
-0.21518987341772156,0.39009238642262245,-1.0,-1.0,-1.0,-0.8602553620751245,0.26830627263791507,1.0,0.0,0.0,1.0,0.0,0.0,0.0,1.0,1.0,0.0
-0.2911392405063291,-1.0,-1.0,-1.0,-1.0,-1.0,-1.0,1.0,0.0,0.0,0.0,1.0,0.0,1.0,0.0,1.0,0.0
0.36708860759493667,-0.0012250776503305305,-1.0,-1.0,0.29921855539165465,-1.0,0.2714775917362522,1.0,0.0,0.0,1.0,0.0,0.0,0.0,1.0,1.0,0.0
-0.3417721518987342,-1.0,0.43686948298296224,-1.0,0.231383109774993,0.09371818455795045,0.47905389884328065,0.0,1.0,0.0,1.0,0.0,0.0,0.0,1.0,1.0,0.0
0.139240506329114,0.5413329510333997,-1.0,-1.0,-1.0,-0.46794256496556785,0.4075702585050258,1.0,0.0,0.0,1.0,0.0,0.0,0.0,1.0,1.0,0.0
0.5443037974683544,-1.0,-1.0,-1.0,-1.0,-1.0,-1.0,1.0,0.0,0.0,0.0,1.0,0.0,0.0,1.0,1.0,0.0
-0.49367088607594933,0.322456843584906,-1.0,-0.058635765753514146,-0.05614755600273069,-1.0,0.263321918892786,1.0,0.0,0.0,1.0,0.0,0.0,0.0,1.0,1.0,0.0
-0.3924050632911392,0.17534683004776563,-1.0,-1.0,-1.0,0.24884723305161915,0.26607942572233956,1.0,0.0,0.0,1.0,0.0,0.0,0.0,1.0,1.0,0.0
-0.31645569620253167,-1.0,-1.0,-1.0,-1.0,-1.0,-1.0,0.0,1.0,0.0,0.0,1.0,0.0,0.0,1.0,1.0,0.0
-0.06329113924050633,-1.0,0.5647381649579988,-1.0,-0.09719672610884411,-0.6076872028904432,0.5424181392913772,0.0,1.0,0.0,1.0,0.0,1.0,0.0,0.0,1.0,0.0
-0.3417721518987342,-1.0,-1.0,-1.0,-1.0,-1.0,-1.0,1.0,0.0,0.0,0.0,1.0,0.0,0.0,1.0,1.0,0.0
-0.6455696202531646,-1.0,-1.0,-1.0,-1.0,-1.0,-1.0,0.0,1.0,0.0,0.0,1.0,1.0,0.0,0.0,1.0,0.0
-0.9746835443037974,-1.0,-1.0,-1.0,-1.0,-1.0,-1.0,1.0,0.0,0.0,0.0,1.0,0.0,0.0,1.0,1.0,0.0
-0.3924050632911392,0.20088205582245466,0.05396217465863806,-0.164650628997688,-1.0,-1.0,0.21631084212100937,1.0,0.0,0.0,1.0,0.0,0.0,1.0,0.0,1.0,0.0
-0.189873417721519,-1.0,-1.0,-1.0,-1.0,-1.0,-1.0,0.0,1.0,0.0,1.0,0.0,0.0,0.0,1.0,1.0,0.0
-0.44303797468354433,-1.0,0.2858850162974633,-0.37442921457910205,-1.0,-0.4063749077027098,0.2717193681429104,1.0,0.0,0.0,1.0,0.0,0.0,0.0,1.0,1.0,0.0
-0.06329113924050633,-0.296278776647921,-0.3675277377538795,-0.29977178285108796,0.33636379011573037,-0.7205107241502491,0.2944686937979426,1.0,0.0,0.0,1.0,0.0,0.0,0.0,1.0,1.0,0.0
-0.189873417721519,-1.0,-0.09655812935016594,-0.7665905942836959,-1.0,0.3481805847002313,0.2985001993479246,1.0,0.0,0.0,1.0,0.0,0.0,0.0,1.0,1.0,0.0
-1.0,-1.0,-1.0,-1.0,-1.0,-1.0,-1.0,1.0,0.0,0.0,1.0,0.0,0.0,0.0,1.0,1.0,0.0
0.4177215189873418,-1.0,-1.0,-1.0,-1.0,-1.0,-1.0,0.0,1.0,0.0,0.0,1.0,1.0,0.0,0.0,1.0,0.0
-0.8227848101265822,-1.0,-1.0,-1.0,-1.0,-1.0,-1.0,1.0,0.0,0.0,1.0,0.0,0.0,0.0,1.0,1.0,0.0
-0.03797468354430378,0.4805115843599319,-0.6521778432041954,0.6000276572922256,0.6698400195454142,-1.0,0.6971441692461293,0.0,0.0,1.0,1.0,0.0,0.0,0.0,1.0,1.0,0.0
0.3417721518987342,0.11244015481991432,-0.03659651153780541,0.26259762861490277,-0.2685470822285979,-0.8602553620751245,0.26607942572233956,0.0,0.0,1.0,1.0,0.0,0.0,0.0,1.0,1.0,0.0
-0.5443037974683544,-1.0,-1.0,-1.0,-1.0,-1.0,-1.0,1.0,0.0,0.0,0.0,1.0,0.0,1.0,0.0,1.0,0.0
-0.2911392405063291,-1.0,-0.7308880444503403,0.4468719479297134,-1.0,-1.0,0.29891965093869466,1.0,0.0,0.0,1.0,0.0,0.0,0.0,1.0,1.0,0.0
-0.3924050632911392,-0.4340525761212535,0.27254713137258535,-1.0,-1.0,-1.0,0.2534768707710904,1.0,0.0,0.0,1.0,0.0,0.0,0.0,1.0,1.0,0.0
-0.6708860759493671,0.6758576865691934,-0.534512796009096,-0.19601713663564024,-1.0,-1.0,0.5320360820780252,0.0,0.0,1.0,1.0,0.0,0.0,0.0,1.0,1.0,0.0
-0.5189873417721519,-0.1824378509765714,0.2663750633305195,-1.0,-1.0,-0.22377599210075905,0.2685521020350963,1.0,0.0,0.0,1.0,0.0,0.0,0.0,1.0,1.0,0.0
-0.8734177215189873,-1.0,-1.0,-1.0,-1.0,-1.0,-1.0,0.0,0.0,1.0,1.0,0.0,0.0,0.0,1.0,1.0,0.0
-0.1392405063291139,0.5349511711848298,0.20088687287970353,-0.025885159429180238,-0.18253858794414057,-1.0,0.46625554813951275,0.0,0.0,1.0,1.0,0.0,0.0,0.0,1.0,1.0,0.0
-0.189873417721519,-1.0,-1.0,-1.0,-1.0,-1.0,-1.0,0.0,0.0,1.0,1.0,0.0,0.0,0.0,1.0,1.0,0.0
-0.44303797468354433,-1.0,-1.0,-1.0,-1.0,-1.0,-1.0,1.0,0.0,0.0,0.0,1.0,0.0,0.0,1.0,1.0,0.0
-0.5189873417721519,-1.0,-1.0,-1.0,-1.0,-1.0,-1.0,0.0,0.0,1.0,0.0,1.0,0.0,0.0,1.0,1.0,0.0
0.08860759493670889,-1.0,-1.0,-1.0,-1.0,-1.0,-1.0,0.0,1.0,0.0,0.0,1.0,0.0,0.0,1.0,1.0,0.0
-0.26582278481012656,-1.0,-1.0,-1.0,-1.0,-1.0,-1.0,0.0,0.0,1.0,0.0,1.0,1.0,0.0,0.0,1.0,0.0
-0.2911392405063291,-1.0,-1.0,-1.0,-1.0,-1.0,-1.0,0.0,1.0,0.0,1.0,0.0,1.0,0.0,0.0,1.0,0.0
-0.012658227848101333,0.1856510956038493,-1.0,-0.05612143585309892,0.11552902018687372,-1.0,0.23211627299244952,1.0,0.0,0.0,1.0,0.0,0.0,0.0,1.0,1.0,0.0
-0.31645569620253167,-1.0,-1.0,-1.0,-1.0,-1.0,-1.0,0.0,1.0,0.0,0.0,1.0,0.0,0.0,1.0,1.0,0.0
-0.2911392405063291,-1.0,0.5736628780620641,-1.0,0.27551610476783406,-0.10196395864476704,0.5809447396067009,0.0,1.0,0.0,1.0,0.0,0.0,0.0,1.0,1.0,0.0
0.06329113924050622,-1.0,-1.0,-1.0,-1.0,-1.0,-1.0,0.0,0.0,1.0,0.0,1.0,0.0,0.0,1.0,1.0,0.0
-0.16455696202531644,-1.0,0.3413437074698593,0.6428067695660653,-1.0,-0.31428835037971126,0.545143694929697,0.0,1.0,0.0,1.0,0.0,1.0,0.0,0.0,1.0,0.0
0.06329113924050622,-1.0,-1.0,-1.0,-1.0,-1.0,-1.0,0.0,0.0,1.0,0.0,1.0,0.0,0.0,1.0,1.0,0.0
-0.03797468354430378,0.418571701463591,-1.0,0.3657049416388025,-1.0,-1.0,0.394831654617823,0.0,0.0,1.0,1.0,0.0,0.0,0.0,1.0,1.0,0.0
-0.3417721518987342,-0.5408085165037282,0.6932238923291887,-1.0,-0.7232176899759744,0.33600525035831574,0.6852361246223913,0.0,1.0,0.0,1.0,0.0,1.0,0.0,0.0,1.0,0.0
-0.4683544303797469,0.3308686565063703,-1.0,-1.0,-0.0009309302268775133,-0.1957853297117753,0.2705074081100842,1.0,0.0,0.0,1.0,0.0,0.0,0.0,1.0,1.0,0.0
-0.44303797468354433,-1.0,-1.0,-1.0,-1.0,-1.0,-1.0,0.0,0.0,1.0,0.0,1.0,0.0,0.0,1.0,1.0,0.0
-0.08860759493670889,-1.0,-1.0,-1.0,-0.29594014131866886,0.2962886463611487,0.23565221369765466,1.0,0.0,0.0,1.0,0.0,1.0,0.0,0.0,1.0,0.0
-0.31645569620253167,-0.112119510701716,0.5462301142131472,-1.0,0.6672625649460739,0.6617599459323702,0.7736538030607218,0.0,1.0,0.0,1.0,0.0,0.0,0.0,1.0,1.0,0.0
-0.3924050632911392,-1.0,-1.0,-0.34328207546548817,-1.0,0.319600719772438,0.2534768707710904,1.0,0.0,0.0,1.0,0.0,0.0,0.0,1.0,1.0,0.0
-0.36708860759493667,-1.0,-1.0,-1.0,-1.0,-1.0,-1.0,1.0,0.0,0.0,0.0,1.0,0.0,1.0,0.0,1.0,0.0
-0.03797468354430378,0.22719657645694413,-0.3098243083711406,-1.0,0.13339928004915436,0.09636516651243432,0.29871004050405636,1.0,0.0,0.0,1.0,0.0,0.0,0.0,1.0,1.0,0.0
-0.7721518987341772,-1.0,-1.0,-1.0,-1.0,-1.0,-1.0,0.0,0.0,1.0,0.0,1.0,0.0,0.0,1.0,1.0,0.0
-0.4683544303797469,0.5953765386664751,-1.0,-0.41094024468060797,-1.0,-0.8602553620751245,0.4567929733193641,0.0,0.0,1.0,1.0,0.0,0.0,0.0,1.0,1.0,0.0
-0.08860759493670889,0.3795716115620096,-1.0,-0.7665905942836959,-1.0,-1.0,0.25898028261425443,1.0,0.0,0.0,1.0,0.0,0.0,1.0,0.0,1.0,0.0
-0.5189873417721519,-1.0,-0.7308880444503403,-1.0,0.3623116041349572,0.5646651101598708,0.5426516245270512,0.0,1.0,0.0,1.0,0.0,0.0,0.0,1.0,1.0,0.0
0.3924050632911391,-1.0,-1.0,-1.0,-1.0,-1.0,-1.0,1.0,0.0,0.0,0.0,1.0,0.0,1.0,0.0,1.0,0.0
-0.620253164556962,-1.0,-1.0,-1.0,-1.0,-1.0,-1.0,0.0,1.0,0.0,0.0,1.0,1.0,0.0,0.0,1.0,0.0
-0.31645569620253167,-1.0,-1.0,-1.0,-1.0,-1.0,-1.0,1.0,0.0,0.0,0.0,1.0,0.0,0.0,1.0,1.0,0.0
-0.4177215189873418,-0.7102824304755853,-1.0,-1.0,0.4825189846882407,-1.0,0.4159157419333861,0.0,0.0,1.0,1.0,0.0,0.0,0.0,1.0,0.0,1.0
-0.5696202531645569,-1.0,-1.0,-1.0,-1.0,-1.0,-1.0,0.0,0.0,1.0,0.0,1.0,0.0,0.0,1.0,1.0,0.0
-0.21518987341772156,0.32357342887903173,-1.0,0.2301256562937144,-1.0,-1.0,0.2944686937979426,1.0,0.0,0.0,1.0,0.0,0.0,0.0,1.0,1.0,0.0
0.21518987341772156,-1.0,-1.0,-1.0,-1.0,-1.0,-1.0,0.0,0.0,1.0,0.0,1.0,0.0,0.0,1.0,1.0,0.0
-0.31645569620253167,-1.0,0.09453568715463834,0.017142821066741032,0.2922442800822116,-0.6387653512873415,0.32638196794542274,1.0,0.0,0.0,1.0,0.0,0.0,0.0,1.0,1.0,0.0
-0.3924050632911392,-1.0,-1.0,-1.0,-1.0,-1.0,-1.0,0.0,0.0,1.0,0.0,1.0,0.0,0.0,1.0,1.0,0.0
-0.620253164556962,-1.0,-0.3913276979777265,0.8750642989628337,-1.0,0.2654271652565978,0.6974034032690739,0.0,1.0,0.0,1.0,0.0,0.0,0.0,1.0,1.0,0.0
-0.3924050632911392,-1.0,0.3797164742964605,-1.0,-0.011949242073952537,-1.0,0.375658317130696,1.0,0.0,0.0,1.0,0.0,0.0,0.0,1.0,1.0,0.0
-0.31645569620253167,-1.0,0.5174264327723095,-1.0,0.6381138706872798,-0.08403135417588359,0.6657138249761809,0.0,1.0,0.0,1.0,0.0,0.0,0.0,1.0,1.0,0.0
-0.49367088607594933,0.23185386223564564,-1.0,-0.26367530585075993,-0.487891873354127,0.24636331379442056,0.2944686937979426,1.0,0.0,0.0,1.0,0.0,0.0,0.0,1.0,1.0,0.0
-0.03797468354430378,-0.06668303489978522,0.36724103581395195,0.41590965706036376,-1.0,-1.0,0.4503709815203385,0.0,0.0,1.0,1.0,0.0,0.0,0.0,1.0,1.0,0.0
-0.31645569620253167,0.5725358562780101,-1.0,0.4382672823047542,-1.0,-0.5807660862253737,0.5083598349267144,0.0,0.0,1.0,1.0,0.0,0.0,0.0,1.0,1.0,0.0
-0.21518987341772156,0.376712646997853,-1.0,0.4059228286503678,-1.0,-1.0,0.3907344509310222,0.0,0.0,1.0,1.0,0.0,1.0,0.0,0.0,1.0,0.0
0.03797468354430378,-0.10623216221710607,-1.0,0.5698436430251317,-0.3080442249399358,-1.0,0.4202881689203908,0.0,0.0,1.0,1.0,0.0,0.0,0.0,1.0,1.0,0.0
-0.4683544303797469,-1.0,0.10528574105382815,-0.7665905942836959,-1.0,0.48023907340782657,0.4333523255347047,1.0,0.0,0.0,1.0,0.0,0.0,0.0,1.0,1.0,0.0
-0.2911392405063291,-1.0,-1.0,-1.0,-1.0,-1.0,-1.0,1.0,0.0,0.0,0.0,1.0,0.0,0.0,1.0,1.0,0.0
-0.44303797468354433,-1.0,-1.0,-1.0,-1.0,-1.0,-1.0,1.0,0.0,0.0,0.0,1.0,0.0,0.0,1.0,1.0,0.0
0.36708860759493667,0.39751910370017707,-0.6521778432041954,-1.0,-1.0,-1.0,0.2760197159940232,1.0,0.0,0.0,1.0,0.0,1.0,0.0,0.0,1.0,0.0
-0.6455696202531646,0.33371690570915824,-0.553014717094753,-1.0,-1.0,0.06100515963320041,0.2724428630192193,1.0,0.0,0.0,1.0,0.0,1.0,0.0,0.0,1.0,0.0
-0.4683544303797469,0.4364022366667817,-1.0,-0.3247957777941519,-0.7232176899759744,-1.0,0.3153678435620455,1.0,0.0,0.0,1.0,0.0,0.0,0.0,1.0,1.0,0.0
0.03797468354430378,0.4719292163776265,-0.5020837155287093,-0.42465199542280296,-0.37397903613286987,-1.0,0.3505416793177798,0.0,0.0,1.0,1.0,0.0,0.0,0.0,1.0,1.0,0.0
0.16455696202531644,-1.0,-1.0,-1.0,-1.0,-1.0,-1.0,0.0,1.0,0.0,0.0,1.0,1.0,0.0,0.0,1.0,0.0
0.08860759493670889,-1.0,-1.0,-1.0,-1.0,-1.0,-1.0,0.0,0.0,1.0,0.0,1.0,0.0,0.0,1.0,1.0,0.0
-0.8481012658227848,-1.0,-1.0,-1.0,-1.0,-1.0,-1.0,1.0,0.0,0.0,0.0,1.0,0.0,0.0,1.0,1.0,0.0
-0.5189873417721519,-0.6255454734896567,-0.13084486268460616,-1.0,-1.0,-1.0,-0.13590219080754462,1.0,0.0,0.0,1.0,0.0,0.0,0.0,1.0,1.0,0.0
-0.5443037974683544,-0.008370630118416766,-0.05213466143846146,0.4517349682332663,-1.0,-1.0,0.34731859881036686,0.0,0.0,1.0,1.0,0.0,1.0,0.0,0.0,1.0,0.0
0.16455696202531644,0.43769627826509416,-1.0,-0.3531656434132101,-1.0,-0.6387653512873415,0.3163263205488358,1.0,0.0,0.0,1.0,0.0,0.0,0.0,1.0,1.0,0.0
-0.6455696202531646,-1.0,-1.0,-1.0,-1.0,-1.0,-1.0,1.0,0.0,0.0,0.0,1.0,0.0,1.0,0.0,1.0,0.0
0.1898734177215189,0.2510909469793132,-1.0,0.22685196445209765,-1.0,-0.6387653512873415,0.25532905008367734,1.0,0.0,0.0,1.0,0.0,0.0,0.0,1.0,1.0,0.0
0.31645569620253156,0.18493169024489697,0.1091683353142423,-1.0,-0.05614755600273069,-1.0,0.24998862605774574,1.0,0.0,0.0,1.0,0.0,0.0,0.0,1.0,1.0,0.0
-0.9240506329113924,-1.0,-1.0,-1.0,-1.0,-1.0,-1.0,0.0,0.0,1.0,1.0,0.0,0.0,0.0,1.0,1.0,0.0
-0.44303797468354433,-1.0,-1.0,0.4169908726098712,-0.8616088449879872,-1.0,0.2717193681429104,1.0,0.0,0.0,1.0,0.0,0.0,0.0,1.0,1.0,0.0
-0.189873417721519,-1.0,-1.0,-1.0,-1.0,-1.0,-1.0,0.0,1.0,0.0,0.0,1.0,0.0,0.0,1.0,1.0,0.0
0.1898734177215189,0.18202904566168598,0.2421159920263134,-0.7054701223403039,-1.0,0.30300423443340296,0.39784778615543503,1.0,0.0,0.0,1.0,0.0,0.0,0.0,1.0,1.0,0.0
-0.6962025316455696,-1.0,-1.0,-1.0,-1.0,-1.0,-1.0,1.0,0.0,0.0,0.0,1.0,0.0,0.0,1.0,1.0,0.0
-0.012658227848101333,-1.0,-1.0,-1.0,-1.0,-1.0,-1.0,0.0,0.0,1.0,0.0,1.0,0.0,0.0,1.0,1.0,0.0
-0.21518987341772156,-1.0,-1.0,-1.0,-1.0,-1.0,-1.0,0.0,1.0,0.0,0.0,1.0,0.0,0.0,1.0,1.0,0.0
-0.5189873417721519,-0.8551412152377926,-0.8654440222251701,-1.0,-1.0,0.5061784859932994,0.42445414579411067,1.0,0.0,0.0,1.0,0.0,0.0,0.0,1.0,1.0,0.0
-0.5189873417721519,-1.0,-1.0,-1.0,-1.0,-1.0,-1.0,1.0,0.0,0.0,0.0,1.0,0.0,0.0,1.0,1.0,0.0
-0.31645569620253167,-1.0,-1.0,-1.0,-1.0,-1.0,-1.0,1.0,0.0,0.0,0.0,1.0,0.0,1.0,0.0,1.0,0.0
0.21518987341772156,0.7218027545340293,0.3243470740604779,0.0602593074572757,0.49328879144763405,0.36712154252528806,0.7009707219061894,0.0,1.0,0.0,1.0,0.0,0.0,0.0,1.0,1.0,0.0
-0.5443037974683544,-1.0,-1.0,-1.0,-1.0,-1.0,-1.0,0.0,1.0,0.0,0.0,1.0,0.0,0.0,1.0,1.0,0.0
-0.4683544303797469,0.5570916233731742,0.5058239149473269,-1.0,-0.8616088449879872,0.1727813595968415,0.5990930441868263,1.0,0.0,0.0,1.0,0.0,1.0,0.0,0.0,1.0,0.0
-0.3417721518987342,-1.0,-1.0,-1.0,-1.0,-1.0,-1.0,1.0,0.0,0.0,0.0,1.0,0.0,0.0,1.0,1.0,0.0
0.03797468354430378,-1.0,-1.0,-1.0,-1.0,-1.0,-1.0,1.0,0.0,0.0,0.0,1.0,0.0,0.0,1.0,1.0,0.0
0.08860759493670889,-1.0,0.8893085822801279,-1.0,0.6724765469773173,0.3881800038340186,0.9077137597217095,0.0,1.0,0.0,1.0,0.0,1.0,0.0,0.0,1.0,0.0
-0.9746835443037974,-1.0,-1.0,-1.0,-1.0,-1.0,-1.0,1.0,0.0,0.0,0.0,1.0,0.0,0.0,1.0,1.0,0.0
-0.5189873417721519,-0.1276071172136657,-1.0,0.2998411230595843,0.03118171200482056,-0.6076872028904432,0.24835688424629865,1.0,0.0,0.0,1.0,0.0,0.0,0.0,1.0,1.0,0.0
-0.36708860759493667,0.3687921898065436,0.6525681192541426,-1.0,-0.003629028490048647,-1.0,0.6527728091372937,0.0,1.0,0.0,1.0,0.0,1.0,0.0,0.0,1.0,0.0
-0.31645569620253167,-0.4639587993442762,-1.0,-1.0,0.3522877138719085,-1.0,0.29382427401442257,1.0,0.0,0.0,1.0,0.0,0.0,0.0,1.0,1.0,0.0
-0.3417721518987342,-1.0,-1.0,-1.0,-1.0,-1.0,-1.0,1.0,0.0,0.0,0.0,1.0,0.0,0.0,1.0,1.0,0.0
-0.012658227848101333,-1.0,-1.0,-1.0,-1.0,-1.0,-1.0,1.0,0.0,0.0,0.0,1.0,0.0,0.0,1.0,1.0,0.0
-0.21518987341772156,-1.0,-1.0,0.11252606512695906,0.27818267172439537,-1.0,0.27196083830957996,1.0,0.0,0.0,1.0,0.0,0.0,0.0,1.0,1.0,0.0
0.240506329113924,0.40241243132333526,-0.8654440222251701,0.3890827059706554,0.1340818661261043,-0.46794256496556785,0.4307471924694395,1.0,0.0,0.0,1.0,0.0,0.0,0.0,1.0,1.0,0.0
-0.31645569620253167,-1.0,-1.0,-1.0,0.25835716297562605,-0.09279833959192818,0.2303234008026842,1.0,0.0,0.0,1.0,0.0,0.0,0.0,1.0,1.0,0.0
-0.3924050632911392,0.24631085688281162,-1.0,-0.558205183510456,0.20116327587433913,-1.0,0.2755466619768592,1.0,0.0,0.0,1.0,0.0,0.0,0.0,1.0,1.0,0.0
-0.44303797468354433,-1.0,0.0867838199681712,-1.0,-0.07856242258773238,-0.32112320478997136,0.141261227782421,1.0,0.0,0.0,1.0,0.0,0.0,0.0,1.0,1.0,0.0
-0.3417721518987342,-1.0,-1.0,-1.0,-1.0,-1.0,-1.0,1.0,0.0,0.0,0.0,1.0,0.0,1.0,0.0,1.0,0.0
-0.06329113924050633,-1.0,-1.0,-1.0,-1.0,-1.0,-1.0,0.0,1.0,0.0,0.0,1.0,1.0,0.0,0.0,1.0,0.0
-0.36708860759493667,-1.0,-0.07721766163940857,-1.0,0.49917616117835895,0.6742600492544741,0.6578447994463399,0.0,1.0,0.0,1.0,0.0,0.0,0.0,1.0,1.0,0.0
0.1898734177215189,-0.6636483178693894,0.3187696691070092,-1.0,0.5960434510200363,0.6540797084531338,0.7013770970584081,0.0,1.0,0.0,1.0,0.0,0.0,0.0,1.0,1.0,0.0
-0.3924050632911392,-0.13748235824173838,0.16210947049141988,0.11025376114633412,-0.8616088449879872,-1.0,0.23330222189384453,1.0,0.0,0.0,1.0,0.0,0.0,0.0,1.0,1.0,0.0
-0.4683544303797469,-0.5933299775945341,-0.04921545993379817,0.3220385787926381,-1.0,-0.7785099892122169,0.23330222189384453,1.0,0.0,0.0,1.0,0.0,0.0,0.0,1.0,1.0,0.0
-0.31645569620253167,-1.0,-0.40898743448058295,-0.221645565548108,0.17519735819340143,0.2596610268715758,0.30388237814179475,1.0,0.0,0.0,1.0,0.0,0.0,0.0,1.0,1.0,0.0
-0.7468354430379747,-1.0,-1.0,-1.0,-1.0,-1.0,-1.0,1.0,0.0,0.0,0.0,1.0,0.0,0.0,1.0,1.0,0.0
0.240506329113924,-1.0,-1.0,-1.0,-1.0,-1.0,-1.0,1.0,0.0,0.0,0.0,1.0,1.0,0.0,0.0,1.0,0.0
-1.0,-1.0,-1.0,-1.0,-1.0,-1.0,-1.0,0.0,1.0,0.0,1.0,0.0,0.0,0.0,1.0,1.0,0.0
-0.3417721518987342,-0.8551412152377926,-1.0,-0.852735061170152,-0.4464353799519486,0.3610821147804866,0.2907878396361492,1.0,0.0,0.0,1.0,0.0,0.0,0.0,1.0,1.0,0.0
0.11392405063291133,0.4780445922175438,-0.8654440222251701,0.24395919459839965,-1.0,-1.0,0.3977230621267156,1.0,0.0,0.0,1.0,0.0,0.0,0.0,1.0,1.0,0.0
0.08860759493670889,-1.0,0.41187631306675465,-1.0,-0.1106617981837873,0.011528249450685424,0.41534785151911846,0.0,1.0,0.0,1.0,0.0,0.0,0.0,1.0,1.0,0.0
-0.4177215189873418,-1.0,0.07028466195705052,0.48079055278092797,-0.27905773174939197,-1.0,0.3736871257170573,1.0,0.0,0.0,1.0,0.0,1.0,0.0,0.0,1.0,0.0
0.03797468354430378,0.15968504345871937,-0.08752751310384899,-1.0,0.16437168693898507,-1.0,0.250529451019313,1.0,0.0,0.0,1.0,0.0,0.0,0.0,1.0,1.0,0.0
-0.1392405063291139,-1.0,0.5665076488470377,-1.0,-0.07464746905468156,0.47033724383940223,0.6146259127048985,1.0,0.0,0.0,1.0,0.0,0.0,0.0,1.0,1.0,0.0
0.11392405063291133,-0.22907196358276727,0.30290480399567077,-1.0,-0.5848265349639614,-0.24645255417778467,0.29871004050405636,1.0,0.0,0.0,1.0,0.0,0.0,0.0,1.0,1.0,0.0
-0.16455696202531644,-0.8551412152377926,0.4961199878610276,-1.0,-0.487891873354127,0.2104370440587624,0.5020412451217435,0.0,1.0,0.0,1.0,0.0,0.0,0.0,1.0,1.0,0.0
-0.11392405063291144,-0.3191000145820688,0.3132512974664221,-1.0,0.6113443045730038,0.23610980443730978,0.6057020710018755,0.0,1.0,0.0,1.0,0.0,0.0,0.0,1.0,1.0,0.0
-0.5443037974683544,-1.0,-1.0,-1.0,-1.0,-1.0,-1.0,0.0,1.0,0.0,0.0,1.0,1.0,0.0,0.0,1.0,0.0
0.08860759493670889,-1.0,-1.0,-1.0,-1.0,-1.0,-1.0,0.0,0.0,1.0,0.0,1.0,0.0,0.0,1.0,1.0,0.0
0.4683544303797469,-1.0,0.4731682578837839,0.3587270271900045,-0.5848265349639614,0.6579023101640498,0.6679944248401182,0.0,1.0,0.0,1.0,0.0,0.0,0.0,1.0,1.0,0.0
-0.5949367088607596,-1.0,-1.0,0.1862606751212319,-1.0,-1.0,0.06444148337844235,1.0,0.0,0.0,1.0,0.0,0.0,0.0,1.0,1.0,0.0
0.1898734177215189,-1.0,-1.0,-1.0,-1.0,-1.0,-1.0,0.0,0.0,1.0,0.0,1.0,0.0,0.0,1.0,1.0,0.0
-0.11392405063291144,0.49009825673278073,-1.0,-0.14478023263996997,-0.487891873354127,-1.0,0.3692484266707776,0.0,0.0,1.0,1.0,0.0,0.0,1.0,0.0,1.0,0.0
0.26582278481012667,0.5417254150931632,-1.0,0.07288431211158808,-0.3419656266234128,-1.0,0.4268250608996804,0.0,0.0,1.0,1.0,0.0,0.0,0.0,1.0,1.0,0.0
-0.36708860759493667,-1.0,-1.0,-1.0,-1.0,-1.0,-1.0,0.0,1.0,0.0,1.0,0.0,0.0,0.0,1.0,1.0,0.0
0.139240506329114,-0.6255454734896567,0.9009844037430508,-1.0,-0.125101069045644,0.1374586566118996,0.8707285824326041,0.0,1.0,0.0,1.0,0.0,1.0,0.0,0.0,1.0,0.0
-0.5696202531645569,-1.0,-1.0,-1.0,-1.0,-1.0,-1.0,0.0,1.0,0.0,0.0,1.0,1.0,0.0,0.0,1.0,0.0
-0.6708860759493671,-1.0,-1.0,-1.0,-1.0,-1.0,-1.0,1.0,0.0,0.0,0.0,1.0,0.0,0.0,1.0,1.0,0.0
-0.7721518987341772,-1.0,-1.0,-1.0,-1.0,-1.0,-1.0,0.0,1.0,0.0,1.0,0.0,1.0,0.0,0.0,1.0,0.0
-0.4177215189873418,-0.8551412152377926,-1.0,-1.0,0.09257294887354228,0.27359659913521384,0.2724428630192193,1.0,0.0,0.0,1.0,0.0,0.0,0.0,1.0,1.0,0.0
-0.31645569620253167,-1.0,0.6174947094908712,-1.0,0.44188453650121606,-0.2417085965696424,0.6441674932768708,0.0,1.0,0.0,1.0,0.0,0.0,0.0,1.0,1.0,0.0
0.5443037974683544,-1.0,-1.0,-1.0,-1.0,-1.0,-1.0,0.0,1.0,0.0,0.0,1.0,1.0,0.0,0.0,1.0,0.0
-0.11392405063291144,-1.0,-0.1286513563871624,0.39752187939865125,-0.2312940331994816,-1.0,0.2865880492117525,1.0,0.0,0.0,1.0,0.0,0.0,0.0,1.0,1.0,0.0
0.21518987341772156,0.3930415791162347,-0.13084486268460616,-1.0,-1.0,-0.8602553620751245,0.2910063389965696,1.0,0.0,0.0,1.0,0.0,0.0,0.0,1.0,1.0,0.0
0.4683544303797469,-1.0,0.5507618615287229,-1.0,-0.0765953501931399,0.20179170631692656,0.5521529170214263,0.0,1.0,0.0,1.0,0.0,0.0,0.0,1.0,1.0,0.0
-0.5189873417721519,-0.7704042582518641,-1.0,-1.0,-0.5402745340816825,0.33600525035831574,0.26607942572233956,1.0,0.0,0.0,1.0,0.0,0.0,0.0,1.0,1.0,0.0
-0.1392405063291139,-1.0,-1.0,-1.0,-1.0,-1.0,-1.0,0.0,1.0,0.0,0.0,1.0,0.0,0.0,1.0,1.0,0.0
-0.16455696202531644,-1.0,0.6273748446766081,-1.0,0.6610834334053914,-1.0,0.7243437108680251,0.0,1.0,0.0,1.0,0.0,0.0,0.0,1.0,1.0,0.0
-0.16455696202531644,-1.0,-1.0,-1.0,0.20502148739307113,0.5668862475829028,0.5125043605687367,1.0,0.0,0.0,1.0,0.0,0.0,0.0,1.0,1.0,0.0
0.11392405063291133,-1.0,0.02949474131234675,0.03250795289206865,0.22457114899180963,-1.0,0.2717193681429104,1.0,0.0,0.0,1.0,0.0,0.0,0.0,1.0,1.0,0.0
-0.9240506329113924,-1.0,-1.0,-1.0,-1.0,-1.0,-1.0,1.0,0.0,0.0,1.0,0.0,0.0,0.0,1.0,1.0,0.0
-0.5443037974683544,-0.7102824304755853,-1.0,-0.7054701223403039,0.49362671463076624,-1.0,0.4268250608996804,1.0,0.0,0.0,1.0,0.0,0.0,0.0,1.0,1.0,0.0
-0.44303797468354433,-1.0,-0.687570694869583,-1.0,-1.0,0.440535105373693,0.3627654298564802,1.0,0.0,0.0,1.0,0.0,0.0,0.0,1.0,1.0,0.0
-0.16455696202531644,-0.08950427283393292,0.5094432666727857,-1.0,0.638059282516594,0.011528249450685424,0.6667206516976163,0.0,1.0,0.0,1.0,0.0,1.0,0.0,0.0,1.0,0.0
-0.16455696202531644,-1.0,-1.0,-1.0,-1.0,-1.0,-1.0,1.0,0.0,0.0,0.0,1.0,0.0,1.0,0.0,1.0,0.0
-0.49367088607594933,-1.0,-1.0,0.06169970888598919,-1.0,-1.0,-0.04732809851125819,1.0,0.0,0.0,1.0,0.0,0.0,0.0,1.0,1.0,0.0
-0.03797468354430378,-1.0,-1.0,-1.0,-1.0,-1.0,-1.0,1.0,0.0,0.0,0.0,1.0,0.0,1.0,0.0,1.0,0.0
0.2911392405063291,-1.0,-1.0,-1.0,-1.0,-1.0,-1.0,0.0,1.0,0.0,0.0,1.0,1.0,0.0,0.0,1.0,0.0
0.2911392405063291,0.12239380029475377,-0.7308880444503403,-0.398060034713992,0.26694585203661214,-1.0,0.2750724312071964,1.0,0.0,0.0,1.0,0.0,0.0,0.0,1.0,1.0,0.0
0.3924050632911391,-1.0,-1.0,-1.0,-1.0,-1.0,-1.0,1.0,0.0,0.0,0.0,1.0,0.0,0.0,1.0,1.0,0.0
-0.26582278481012656,0.12432887940152026,-0.534512796009096,0.36328865437831204,0.27551610476783406,-1.0,0.3853528422834447,0.0,0.0,1.0,1.0,0.0,0.0,0.0,1.0,1.0,0.0
-0.4683544303797469,-0.2453649161795992,-0.011184697806016386,-1.0,0.2734925445434577,-1.0,0.27123550831185184,1.0,0.0,0.0,1.0,0.0,0.0,0.0,1.0,1.0,0.0
-0.4683544303797469,0.37900293896512105,-1.0,0.48494296633156075,-0.8616088449879872,-0.23707370517791437,0.4354111000904404,0.0,0.0,1.0,1.0,0.0,0.0,0.0,1.0,1.0,0.0
-0.08860759493670889,-1.0,-1.0,-1.0,-1.0,-1.0,-1.0,0.0,0.0,1.0,0.0,1.0,0.0,0.0,1.0,1.0,0.0
0.06329113924050622,-1.0,-1.0,-1.0,-1.0,-1.0,-1.0,1.0,0.0,0.0,0.0,1.0,0.0,0.0,1.0,1.0,0.0
-0.08860759493670889,-0.20915337023183045,-0.7867338209790253,-1.0,-0.45932089796816633,0.95585809424323,0.8501398166027472,0.0,1.0,0.0,1.0,0.0,0.0,0.0,1.0,1.0,0.0
0.08860759493670889,-0.6636483178693894,0.36156401008619765,0.015364916156493935,0.5023255497093975,-1.0,0.5317274521399733,0.0,1.0,0.0,1.0,0.0,0.0,0.0,1.0,1.0,0.0
-0.31645569620253167,-1.0,0.4523438469937304,-1.0,-0.42291926273692904,-0.46794256496556785,0.42948396970658376,1.0,0.0,0.0,1.0,0.0,0.0,0.0,1.0,1.0,0.0
-0.31645569620253167,-1.0,-1.0,-1.0,-1.0,-1.0,-1.0,1.0,0.0,0.0,0.0,1.0,0.0,0.0,1.0,1.0,0.0
0.012658227848101333,0.3574263901366139,-1.0,0.42827914948069634,-1.0,-0.6076872028904432,0.3939428853106641,1.0,0.0,0.0,1.0,0.0,0.0,0.0,1.0,1.0,0.0
-0.4683544303797469,0.3097637569402578,-1.0,-1.0,0.10945535844281906,-1.0,0.2707504172839674,1.0,0.0,0.0,1.0,0.0,0.0,0.0,1.0,1.0,0.0
-0.9240506329113924,-1.0,-1.0,-1.0,-1.0,-1.0,-1.0,1.0,0.0,0.0,0.0,1.0,1.0,0.0,0.0,1.0,0.0
-0.44303797468354433,0.25003811326444136,-1.0,-1.0,0.13946013699641102,-0.0249625433900017,0.27929862900355884,1.0,0.0,0.0,1.0,0.0,0.0,0.0,1.0,1.0,0.0
0.139240506329114,-1.0,-1.0,-1.0,-1.0,-1.0,-1.0,0.0,1.0,0.0,0.0,1.0,1.0,0.0,0.0,1.0,0.0
-0.2405063291139241,-1.0,0.2521862298539159,-1.0,0.3004069888591596,0.5582060909565096,0.5599285893998784,0.0,1.0,0.0,1.0,0.0,0.0,0.0,1.0,0.0,1.0
-0.03797468354430378,0.48329579939991385,-1.0,-0.43931011029966616,-0.2685470822285979,-1.0,0.3609583957478213,0.0,0.0,1.0,1.0,0.0,0.0,1.0,0.0,1.0,0.0
0.1898734177215189,0.25525003051975226,-1.0,0.11920069981686376,0.22370307704590542,-1.0,0.3274672118880446,0.0,0.0,1.0,1.0,0.0,0.0,0.0,1.0,1.0,0.0
-0.36708860759493667,-1.0,-0.7308880444503403,-0.3247957777941519,0.3062453063962822,-1.0,0.25427286637886715,1.0,0.0,0.0,1.0,0.0,0.0,0.0,1.0,1.0,0.0
0.36708860759493667,-1.0,-1.0,-1.0,-1.0,-1.0,-1.0,0.0,1.0,0.0,0.0,1.0,1.0,0.0,0.0,1.0,0.0
-0.26582278481012656,-1.0,-1.0,-1.0,-1.0,-1.0,-1.0,0.0,1.0,0.0,0.0,1.0,1.0,0.0,0.0,1.0,0.0
-0.189873417721519,-1.0,-1.0,-1.0,-1.0,-1.0,-1.0,0.0,1.0,0.0,0.0,1.0,0.0,0.0,1.0,1.0,0.0
-0.2405063291139241,-1.0,0.28793653596543245,0.15993478632815594,0.5820181569703295,-0.11156619702607984,0.5732518608434052,0.0,1.0,0.0,1.0,0.0,0.0,0.0,1.0,1.0,0.0
-0.5443037974683544,0.4742886262882666,-0.3463296171890683,-0.164650628997688,-1.0,-1.0,0.3572921160037634,1.0,0.0,0.0,1.0,0.0,0.0,0.0,1.0,1.0,0.0
-0.4683544303797469,0.4374811603352353,-1.0,0.10446434579459551,-1.0,-0.15840639051791483,0.3540252436568383,0.0,0.0,1.0,1.0,0.0,0.0,0.0,1.0,1.0,0.0
-0.11392405063291144,-1.0,-1.0,-1.0,-1.0,-1.0,-1.0,1.0,0.0,0.0,0.0,1.0,0.0,0.0,1.0,1.0,0.0
0.08860759493670889,-1.0,0.3181156878870519,-1.0,-1.0,-1.0,0.2944686937979426,1.0,0.0,0.0,1.0,0.0,0.0,0.0,1.0,1.0,0.0
-0.2405063291139241,-0.8551412152377926,0.7012760983330177,-1.0,-0.7806552088744709,0.1472270881409674,0.6794327768863315,0.0,1.0,0.0,1.0,0.0,0.0,0.0,1.0,1.0,0.0
0.240506329113924,-1.0,0.38658881114359467,-1.0,0.7186303829632668,-0.061720191195029916,0.6835442417005801,0.0,1.0,0.0,1.0,0.0,1.0,0.0,0.0,1.0,0.0
0.240506329113924,-1.0,-1.0,-1.0,-1.0,-1.0,-1.0,0.0,1.0,0.0,0.0,1.0,0.0,0.0,1.0,1.0,0.0
0.06329113924050622,-1.0,-0.8654440222251701,-0.12315564456996997,0.35769633985991844,-1.0,0.30911676973389146,1.0,0.0,0.0,1.0,0.0,0.0,0.0,1.0,1.0,0.0
-0.36708860759493667,-1.0,-1.0,-1.0,-1.0,-1.0,-1.0,0.0,0.0,1.0,1.0,0.0,0.0,0.0,1.0,1.0,0.0
-0.5443037974683544,-0.2692751980081092,0.3852027606881645,-0.852735061170152,-1.0,-1.0,0.36529642478936664,0.0,0.0,1.0,1.0,0.0,0.0,0.0,1.0,1.0,0.0
-0.21518987341772156,-0.1824378509765714,0.1215765993107274,0.46288434665617384,-1.0,-1.0,0.3739699754293264,0.0,0.0,1.0,1.0,0.0,0.0,0.0,1.0,1.0,0.0
0.3417721518987342,0.30737074930098474,-1.0,0.29463006502628475,-1.0,-1.0,0.30971159290318373,0.0,0.0,1.0,1.0,0.0,0.0,0.0,1.0,1.0,0.0
0.03797468354430378,-1.0,-1.0,-1.0,-1.0,-1.0,-1.0,0.0,1.0,0.0,1.0,0.0,0.0,0.0,1.0,1.0,0.0
-0.6455696202531646,-1.0,-1.0,-1.0,-1.0,-1.0,-1.0,1.0,0.0,0.0,0.0,1.0,0.0,1.0,0.0,1.0,0.0
-1.0,-1.0,-1.0,-1.0,-1.0,-1.0,-1.0,1.0,0.0,0.0,1.0,0.0,0.0,0.0,1.0,1.0,0.0
-0.31645569620253167,-1.0,-1.0,-1.0,-1.0,-1.0,-1.0,0.0,1.0,0.0,0.0,1.0,0.0,0.0,1.0,1.0,0.0
-0.5443037974683544,-1.0,-0.7867338209790253,-1.0,-1.0,-1.0,-0.7905598160119802,1.0,0.0,0.0,1.0,0.0,0.0,0.0,1.0,1.0,0.0
0.03797468354430378,-1.0,-1.0,-1.0,-1.0,-1.0,-1.0,0.0,0.0,1.0,0.0,1.0,0.0,0.0,1.0,1.0,0.0
-0.3417721518987342,-1.0,-1.0,-1.0,-1.0,-1.0,-1.0,0.0,1.0,0.0,0.0,1.0,1.0,0.0,0.0,1.0,0.0
-0.5443037974683544,0.4183359574449039,-1.0,-0.25713760857903223,-1.0,-1.0,0.30058828890980704,0.0,0.0,1.0,1.0,0.0,0.0,0.0,1.0,1.0,0.0
-0.36708860759493667,-1.0,-0.032566126450414234,0.5329383194662931,0.23797030461143054,0.07414723308058302,0.46738437344823147,0.0,1.0,0.0,1.0,0.0,1.0,0.0,0.0,1.0,0.0
-0.5443037974683544,-1.0,-1.0,-1.0,-1.0,-1.0,-1.0,1.0,0.0,0.0,0.0,1.0,0.0,0.0,1.0,1.0,0.0
0.11392405063291133,-1.0,-1.0,-1.0,-1.0,-1.0,-1.0,0.0,1.0,0.0,1.0,0.0,0.0,0.0,1.0,1.0,0.0
-0.189873417721519,-0.10915510567366649,0.2889542223950903,0.39928747180581214,0.2590871682972564,0.4452494798715658,0.5503686099114129,0.0,1.0,0.0,1.0,0.0,1.0,0.0,0.0,1.0,0.0
0.08860759493670889,-1.0,-0.6222536135015577,0.4010385124617728,-0.8616088449879872,-1.0,0.25898028261425443,1.0,0.0,0.0,1.0,0.0,1.0,0.0,0.0,1.0,0.0
-0.8987341772151899,-1.0,-1.0,-1.0,-1.0,-1.0,-1.0,1.0,0.0,0.0,0.0,1.0,0.0,1.0,0.0,1.0,0.0
-0.8481012658227848,-1.0,-1.0,-1.0,-1.0,-1.0,-1.0,1.0,0.0,0.0,1.0,0.0,0.0,0.0,1.0,1.0,0.0
-0.6708860759493671,0.8419877363975745,-1.0,0.5682620595654686,0.42642542491774993,-1.0,0.7480434161779324,0.0,0.0,1.0,1.0,0.0,0.0,0.0,1.0,1.0,0.0
-0.3924050632911392,-1.0,-1.0,0.3573035150173869,-0.0886994338144067,-1.0,0.24615927292440265,1.0,0.0,0.0,1.0,0.0,0.0,0.0,1.0,1.0,0.0
-0.4177215189873418,-1.0,-0.399956818234266,-1.0,-1.0,0.49964429244692243,0.42039897431211704,1.0,0.0,0.0,1.0,0.0,0.0,0.0,1.0,1.0,0.0
-0.5696202531645569,-1.0,-1.0,-1.0,-1.0,-1.0,-1.0,1.0,0.0,0.0,0.0,1.0,0.0,1.0,0.0,1.0,0.0
-0.44303797468354433,-1.0,-1.0,-1.0,-1.0,-1.0,-1.0,1.0,0.0,0.0,0.0,1.0,0.0,0.0,1.0,1.0,0.0
-0.08860759493670889,0.24523360166041508,-1.0,0.408463889602271,-0.6114869098077889,-1.0,0.3433775660388374,0.0,0.0,1.0,1.0,0.0,0.0,0.0,1.0,1.0,0.0
-0.11392405063291144,-1.0,-1.0,-1.0,-1.0,-1.0,-1.0,1.0,0.0,0.0,0.0,1.0,0.0,0.0,1.0,1.0,0.0
0.21518987341772156,-1.0,0.7807029389045239,-1.0,-0.8616088449879872,-0.7785099892122169,0.7488164857241959,0.0,1.0,0.0,1.0,0.0,0.0,0.0,1.0,1.0,0.0
0.08860759493670889,-1.0,-1.0,-1.0,-1.0,-1.0,-1.0,0.0,1.0,0.0,0.0,1.0,1.0,0.0,0.0,1.0,0.0
-0.49367088607594933,-1.0,-1.0,-1.0,-1.0,-1.0,-1.0,1.0,0.0,0.0,0.0,1.0,0.0,0.0,1.0,1.0,0.0
0.139240506329114,-0.12441641324590191,-0.19266413335102062,-0.7054701223403039,0.31191773999907135,-0.3281979270406924,0.2907878396361492,1.0,0.0,0.0,1.0,0.0,0.0,0.0,1.0,1.0,0.0
-0.4683544303797469,0.7768245282222435,-1.0,-0.16885786344836606,-0.7806552088744709,-1.0,0.6228061474265487,0.0,0.0,1.0,1.0,0.0,0.0,0.0,1.0,1.0,0.0
-0.11392405063291144,0.391169641645019,-1.0,-0.3247957777941519,-1.0,-0.16793299247135696,0.28858896092092245,1.0,0.0,0.0,1.0,0.0,0.0,0.0,1.0,1.0,0.0
-0.7974683544303798,-1.0,-1.0,-1.0,-1.0,-1.0,-1.0,0.0,0.0,1.0,1.0,0.0,0.0,0.0,1.0,1.0,0.0
0.139240506329114,-1.0,0.5668111087210244,-1.0,0.20406390170593736,0.025704681076007763,0.570247217543612,0.0,1.0,0.0,1.0,0.0,1.0,0.0,0.0,1.0,0.0
0.240506329113924,-1.0,-1.0,-1.0,-1.0,-1.0,-1.0,0.0,1.0,0.0,0.0,1.0,0.0,0.0,1.0,1.0,0.0
-0.620253164556962,-1.0,-1.0,-1.0,-1.0,-1.0,-1.0,1.0,0.0,0.0,0.0,1.0,1.0,0.0,0.0,1.0,0.0
-0.49367088607594933,-1.0,-1.0,0.35406530572181816,-1.0,-0.5165629810276651,0.21823976924603183,1.0,0.0,0.0,1.0,0.0,0.0,1.0,0.0,1.0,0.0
-0.7215189873417722,-1.0,-1.0,-1.0,-1.0,-1.0,-1.0,1.0,0.0,0.0,1.0,0.0,0.0,0.0,1.0,1.0,0.0
-0.26582278481012656,-1.0,-1.0,-1.0,-1.0,0.5296692956771498,0.44644996669582526,1.0,0.0,0.0,1.0,0.0,0.0,0.0,1.0,1.0,0.0
-0.5443037974683544,-1.0,-1.0,-1.0,-1.0,-1.0,-1.0,1.0,0.0,0.0,0.0,1.0,0.0,0.0,1.0,1.0,0.0
-0.8987341772151899,-1.0,-1.0,-1.0,-1.0,-1.0,-1.0,1.0,0.0,0.0,0.0,1.0,0.0,0.0,1.0,1.0,0.0
-0.5443037974683544,0.22953819255562014,0.1298133663207366,-1.0,-1.0,-1.0,0.24753574584356097,1.0,0.0,0.0,1.0,0.0,0.0,0.0,1.0,1.0,0.0
-0.5443037974683544,0.432471329860884,-1.0,-0.658061401139107,-0.6786656890936953,-1.0,0.30832077412611447,0.0,0.0,1.0,1.0,0.0,0.0,0.0,1.0,1.0,0.0
-0.5443037974683544,-1.0,-1.0,0.413456614321968,-1.0,-0.46794256496556785,0.2714775917362522,1.0,0.0,0.0,1.0,0.0,0.0,0.0,1.0,1.0,0.0
-0.6708860759493671,0.4660053604162173,-1.0,0.3881583024951567,-1.0,-0.7205107241502491,0.4292726163910361,0.0,0.0,1.0,1.0,0.0,0.0,0.0,1.0,1.0,0.0
-0.49367088607594933,-1.0,-1.0,-1.0,-1.0,0.3264355741826981,0.25427286637886715,1.0,0.0,0.0,1.0,0.0,0.0,0.0,1.0,1.0,0.0
-0.49367088607594933,0.5106395816805467,0.0853405178410318,-0.23283016877370677,-1.0,-1.0,0.4159157419333861,0.0,0.0,1.0,1.0,0.0,0.0,0.0,1.0,1.0,0.0
-0.189873417721519,0.6353749321569362,0.2719940733293855,0.4888235928824889,0.9046924959771481,0.24677943137480596,0.8751234159012935,0.0,1.0,0.0,1.0,0.0,0.0,1.0,0.0,0.0,1.0
0.6455696202531644,0.5139497409533091,-1.0,-1.0,-1.0,-1.0,0.3810443951600435,0.0,0.0,1.0,1.0,0.0,0.0,0.0,1.0,1.0,0.0
-0.06329113924050633,-1.0,-1.0,-0.5865750491295142,0.3209386524022846,-0.8602553620751245,0.2630692473235283,1.0,0.0,0.0,1.0,0.0,0.0,1.0,0.0,1.0,0.0
0.3924050632911391,-1.0,0.027553492716590133,0.3930426186837519,-0.8616088449879872,-1.0,0.29744751488910315,1.0,0.0,0.0,1.0,0.0,0.0,0.0,1.0,1.0,0.0
-0.44303797468354433,-1.0,-1.0,-1.0,-1.0,-1.0,-1.0,0.0,1.0,0.0,0.0,1.0,0.0,0.0,1.0,1.0,0.0
-0.3417721518987342,-1.0,-1.0,-1.0,-1.0,-1.0,-1.0,0.0,1.0,0.0,0.0,1.0,1.0,0.0,0.0,1.0,0.0
0.4430379746835442,0.42323158349178924,-0.3913276979777265,-1.0,0.801555619988291,0.20385950799373975,0.7483411217265858,1.0,0.0,0.0,1.0,0.0,0.0,0.0,1.0,1.0,0.0
-0.6708860759493671,-1.0,-1.0,-1.0,-1.0,-1.0,-1.0,0.0,1.0,0.0,0.0,1.0,1.0,0.0,0.0,1.0,0.0
-0.6708860759493671,-1.0,-1.0,-1.0,-1.0,-1.0,-1.0,1.0,0.0,0.0,0.0,1.0,0.0,1.0,0.0,1.0,0.0
-0.7974683544303798,-1.0,-1.0,-1.0,-1.0,-1.0,-1.0,1.0,0.0,0.0,1.0,0.0,0.0,0.0,1.0,1.0,0.0
-0.21518987341772156,-1.0,0.3228611589945529,-0.1336929311778977,0.4797634093788663,0.43242424103224386,0.5734008570769353,0.0,1.0,0.0,1.0,0.0,0.0,0.0,1.0,1.0,0.0
-0.49367088607594933,-1.0,0.2853687307754347,0.4584945541903809,-1.0,0.327273866018847,0.48616728732836023,1.0,0.0,0.0,1.0,0.0,0.0,0.0,1.0,1.0,0.0
0.012658227848101333,-1.0,-1.0,-1.0,-1.0,-1.0,-1.0,0.0,1.0,0.0,0.0,1.0,0.0,0.0,1.0,1.0,0.0
-0.31645569620253167,-1.0,-0.3913276979777265,-1.0,0.4082923557072178,-1.0,0.3482912574054886,1.0,0.0,0.0,1.0,0.0,0.0,1.0,0.0,1.0,0.0
0.012658227848101333,-1.0,-1.0,-1.0,-1.0,-1.0,-1.0,0.0,1.0,0.0,0.0,1.0,0.0,0.0,1.0,1.0,0.0
-0.2911392405063291,-0.7102824304755853,-1.0,-1.0,0.15661127499206007,0.5378789351078814,0.48260380654667356,0.0,0.0,1.0,1.0,0.0,0.0,0.0,1.0,1.0,0.0
-0.4683544303797469,-1.0,-0.21514978089102166,-1.0,-1.0,0.5240744451816877,0.44664311835479786,1.0,0.0,0.0,1.0,0.0,1.0,0.0,0.0,1.0,0.0
-0.3924050632911392,-1.0,-1.0,-1.0,-1.0,-1.0,-1.0,0.0,1.0,0.0,0.0,1.0,0.0,0.0,1.0,1.0,0.0
-0.5189873417721519,0.25983214696667956,-1.0,-0.10667774643083394,0.14405013760452956,-1.0,0.2714775917362522,1.0,0.0,0.0,1.0,0.0,0.0,0.0,1.0,1.0,0.0
-0.3417721518987342,-1.0,0.3461276667204094,0.7213981904640345,0.3424550567179503,0.18500382267925097,0.6424126439170892,0.0,1.0,0.0,1.0,0.0,0.0,0.0,1.0,1.0,0.0
0.03797468354430378,-0.07154341792518581,-1.0,-0.5865750491295142,0.3375970011583491,-0.7785099892122169,0.29765851731362925,1.0,0.0,0.0,1.0,0.0,0.0,0.0,1.0,1.0,0.0
0.4430379746835442,0.17383242450497627,-0.5734676419580506,-1.0,-0.40188337906966964,0.23915465685967252,0.2665765333601957,1.0,0.0,0.0,1.0,0.0,0.0,1.0,0.0,1.0,0.0
0.012658227848101333,0.43596910272851663,-0.4743045158486082,0.2261911290921088,-0.8616088449879872,-1.0,0.3667696985133764,0.0,0.0,1.0,1.0,0.0,0.0,0.0,1.0,1.0,0.0
-0.16455696202531644,-1.0,0.981271358765583,-1.0,-0.4464353799519486,-1.0,0.9458329531726004,0.0,1.0,0.0,1.0,0.0,1.0,0.0,0.0,1.0,0.0
-0.31645569620253167,0.3025009277853645,0.23720949894860488,-0.5107964623092589,-1.0,-1.0,0.33558832020034934,1.0,0.0,0.0,1.0,0.0,0.0,0.0,1.0,1.0,0.0
0.620253164556962,-0.08950427283393292,0.5129163359699798,-1.0,0.5986542486874984,-0.02178753452587201,0.6463470459470757,0.0,1.0,0.0,1.0,0.0,0.0,0.0,1.0,1.0,0.0
-0.31645569620253167,-1.0,-1.0,-1.0,-1.0,-1.0,-1.0,0.0,1.0,0.0,0.0,1.0,1.0,0.0,0.0,1.0,0.0
-0.5696202531645569,0.3101599410407203,-0.06271208460874866,-0.22716427574925402,0.1327143523344223,-0.3076776303962323,0.3186071932727055,1.0,0.0,0.0,1.0,0.0,0.0,0.0,1.0,1.0,0.0
0.06329113924050622,0.48655458841483656,0.29122469555081776,-0.42465199542280296,-1.0,-1.0,0.4504656157596101,1.0,0.0,0.0,1.0,0.0,0.0,0.0,1.0,1.0,0.0
-0.11392405063291144,0.19409616582933564,-0.6222536135015577,-1.0,-0.6114869098077889,0.29432809059211085,0.3026537551711814,1.0,0.0,0.0,1.0,0.0,0.0,0.0,1.0,1.0,0.0
0.26582278481012667,-1.0,-0.6521778432041954,-1.0,0.5339474919485143,-1.0,0.46511999897487954,1.0,0.0,0.0,1.0,0.0,0.0,0.0,1.0,1.0,0.0
-0.2405063291139241,0.388737961394128,-0.5176218654293654,0.616040871386222,-1.0,-1.0,0.5125043605687367,0.0,0.0,1.0,1.0,0.0,0.0,0.0,1.0,1.0,0.0
-0.31645569620253167,0.140091468914203,-1.0,-1.0,-1.0,0.24843536590914317,0.25480168966136607,1.0,0.0,0.0,1.0,0.0,0.0,0.0,1.0,1.0,0.0
-0.08860759493670889,-1.0,0.2785289930717658,-1.0,-1.0,-1.0,0.255592184247051,1.0,0.0,0.0,1.0,0.0,0.0,0.0,1.0,1.0,0.0
-0.3924050632911392,-1.0,-1.0,-1.0,-1.0,-1.0,-1.0,1.0,0.0,0.0,0.0,1.0,0.0,0.0,1.0,1.0,0.0
-0.06329113924050633,-1.0,-1.0,-1.0,-1.0,-1.0,-1.0,1.0,0.0,0.0,0.0,1.0,0.0,0.0,1.0,1.0,0.0
-0.03797468354430378,-1.0,-1.0,-1.0,-1.0,-1.0,-1.0,0.0,1.0,0.0,0.0,1.0,1.0,0.0,0.0,1.0,0.0
0.11392405063291133,-1.0,-1.0,-1.0,-1.0,0.36505138164939543,0.2907878396361492,1.0,0.0,0.0,1.0,0.0,0.0,0.0,1.0,1.0,0.0
0.11392405063291133,-1.0,-1.0,-1.0,-1.0,-1.0,-1.0,1.0,0.0,0.0,0.0,1.0,0.0,0.0,1.0,1.0,0.0
-0.5189873417721519,-1.0,-1.0,-1.0,-1.0,-1.0,-1.0,0.0,1.0,0.0,0.0,1.0,0.0,0.0,1.0,1.0,0.0
0.2911392405063291,-1.0,-1.0,-1.0,-1.0,-1.0,-1.0,0.0,1.0,0.0,0.0,1.0,0.0,0.0,1.0,1.0,0.0
-0.3924050632911392,-1.0,-1.0,-1.0,-1.0,-1.0,-1.0,0.0,0.0,1.0,0.0,1.0,0.0,0.0,1.0,1.0,0.0
-0.620253164556962,-1.0,-1.0,-1.0,-1.0,-1.0,-1.0,1.0,0.0,0.0,0.0,1.0,0.0,0.0,1.0,1.0,0.0
-0.08860759493670889,-1.0,-1.0,-1.0,-1.0,-1.0,-1.0,0.0,0.0,1.0,0.0,1.0,0.0,0.0,1.0,1.0,0.0
0.4177215189873418,-1.0,0.8470878959982904,-1.0,-0.7806552088744709,0.6765908138970529,0.8641996995712902,0.0,1.0,0.0,1.0,0.0,0.0,0.0,1.0,1.0,0.0
-0.8734177215189873,-1.0,-1.0,-1.0,-1.0,-1.0,-1.0,1.0,0.0,0.0,1.0,0.0,0.0,0.0,1.0,1.0,0.0
-0.4683544303797469,0.5155853647802726,-0.7308880444503403,-0.16885786344836606,-1.0,-1.0,0.3894358037355341,0.0,0.0,1.0,1.0,0.0,1.0,0.0,0.0,1.0,0.0
-0.49367088607594933,-0.09493281312020219,-1.0,-1.0,0.4661608185093451,-1.0,0.4089867901325954,1.0,0.0,0.0,1.0,0.0,0.0,0.0,1.0,1.0,0.0
-0.9493670886075949,-1.0,-1.0,-1.0,-1.0,-1.0,-1.0,1.0,0.0,0.0,0.0,1.0,1.0,0.0,0.0,1.0,0.0
-0.5443037974683544,-0.3447223122490274,-1.0,-0.3531656434132101,0.27618609275573913,-0.6387653512873415,0.23300642560316343,1.0,0.0,0.0,1.0,0.0,0.0,1.0,0.0,1.0,0.0
-0.06329113924050633,-1.0,-1.0,-1.0,-1.0,-1.0,-1.0,0.0,1.0,0.0,0.0,1.0,1.0,0.0,0.0,1.0,0.0
-0.5696202531645569,-1.0,-1.0,-1.0,-1.0,-1.0,-1.0,0.0,1.0,0.0,0.0,1.0,0.0,0.0,1.0,1.0,0.0
-0.5443037974683544,-1.0,0.27032538189212496,-1.0,-1.0,0.45628066834134007,0.45513841516148545,0.0,1.0,0.0,1.0,0.0,1.0,0.0,0.0,1.0,0.0
-0.16455696202531644,-1.0,0.6109393992326007,-1.0,-1.0,0.5571389041887582,0.6671158250391898,0.0,1.0,0.0,1.0,0.0,0.0,0.0,1.0,1.0,0.0
-0.5443037974683544,0.5853316308538403,-1.0,0.21946720092727667,-1.0,-1.0,0.4740204617142474,1.0,0.0,0.0,1.0,0.0,0.0,0.0,1.0,1.0,0.0
0.012658227848101333,-0.4205648609511705,-1.0,-1.0,0.2995163276064905,-1.0,0.24505089380751643,1.0,0.0,0.0,1.0,0.0,0.0,1.0,0.0,1.0,0.0
0.139240506329114,0.5643708119985058,-1.0,-0.385916249737544,-1.0,-0.35927607543759066,0.43127107483016314,0.0,0.0,1.0,1.0,0.0,0.0,0.0,1.0,1.0,0.0
-0.21518987341772156,-1.0,-1.0,-1.0,-1.0,-1.0,-1.0,1.0,0.0,0.0,0.0,1.0,0.0,0.0,1.0,1.0,0.0
-0.36708860759493667,0.14969172694154254,-1.0,-0.2110204317621882,0.13544007703087924,-0.026568997277109152,0.24971763714062,1.0,0.0,0.0,1.0,0.0,1.0,0.0,0.0,1.0,0.0
0.16455696202531644,-1.0,-1.0,-1.0,-1.0,-1.0,-1.0,1.0,0.0,0.0,0.0,1.0,0.0,1.0,0.0,1.0,0.0
-0.5189873417721519,-1.0,0.12573866591712557,-1.0,0.6085791126697824,0.15848568215499204,0.5712038213600612,0.0,1.0,0.0,1.0,0.0,1.0,0.0,0.0,1.0,0.0
-0.3924050632911392,-0.3191000145820688,0.09727952423939534,-1.0,0.1584290984725616,-0.15840639051791483,0.24998862605774574,1.0,0.0,0.0,1.0,0.0,0.0,0.0,1.0,1.0,0.0
-0.49367088607594933,0.014011493335451597,-1.0,-1.0,0.25725712585106786,-1.0,0.24055179010908012,1.0,0.0,0.0,1.0,0.0,0.0,1.0,0.0,1.0,0.0
-0.4177215189873418,-1.0,-1.0,-1.0,-1.0,-1.0,-1.0,1.0,0.0,0.0,0.0,1.0,1.0,0.0,0.0,1.0,0.0
-0.3924050632911392,0.37028176881699904,-1.0,-1.0,-1.0,-1.0,0.24998862605774574,1.0,0.0,0.0,1.0,0.0,0.0,0.0,1.0,1.0,0.0
-0.06329113924050633,-1.0,-1.0,-1.0,-1.0,-1.0,-1.0,1.0,0.0,0.0,0.0,1.0,0.0,0.0,1.0,1.0,0.0
-0.9493670886075949,-1.0,-1.0,-1.0,-1.0,-1.0,-1.0,1.0,0.0,0.0,0.0,1.0,1.0,0.0,0.0,1.0,0.0
0.31645569620253156,0.3995934338853615,-1.0,-1.0,-1.0,-1.0,0.27672710334034045,1.0,0.0,0.0,1.0,0.0,0.0,0.0,1.0,1.0,0.0
-0.4177215189873418,-0.0012250776503305305,-1.0,0.4567129219725321,0.06471054611818827,0.5395398852505242,0.5470913629572001,0.0,0.0,1.0,1.0,0.0,0.0,0.0,1.0,1.0,0.0
-0.6708860759493671,-1.0,-0.553014717094753,-1.0,-1.0,0.7417463932770749,0.6472928201743562,0.0,1.0,0.0,1.0,0.0,0.0,0.0,1.0,1.0,0.0
-0.5949367088607596,0.4036813304880753,-0.553014717094753,-1.0,-1.0,-0.2417085965696424,0.2918778407250222,1.0,0.0,0.0,1.0,0.0,1.0,0.0,0.0,1.0,0.0
-0.3417721518987342,-1.0,-1.0,-1.0,-1.0,-1.0,-1.0,1.0,0.0,0.0,0.0,1.0,1.0,0.0,0.0,1.0,0.0
0.240506329113924,0.5166195905409048,-1.0,0.33352561395108005,0.43894620189281763,0.06100515963320041,0.5551265753015104,0.0,0.0,1.0,1.0,0.0,0.0,0.0,1.0,1.0,0.0
0.012658227848101333,0.6229033769797512,-1.0,-0.5107964623092589,-1.0,-1.0,0.4811595521309302,0.0,0.0,1.0,1.0,0.0,0.0,0.0,1.0,1.0,0.0
-0.4177215189873418,-1.0,-1.0,-1.0,-1.0,-1.0,-1.0,1.0,0.0,0.0,0.0,1.0,0.0,1.0,0.0,1.0,0.0
-0.5696202531645569,-0.6636483178693894,-1.0,0.4375342451303639,-1.0,-1.0,0.2907878396361492,1.0,0.0,0.0,1.0,0.0,0.0,0.0,1.0,1.0,0.0
-0.5443037974683544,-1.0,-1.0,-1.0,-1.0,-1.0,-1.0,1.0,0.0,0.0,0.0,1.0,0.0,1.0,0.0,1.0,0.0
-0.2405063291139241,-1.0,-1.0,-1.0,-1.0,-1.0,-1.0,1.0,0.0,0.0,0.0,1.0,0.0,0.0,1.0,1.0,0.0
-0.4177215189873418,-0.14088059653679108,0.400217089429463,-1.0,-1.0,-1.0,0.383345375460018,0.0,0.0,1.0,1.0,0.0,0.0,0.0,1.0,1.0,0.0
-0.49367088607594933,-1.0,-0.3675277377538795,-1.0,-1.0,0.3486827241780561,0.2811472803002071,1.0,0.0,0.0,1.0,0.0,0.0,0.0,1.0,1.0,0.0
-0.5189873417721519,-1.0,-1.0,-1.0,-1.0,-1.0,-1.0,1.0,0.0,0.0,0.0,1.0,0.0,0.0,1.0,1.0,0.0
-0.6708860759493671,-1.0,-1.0,-1.0,-1.0,-1.0,-1.0,0.0,1.0,0.0,0.0,1.0,0.0,0.0,1.0,1.0,0.0
-0.21518987341772156,-1.0,0.0014925396067362318,0.2781831059285529,-0.07464746905468156,-0.23707370517791437,0.2563794145649989,1.0,0.0,0.0,1.0,0.0,0.0,0.0,1.0,1.0,0.0
-0.5189873417721519,-1.0,-1.0,-1.0,-1.0,-1.0,-1.0,1.0,0.0,0.0,0.0,1.0,0.0,1.0,0.0,1.0,0.0
-0.3924050632911392,-1.0,-1.0,-1.0,-1.0,-1.0,-1.0,1.0,0.0,0.0,0.0,1.0,0.0,1.0,0.0,1.0,0.0
-0.36708860759493667,0.4326916641463494,-1.0,-0.852735061170152,0.02656517724382379,-1.0,0.33850415878634776,0.0,0.0,1.0,1.0,0.0,0.0,0.0,1.0,1.0,0.0
-0.4683544303797469,-1.0,-1.0,-1.0,-1.0,-1.0,-1.0,0.0,0.0,1.0,0.0,1.0,0.0,0.0,1.0,1.0,0.0
-0.7721518987341772,-1.0,-1.0,-1.0,-1.0,-1.0,-1.0,1.0,0.0,0.0,1.0,0.0,0.0,0.0,1.0,1.0,0.0
0.06329113924050622,0.4812111232571208,-1.0,-1.0,-0.1546342450073407,-0.8602553620751245,0.36186405384583953,1.0,0.0,0.0,1.0,0.0,0.0,0.0,1.0,1.0,0.0
-0.21518987341772156,0.39170619405888507,-1.0,-0.7054701223403039,-0.18930724404587485,-1.0,0.28366025543132345,1.0,0.0,0.0,1.0,0.0,0.0,0.0,1.0,1.0,0.0
-0.31645569620253167,0.41380554163654293,-1.0,-1.0,-1.0,-0.35927607543759066,0.2946830172281585,1.0,0.0,0.0,1.0,0.0,1.0,0.0,0.0,1.0,0.0
-0.189873417721519,-1.0,-1.0,-1.0,-1.0,-1.0,-1.0,0.0,1.0,0.0,0.0,1.0,0.0,0.0,1.0,1.0,0.0
0.139240506329114,-0.8551412152377926,0.026575539807683235,-1.0,0.296518429945555,-0.4410214483004983,0.2912245882145654,1.0,0.0,0.0,1.0,0.0,0.0,0.0,1.0,1.0,0.0
0.240506329113924,0.3365268579625964,-1.0,-1.0,-0.04581820613847054,-1.0,0.2534768707710904,1.0,0.0,0.0,1.0,0.0,1.0,0.0,0.0,1.0,0.0
-0.4683544303797469,0.3510152416749537,-1.0,0.2781831059285529,-1.0,-1.0,0.32638196794542274,1.0,0.0,0.0,1.0,0.0,0.0,0.0,1.0,1.0,0.0
0.1898734177215189,-1.0,0.6527629634357697,-1.0,0.030037547079654336,-0.23707370517791437,0.6312004889580021,0.0,1.0,0.0,1.0,0.0,0.0,0.0,1.0,1.0,0.0
-0.36708860759493667,-0.22907196358276727,-1.0,0.09114350297674911,-0.3921421186822598,0.4610759167875551,0.41027609561985545,1.0,0.0,0.0,1.0,0.0,0.0,1.0,0.0,1.0,0.0
-0.3417721518987342,-1.0,-1.0,-1.0,-1.0,-1.0,-1.0,0.0,1.0,0.0,0.0,1.0,0.0,0.0,1.0,1.0,0.0
-0.44303797468354433,0.2682223642932373,-0.27910935153911365,-1.0,-0.5212452626117072,-1.0,0.1777674119075423,1.0,0.0,0.0,1.0,0.0,0.0,1.0,0.0,1.0,0.0
0.03797468354430378,-1.0,-1.0,-1.0,-1.0,-1.0,-1.0,0.0,1.0,0.0,0.0,1.0,1.0,0.0,0.0,1.0,0.0
0.11392405063291133,-1.0,0.5403429921058629,-1.0,-0.0009309302268775133,0.4013460926353456,0.5804190976188277,0.0,1.0,0.0,1.0,0.0,0.0,0.0,1.0,1.0,0.0
-0.012658227848101333,-0.8551412152377926,0.1596552880968254,-0.11311637240351913,-0.0009309302268775133,0.45583902764748263,0.44644996669582526,0.0,1.0,0.0,1.0,0.0,0.0,0.0,1.0,0.0,1.0
0.16455696202531644,0.40215772434432884,-0.3272201111258505,-1.0,-0.21894022317537787,-0.7785099892122169,0.2972362786668288,1.0,0.0,0.0,1.0,0.0,0.0,0.0,1.0,1.0,0.0
-0.16455696202531644,-1.0,-0.7308880444503403,-1.0,0.33033597431869954,-0.5807660862253737,0.27268341910299565,1.0,0.0,0.0,1.0,0.0,0.0,0.0,1.0,1.0,0.0
-0.8227848101265822,-1.0,-1.0,-1.0,-1.0,-1.0,-1.0,1.0,0.0,0.0,1.0,0.0,1.0,0.0,0.0,1.0,0.0
-0.21518987341772156,0.33477507025037,0.22169895277950724,0.16352066718006153,-1.0,-0.1216487427128865,0.3876027062361589,1.0,0.0,0.0,1.0,0.0,0.0,0.0,1.0,1.0,0.0
0.6455696202531644,-0.15505464089648102,-1.0,0.4843547101266399,-0.3828541075996944,-1.0,0.3450295752594832,0.0,0.0,1.0,1.0,0.0,0.0,0.0,1.0,1.0,0.0
0.03797468354430378,-0.5654236457133779,-1.0,0.2103953493980728,-0.06334315395992085,0.18780788590768416,0.2680601258366466,1.0,0.0,0.0,1.0,0.0,0.0,0.0,1.0,1.0,0.0
-0.21518987341772156,-1.0,0.40390129073123493,-1.0,0.4960874948719314,0.2859474619010578,0.5696911923895236,0.0,1.0,0.0,1.0,0.0,0.0,0.0,1.0,1.0,0.0
-0.16455696202531644,0.5459945655033762,-1.0,0.40790183002328284,-1.0,-1.0,0.48268372298930173,0.0,0.0,1.0,1.0,0.0,0.0,0.0,1.0,1.0,0.0
0.012658227848101333,-1.0,-1.0,-0.05612143585309892,0.3343746704698367,-1.0,0.29317766851801275,1.0,0.0,0.0,1.0,0.0,0.0,0.0,1.0,1.0,0.0
-0.08860759493670889,0.6734360250530804,-0.399956818234266,0.06596323116238967,-1.0,-1.0,0.5370876707557841,0.0,0.0,1.0,1.0,0.0,0.0,0.0,1.0,1.0,0.0
-0.2911392405063291,-0.07651953516393095,0.29122469555081776,-1.0,0.6400691704250381,-0.00228598131297586,0.6114807541562268,1.0,0.0,0.0,1.0,0.0,0.0,0.0,1.0,1.0,0.0
0.11392405063291133,0.2928374935028868,-0.7867338209790253,0.1370471997241529,-1.0,0.182160208596712,0.3260188427478288,0.0,0.0,1.0,1.0,0.0,0.0,0.0,1.0,1.0,0.0
-0.31645569620253167,0.7283791476599992,-0.5963320666755103,-1.0,-0.6786656890936953,-0.1957853297117753,0.5797479957451659,1.0,0.0,0.0,1.0,0.0,1.0,0.0,0.0,1.0,0.0
-0.4683544303797469,-1.0,-1.0,-1.0,-1.0,-1.0,-1.0,1.0,0.0,0.0,0.0,1.0,0.0,1.0,0.0,1.0,0.0
0.5949367088607596,-1.0,0.06712811693112553,-1.0,0.32905694218643444,-1.0,0.3208610993816594,1.0,0.0,0.0,1.0,0.0,0.0,0.0,1.0,1.0,0.0
0.6962025316455696,-0.09220091735077918,-0.45000744077727617,-1.0,0.5409061188515301,0.4238006592087977,0.5560532079789502,0.0,1.0,0.0,1.0,0.0,1.0,0.0,0.0,1.0,0.0
-0.06329113924050633,-1.0,0.7426972872256752,0.19021718418869282,-0.8616088449879872,0.16482610707920142,0.7251964898652605,0.0,1.0,0.0,1.0,0.0,0.0,0.0,1.0,1.0,0.0
-0.2911392405063291,-1.0,-0.11804088815051594,0.5205554762432782,-1.0,-1.0,0.37774793254669525,1.0,0.0,0.0,1.0,0.0,0.0,0.0,1.0,1.0,0.0
-0.5696202531645569,0.08292566001599933,-1.0,-1.0,0.14598543126808927,-0.5807660862253737,0.18284105572139286,1.0,0.0,0.0,1.0,0.0,1.0,0.0,0.0,1.0,0.0
-0.620253164556962,-1.0,-1.0,-1.0,-1.0,-1.0,-1.0,1.0,0.0,0.0,0.0,1.0,0.0,0.0,1.0,1.0,0.0
-0.5189873417721519,0.04854651415563338,0.24372431308907228,-1.0,-1.0,-0.8602553620751245,0.2638262595866594,1.0,0.0,0.0,1.0,0.0,0.0,1.0,0.0,1.0,0.0
0.620253164556962,-1.0,-1.0,-1.0,-1.0,-1.0,-1.0,1.0,0.0,0.0,0.0,1.0,0.0,0.0,1.0,1.0,0.0
-0.6962025316455696,-1.0,-1.0,-1.0,-1.0,-1.0,-1.0,1.0,0.0,0.0,1.0,0.0,1.0,0.0,0.0,1.0,0.0
-0.8987341772151899,-1.0,-1.0,-1.0,-1.0,-1.0,-1.0,1.0,0.0,0.0,0.0,1.0,0.0,1.0,0.0,1.0,0.0
-0.6455696202531646,-1.0,-1.0,-1.0,-1.0,-1.0,-1.0,1.0,0.0,0.0,0.0,1.0,0.0,0.0,1.0,1.0,0.0
-0.5443037974683544,0.20938661473194053,-1.0,0.3107856060099097,-0.21498650520515272,-0.6387653512873415,0.28770225852659026,1.0,0.0,0.0,1.0,0.0,0.0,0.0,1.0,1.0,0.0
0.16455696202531644,-1.0,-1.0,-1.0,-1.0,-1.0,-1.0,0.0,0.0,1.0,0.0,1.0,0.0,0.0,1.0,1.0,0.0
-0.012658227848101333,-1.0,-1.0,-1.0,-1.0,-1.0,-1.0,0.0,1.0,0.0,0.0,1.0,1.0,0.0,0.0,1.0,0.0
-0.5443037974683544,-1.0,-1.0,0.5916629878146853,-0.4343312963306818,0.1123675878781627,0.45439842133145336,1.0,0.0,0.0,1.0,0.0,0.0,1.0,0.0,1.0,0.0
-0.4683544303797469,-1.0,-1.0,-1.0,-1.0,-1.0,-1.0,1.0,0.0,0.0,0.0,1.0,0.0,1.0,0.0,1.0,0.0
-0.4683544303797469,-1.0,0.23420495199453994,-0.852735061170152,-0.3921421186822598,-1.0,0.2188784320580779,1.0,0.0,0.0,1.0,0.0,0.0,1.0,0.0,1.0,0.0
-0.2405063291139241,-1.0,-1.0,-1.0,-1.0,-1.0,-1.0,0.0,0.0,1.0,0.0,1.0,1.0,0.0,0.0,1.0,0.0
-0.31645569620253167,-1.0,-1.0,-1.0,0.47388714268655185,0.6551244589231959,0.6341832887932655,1.0,0.0,0.0,1.0,0.0,0.0,1.0,0.0,1.0,0.0
-0.08860759493670889,-1.0,-1.0,-1.0,-1.0,-1.0,-1.0,0.0,0.0,1.0,0.0,1.0,1.0,0.0,0.0,1.0,0.0
-0.36708860759493667,-1.0,-1.0,-1.0,-1.0,-1.0,-1.0,0.0,1.0,0.0,0.0,1.0,0.0,0.0,1.0,1.0,0.0
-1.0,-1.0,-1.0,-1.0,-1.0,-1.0,-1.0,0.0,0.0,1.0,1.0,0.0,1.0,0.0,0.0,1.0,0.0
0.1898734177215189,0.5931402745716785,-1.0,-0.030265900134455848,-1.0,-0.03312596205533025,0.47234079735884693,0.0,0.0,1.0,1.0,0.0,0.0,0.0,1.0,1.0,0.0
-0.3417721518987342,-0.8551412152377926,0.675765825129578,-1.0,-0.6422640538624581,-0.03479907452996045,0.6499030017856564,0.0,1.0,0.0,1.0,0.0,0.0,0.0,1.0,0.0,1.0
0.3924050632911391,-1.0,0.30872079448025036,-1.0,0.11327299354986042,0.5349140449663927,0.5346698746061975,0.0,1.0,0.0,1.0,0.0,0.0,0.0,1.0,1.0,0.0
-0.26582278481012656,-1.0,-0.6222536135015577,-1.0,-1.0,0.7375268955815784,0.6432060469323808,0.0,1.0,0.0,1.0,0.0,0.0,0.0,1.0,1.0,0.0
-0.6455696202531646,-1.0,0.08606351026654524,0.16440775989658896,-0.031261914915910016,-1.0,0.2303234008026842,1.0,0.0,0.0,1.0,0.0,0.0,0.0,1.0,1.0,0.0
-0.6708860759493671,-1.0,-1.0,-1.0,-1.0,-1.0,-1.0,1.0,0.0,0.0,0.0,1.0,0.0,1.0,0.0,1.0,0.0
-0.36708860759493667,-1.0,0.8793859062636167,0.473063941399658,0.04760106091108307,0.40018407848981097,0.8707390184895987,0.0,1.0,0.0,1.0,0.0,1.0,0.0,0.0,1.0,0.0
-0.9746835443037974,-1.0,-1.0,-1.0,-1.0,-1.0,-1.0,1.0,0.0,0.0,0.0,1.0,0.0,0.0,1.0,1.0,0.0
-0.3417721518987342,-1.0,-1.0,-1.0,-1.0,-1.0,-1.0,0.0,0.0,1.0,0.0,1.0,1.0,0.0,0.0,1.0,0.0
-0.44303797468354433,-1.0,0.36741050177133827,-1.0,-1.0,0.19330165624130147,0.39634568511239077,1.0,0.0,0.0,1.0,0.0,0.0,0.0,1.0,1.0,0.0
0.11392405063291133,-1.0,0.41745342452489176,0.030854571808936138,0.4674480971984474,0.4389388270731278,0.600304014408974,0.0,1.0,0.0,1.0,0.0,0.0,0.0,1.0,1.0,0.0
-0.08860759493670889,-1.0,0.308949848479519,-1.0,0.6866645332999228,-0.09279833959192818,0.6453625224408794,0.0,1.0,0.0,1.0,0.0,1.0,0.0,0.0,1.0,0.0
0.240506329113924,-1.0,-1.0,-1.0,-1.0,-1.0,-1.0,0.0,1.0,0.0,0.0,1.0,1.0,0.0,0.0,1.0,0.0
-0.4683544303797469,-0.2343630575961404,-0.8654440222251701,0.35622958654568526,-0.8616088449879872,-0.3012768103756228,0.2385495441006802,1.0,0.0,0.0,1.0,0.0,0.0,0.0,1.0,1.0,0.0
-0.7468354430379747,-1.0,-1.0,-1.0,-1.0,-1.0,-1.0,1.0,0.0,0.0,1.0,0.0,0.0,0.0,1.0,1.0,0.0
-1.0,-1.0,-1.0,-1.0,-1.0,-1.0,-1.0,1.0,0.0,0.0,0.0,1.0,0.0,0.0,1.0,1.0,0.0
-0.3924050632911392,0.5091174551382769,-1.0,-0.852735061170152,-1.0,-1.0,0.3767756282913959,1.0,0.0,0.0,1.0,0.0,1.0,0.0,0.0,1.0,0.0
-0.49367088607594933,-1.0,0.2206194880413752,0.3636355253075203,-0.7232176899759744,-1.0,0.3440400885860717,1.0,0.0,0.0,1.0,0.0,0.0,0.0,1.0,1.0,0.0
-0.26582278481012656,0.5345457645583664,-0.8654440222251701,0.13298088618437176,-1.0,-1.0,0.4238023821811683,0.0,0.0,1.0,1.0,0.0,0.0,0.0,1.0,1.0,0.0
0.012658227848101333,-1.0,-1.0,-1.0,-1.0,-1.0,-1.0,0.0,0.0,1.0,0.0,1.0,0.0,0.0,1.0,1.0,0.0
-0.189873417721519,-0.19986352748682001,0.3382189198084853,-1.0,-1.0,0.7792521268982229,0.7093278211685694,0.0,1.0,0.0,1.0,0.0,0.0,0.0,1.0,1.0,0.0
-0.189873417721519,-0.5408085165037282,0.26920489830879446,-0.7054701223403039,-0.6422640538624581,-1.0,0.25079928924001504,1.0,0.0,0.0,1.0,0.0,0.0,1.0,0.0,1.0,0.0
-0.5443037974683544,-1.0,-1.0,-1.0,-1.0,-1.0,-1.0,1.0,0.0,0.0,0.0,1.0,0.0,0.0,1.0,1.0,0.0
0.5696202531645569,0.23185386223564564,0.35042715355508114,-0.182003812532737,-0.07080780777595519,0.3550992159228854,0.48308280345971455,0.0,1.0,0.0,1.0,0.0,1.0,0.0,0.0,1.0,0.0
-0.5949367088607596,-1.0,-1.0,-1.0,-1.0,-1.0,-1.0,1.0,0.0,0.0,0.0,1.0,0.0,1.0,0.0,1.0,0.0
-0.49367088607594933,-1.0,0.29836509976565995,-1.0,-0.4343312963306818,-1.0,0.27883365152647244,1.0,0.0,0.0,1.0,0.0,0.0,0.0,1.0,1.0,0.0
-0.03797468354430378,-1.0,-1.0,-1.0,-1.0,-1.0,-1.0,0.0,1.0,0.0,0.0,1.0,1.0,0.0,0.0,1.0,0.0
-0.9493670886075949,-1.0,-1.0,-1.0,-1.0,-1.0,-1.0,0.0,0.0,1.0,0.0,1.0,0.0,0.0,1.0,1.0,0.0
-0.5949367088607596,-1.0,-0.4389116641832207,0.5084603900996347,-1.0,-0.3431387535006696,0.3600484146830776,1.0,0.0,0.0,1.0,0.0,1.0,0.0,0.0,1.0,0.0
-0.3417721518987342,0.26870557156146657,-1.0,0.4602613701684015,-0.2845281077249162,-1.0,0.38548592478176213,0.0,0.0,1.0,1.0,0.0,0.0,0.0,1.0,0.0,1.0
-0.5443037974683544,-0.04611033444082724,-1.0,-1.0,-0.47309575479577604,0.29726182071796736,0.2571634074633109,1.0,0.0,0.0,1.0,0.0,0.0,0.0,1.0,1.0,0.0
-0.9746835443037974,-1.0,-1.0,-1.0,-1.0,-1.0,-1.0,0.0,0.0,1.0,0.0,1.0,0.0,0.0,1.0,1.0,0.0
-0.6962025316455696,-1.0,-1.0,-1.0,-1.0,-1.0,-1.0,1.0,0.0,0.0,0.0,1.0,0.0,0.0,1.0,1.0,0.0
-0.5443037974683544,-1.0,-1.0,-1.0,0.30881786324337357,-1.0,0.24971763714062,1.0,0.0,0.0,1.0,0.0,0.0,0.0,1.0,1.0,0.0
-0.7721518987341772,-1.0,-1.0,-1.0,-1.0,-1.0,-1.0,1.0,0.0,0.0,0.0,1.0,0.0,0.0,1.0,1.0,0.0
-0.6708860759493671,-1.0,0.41992470855026465,-0.3247957777941519,-0.6422640538624581,0.02817844089879551,0.4172718164439144,1.0,0.0,0.0,1.0,0.0,1.0,0.0,0.0,1.0,0.0
-0.31645569620253167,0.5573343493591187,-0.687570694869583,0.4540121432694999,-1.0,-1.0,0.5036943131363034,0.0,0.0,1.0,1.0,0.0,1.0,0.0,0.0,1.0,0.0
-0.2405063291139241,0.5630767704001933,-1.0,-1.0,-0.47309575479577604,-1.0,0.4272529862670065,0.0,0.0,1.0,1.0,0.0,0.0,0.0,1.0,1.0,0.0
-0.620253164556962,-0.4639587993442762,-0.3675277377538795,0.12353673596711978,0.2875609637187584,-1.0,0.28947155819687853,1.0,0.0,0.0,1.0,0.0,0.0,0.0,1.0,1.0,0.0
0.26582278481012667,0.2744185573844027,-1.0,0.27766428174655644,-1.0,-1.0,0.2865880492117525,1.0,0.0,0.0,1.0,0.0,0.0,0.0,1.0,1.0,0.0
-0.49367088607594933,-1.0,-1.0,-1.0,-1.0,-1.0,-1.0,0.0,0.0,1.0,0.0,1.0,0.0,0.0,1.0,1.0,0.0
-0.5696202531645569,-1.0,-1.0,-1.0,-1.0,-1.0,-1.0,1.0,0.0,0.0,1.0,0.0,0.0,1.0,0.0,1.0,0.0
-0.31645569620253167,-0.40789510005579643,-1.0,0.42020189187102597,-1.0,-0.26663026977783433,0.2865880492117525,1.0,0.0,0.0,1.0,0.0,0.0,0.0,1.0,1.0,0.0
-0.8987341772151899,-1.0,-1.0,-1.0,-1.0,-1.0,-1.0,1.0,0.0,0.0,1.0,0.0,0.0,0.0,1.0,1.0,0.0
0.06329113924050622,0.4556115972655219,-1.0,-1.0,-1.0,-1.0,0.32782759133581085,0.0,0.0,1.0,1.0,0.0,0.0,0.0,1.0,1.0,0.0
0.31645569620253156,-0.5933299775945341,0.5054915120547077,-0.47206071662399995,0.4070807406917525,-0.8602553620751245,0.5557811361886618,0.0,1.0,0.0,1.0,0.0,0.0,0.0,1.0,1.0,0.0
-0.1392405063291139,-1.0,0.20287382207765914,0.4380232174910712,-1.0,-1.0,0.37551819167705336,0.0,0.0,1.0,1.0,0.0,0.0,1.0,0.0,0.0,1.0
0.139240506329114,-0.7102824304755853,0.5064042539202314,0.4880531173438154,0.24038553043117972,-1.0,0.5785920103673472,0.0,1.0,0.0,1.0,0.0,0.0,0.0,1.0,1.0,0.0
-0.26582278481012656,-1.0,-1.0,-1.0,-1.0,-1.0,-1.0,0.0,0.0,1.0,1.0,0.0,0.0,0.0,1.0,0.0,1.0
0.5949367088607596,-0.7102824304755853,0.2981232016136637,-1.0,-1.0,-0.6387653512873415,0.27672710334034045,1.0,0.0,0.0,1.0,0.0,0.0,0.0,1.0,1.0,0.0
-0.5443037974683544,-1.0,-1.0,-1.0,-1.0,-1.0,-1.0,1.0,0.0,0.0,0.0,1.0,0.0,0.0,1.0,1.0,0.0
-0.36708860759493667,-1.0,0.5848659508757412,-0.3531656434132101,-0.3573313781873907,0.4689610685565708,0.6243325020261214,0.0,1.0,0.0,1.0,0.0,1.0,0.0,0.0,1.0,0.0
-0.5189873417721519,-0.28234114300394575,-0.8654440222251701,0.4783807908759308,-1.0,-0.6076872028904432,0.3331530960332669,1.0,0.0,0.0,1.0,0.0,1.0,0.0,0.0,1.0,0.0
-0.31645569620253167,-1.0,-1.0,-1.0,-1.0,-1.0,-1.0,0.0,0.0,1.0,0.0,1.0,0.0,0.0,1.0,1.0,0.0
0.2911392405063291,-1.0,-1.0,-1.0,-1.0,-1.0,-1.0,0.0,1.0,0.0,0.0,1.0,1.0,0.0,0.0,1.0,0.0
-0.620253164556962,-1.0,-1.0,-1.0,-1.0,-1.0,-1.0,1.0,0.0,0.0,0.0,1.0,0.0,1.0,0.0,1.0,0.0
-0.1392405063291139,-1.0,-1.0,-1.0,-1.0,-1.0,-1.0,0.0,0.0,1.0,0.0,1.0,0.0,0.0,1.0,1.0,0.0
-0.5443037974683544,0.2790629051918003,-1.0,-1.0,0.15477674845848233,-1.0,0.2692876939616151,1.0,0.0,0.0,1.0,0.0,0.0,0.0,1.0,1.0,0.0
-0.36708860759493667,-1.0,0.7206338256969571,-1.0,-0.23558788112085693,0.13817231716639355,0.6983852901647198,0.0,1.0,0.0,1.0,0.0,0.0,1.0,0.0,0.0,1.0
0.5189873417721518,-0.5654236457133779,0.22169895277950724,-0.852735061170152,-1.0,-0.6755229990923698,0.20396408763331642,1.0,0.0,0.0,1.0,0.0,0.0,1.0,0.0,1.0,0.0
-0.03797468354430378,-0.6636483178693894,-1.0,-1.0,-1.0,0.4972583605044718,0.41625566595408126,1.0,0.0,0.0,1.0,0.0,0.0,0.0,1.0,1.0,0.0
-0.3417721518987342,-1.0,0.28511007218705586,-0.3531656434132101,-1.0,-1.0,0.2670723481288735,1.0,0.0,0.0,1.0,0.0,0.0,1.0,0.0,1.0,0.0
-0.3417721518987342,-1.0,-1.0,0.3969300728963656,-1.0,-0.8602553620751245,0.25374257209786033,1.0,0.0,0.0,1.0,0.0,0.0,0.0,1.0,1.0,0.0
-0.6708860759493671,-0.2343630575961404,-1.0,-1.0,0.31743345632520215,-1.0,0.2675668767358772,1.0,0.0,0.0,1.0,0.0,1.0,0.0,0.0,1.0,0.0
0.240506329113924,-1.0,-1.0,0.5575453203658836,0.3712338991013844,-1.0,0.49058746428822664,1.0,0.0,0.0,1.0,0.0,0.0,0.0,1.0,1.0,0.0
-0.5443037974683544,-1.0,0.5986234349356445,-1.0,0.13064535731112237,0.6447717278924929,0.7022630341886738,0.0,1.0,0.0,1.0,0.0,0.0,0.0,1.0,1.0,0.0
-0.4683544303797469,-1.0,-1.0,0.008100673612656761,-0.7806552088744709,0.31609438972260717,0.27435886579108937,1.0,0.0,0.0,1.0,0.0,0.0,0.0,1.0,1.0,0.0
-0.26582278481012656,-1.0,-1.0,-1.0,-1.0,-1.0,-1.0,1.0,0.0,0.0,0.0,1.0,0.0,1.0,0.0,1.0,0.0
-0.16455696202531644,-1.0,0.23885881423834876,-1.0,-0.7232176899759744,0.7721964522072615,0.6922570266469283,0.0,1.0,0.0,1.0,0.0,0.0,0.0,1.0,1.0,0.0
-0.4177215189873418,-0.38465038264461693,0.5261439469477533,-1.0,-1.0,-0.029820824163172333,0.5087783656570495,1.0,0.0,0.0,1.0,0.0,0.0,0.0,1.0,1.0,0.0
-0.5949367088607596,-1.0,-1.0,-1.0,-1.0,-1.0,-1.0,1.0,0.0,0.0,0.0,1.0,0.0,1.0,0.0,1.0,0.0
-0.3417721518987342,-0.2453649161795992,0.5014576372053889,-1.0,0.5444274840822172,0.023200190532007392,0.6146659002605976,0.0,1.0,0.0,1.0,0.0,0.0,0.0,1.0,1.0,0.0
-0.3417721518987342,-1.0,-1.0,-1.0,-0.1301559272165851,0.32531240194001465,0.27268341910299565,1.0,0.0,0.0,1.0,0.0,0.0,0.0,1.0,1.0,0.0
-0.26582278481012656,-1.0,-1.0,-1.0,-1.0,-1.0,-1.0,0.0,1.0,0.0,0.0,1.0,0.0,0.0,1.0,1.0,0.0
0.03797468354430378,-1.0,0.6206911792034153,-1.0,0.4427576701072067,0.4427488723582784,0.6845722562634347,0.0,1.0,0.0,1.0,0.0,0.0,0.0,1.0,1.0,0.0
0.139240506329114,0.39009238642262245,-0.14220033596201886,-1.0,-0.6114869098077889,-1.0,0.28858896092092245,0.0,0.0,1.0,1.0,0.0,0.0,0.0,1.0,0.0,1.0
-0.012658227848101333,0.22182999497646705,-1.0,0.43283200363695884,-1.0,-0.039903369849978776,0.36837725681771083,0.0,0.0,1.0,1.0,0.0,0.0,0.0,1.0,1.0,0.0
-0.49367088607594933,-1.0,-1.0,-1.0,-1.0,-1.0,-1.0,0.0,0.0,1.0,1.0,0.0,0.0,0.0,1.0,1.0,0.0
0.139240506329114,-1.0,-0.553014717094753,-1.0,0.3485988101717077,-0.4287989852180887,0.29317766851801275,1.0,0.0,0.0,1.0,0.0,0.0,0.0,1.0,1.0,0.0
-0.7721518987341772,-1.0,-1.0,-1.0,-1.0,-1.0,-1.0,1.0,0.0,0.0,1.0,0.0,0.0,0.0,1.0,1.0,0.0
-0.03797468354430378,-0.3447223122490274,-0.553014717094753,-0.2110204317621882,0.3171612596463158,-1.0,0.2753096940518822,1.0,0.0,0.0,1.0,0.0,0.0,0.0,1.0,1.0,0.0
-0.5696202531645569,-1.0,-1.0,-1.0,-1.0,-1.0,-1.0,0.0,1.0,0.0,0.0,1.0,1.0,0.0,0.0,1.0,0.0
-0.5696202531645569,-1.0,-1.0,-1.0,-1.0,-1.0,-1.0,0.0,1.0,0.0,0.0,1.0,0.0,0.0,1.0,1.0,0.0
-0.06329113924050633,-1.0,0.7872799880165575,-1.0,0.7266012508431248,0.31402051063773806,0.8494642807710313,0.0,1.0,0.0,1.0,0.0,1.0,0.0,0.0,1.0,0.0
-0.7974683544303798,-1.0,-1.0,-1.0,-1.0,-1.0,-1.0,1.0,0.0,0.0,1.0,0.0,0.0,0.0,1.0,1.0,0.0
-0.3417721518987342,-1.0,-1.0,-1.0,-1.0,-1.0,-1.0,0.0,1.0,0.0,0.0,1.0,0.0,0.0,1.0,1.0,0.0
-0.189873417721519,-0.10050613141739173,-1.0,0.49244567212293644,-1.0,-0.04514025899005125,0.36837725681771083,0.0,0.0,1.0,1.0,0.0,0.0,0.0,1.0,1.0,0.0
-0.16455696202531644,-0.3191000145820688,-1.0,0.5355775881512239,0.27884378568289026,-1.0,0.4496122116784955,0.0,0.0,1.0,1.0,0.0,0.0,0.0,1.0,1.0,0.0
-0.08860759493670889,-1.0,-1.0,-1.0,-1.0,-1.0,-1.0,1.0,0.0,0.0,0.0,1.0,0.0,0.0,1.0,1.0,0.0
-0.36708860759493667,0.2808921251886112,0.06472656166044732,-1.0,0.09424372207988507,-1.0,0.3046970831043385,1.0,0.0,0.0,1.0,0.0,0.0,1.0,0.0,1.0,0.0
0.1898734177215189,0.06194771015643852,-1.0,0.5121100719420888,-0.27905773174939197,-1.0,0.38495303646526313,0.0,0.0,1.0,1.0,0.0,0.0,0.0,1.0,1.0,0.0
0.1898734177215189,-1.0,-1.0,-1.0,-1.0,-1.0,-1.0,0.0,1.0,0.0,0.0,1.0,1.0,0.0,0.0,1.0,0.0
-0.49367088607594933,0.058016803350540824,-1.0,-1.0,0.25799115694638375,-0.7205107241502491,0.25025923032049513,1.0,0.0,0.0,1.0,0.0,0.0,0.0,1.0,1.0,0.0
-0.49367088607594933,-1.0,-1.0,-1.0,-1.0,-1.0,-1.0,1.0,0.0,0.0,0.0,1.0,0.0,0.0,1.0,1.0,0.0
-0.7721518987341772,-1.0,-1.0,-1.0,-1.0,-1.0,-1.0,1.0,0.0,0.0,0.0,1.0,0.0,0.0,1.0,1.0,0.0
-0.36708860759493667,0.4606805615321308,-0.8654440222251701,-0.10667774643083394,-1.0,-0.6387653512873415,0.34470031667833156,0.0,0.0,1.0,1.0,0.0,0.0,0.0,1.0,1.0,0.0
-0.08860759493670889,-1.0,0.5798845708660916,-1.0,0.22715294660188579,0.18101143684969268,0.5922466455312869,0.0,1.0,0.0,1.0,0.0,0.0,0.0,1.0,1.0,0.0
-0.44303797468354433,0.37381402840314926,-1.0,0.39987275701603164,0.15539013214534902,-1.0,0.42542763218737756,0.0,0.0,1.0,1.0,0.0,0.0,0.0,1.0,1.0,0.0
-0.16455696202531644,-1.0,-1.0,-1.0,-1.0,-1.0,-1.0,1.0,0.0,0.0,0.0,1.0,1.0,0.0,0.0,1.0,0.0
-0.5443037974683544,-1.0,-1.0,0.42751076384406783,-1.0,-1.0,0.28091717686720474,1.0,0.0,0.0,1.0,0.0,0.0,0.0,1.0,1.0,0.0
-0.9240506329113924,-1.0,-1.0,-1.0,-1.0,-1.0,-1.0,0.0,0.0,1.0,0.0,1.0,0.0,0.0,1.0,1.0,0.0
-0.9493670886075949,-1.0,-1.0,-1.0,-1.0,-1.0,-1.0,0.0,1.0,0.0,0.0,1.0,0.0,0.0,1.0,1.0,0.0
-0.189873417721519,-1.0,-1.0,-1.0,-1.0,-1.0,-1.0,0.0,1.0,0.0,0.0,1.0,1.0,0.0,0.0,1.0,0.0
-0.03797468354430378,-1.0,-1.0,-1.0,-1.0,-1.0,-1.0,1.0,0.0,0.0,0.0,1.0,0.0,1.0,0.0,1.0,0.0
-0.5189873417721519,-1.0,-1.0,-1.0,-1.0,-1.0,-1.0,0.0,1.0,0.0,0.0,1.0,1.0,0.0,0.0,1.0,0.0
-0.8987341772151899,-1.0,-1.0,-1.0,-1.0,-1.0,-1.0,0.0,0.0,1.0,0.0,1.0,0.0,0.0,1.0,1.0,0.0
-0.11392405063291144,-1.0,-1.0,-1.0,-1.0,-1.0,-1.0,1.0,0.0,0.0,0.0,1.0,0.0,0.0,1.0,1.0,0.0
0.11392405063291133,0.6702099863907689,-1.0,-0.4905470142953362,-0.487891873354127,0.31872983765745766,0.5648204517881152,0.0,0.0,1.0,1.0,0.0,1.0,0.0,0.0,1.0,0.0
0.08860759493670889,-1.0,-1.0,-1.0,-1.0,-1.0,-1.0,1.0,0.0,0.0,0.0,1.0,1.0,0.0,0.0,1.0,0.0
0.3924050632911391,-0.8551412152377926,-1.0,-0.1336929311778977,-1.0,0.3484318107715245,0.28858896092092245,1.0,0.0,0.0,1.0,0.0,0.0,0.0,1.0,1.0,0.0
-0.2911392405063291,0.03717026089947861,-1.0,0.6016165629656336,-0.17279732755673072,-1.0,0.4567929733193641,0.0,0.0,1.0,1.0,0.0,0.0,0.0,1.0,1.0,0.0
-0.06329113924050633,0.5202720262242606,-0.687570694869583,-1.0,-0.7232176899759744,-1.0,0.3877342279185729,1.0,0.0,0.0,1.0,0.0,0.0,0.0,1.0,1.0,0.0
-0.9493670886075949,-1.0,-1.0,-1.0,-1.0,-1.0,-1.0,0.0,0.0,1.0,1.0,0.0,1.0,0.0,0.0,1.0,0.0
-0.3924050632911392,0.31982804099379947,-0.8654440222251701,-1.0,0.08747506597815091,-1.0,0.2707504172839674,1.0,0.0,0.0,1.0,0.0,0.0,0.0,1.0,1.0,0.0
-0.11392405063291144,0.17077028839756103,-0.687570694869583,0.2998411230595843,-0.5848265349639614,-1.0,0.25820374112875566,1.0,0.0,0.0,1.0,0.0,0.0,0.0,1.0,1.0,0.0
0.26582278481012667,-1.0,-1.0,-1.0,-1.0,-1.0,-1.0,0.0,0.0,1.0,0.0,1.0,0.0,0.0,1.0,1.0,0.0
-0.9240506329113924,-1.0,-1.0,-1.0,-1.0,-1.0,-1.0,1.0,0.0,0.0,0.0,1.0,0.0,0.0,1.0,1.0,0.0
-0.44303797468354433,-0.296278776647921,0.02361176862268244,-0.7665905942836959,-1.0,0.19275896709497897,0.21791963370296363,1.0,0.0,0.0,1.0,0.0,0.0,1.0,0.0,1.0,0.0
-0.012658227848101333,0.5500526939911754,-1.0,0.1838509132162347,0.08574642978544778,-1.0,0.46327124096614014,1.0,0.0,0.0,1.0,0.0,1.0,0.0,0.0,1.0,0.0
-0.012658227848101333,-1.0,-1.0,-1.0,-1.0,-1.0,-1.0,0.0,1.0,0.0,0.0,1.0,0.0,0.0,1.0,1.0,0.0
0.06329113924050622,-1.0,0.32686819055878225,0.46070078789887137,-1.0,0.24552849315593916,0.4820434514517864,0.0,1.0,0.0,1.0,0.0,0.0,0.0,1.0,1.0,0.0
0.139240506329114,-1.0,-1.0,-1.0,-1.0,-1.0,-1.0,0.0,1.0,0.0,0.0,1.0,1.0,0.0,0.0,1.0,0.0
-0.6455696202531646,-1.0,-1.0,-1.0,-1.0,-1.0,-1.0,1.0,0.0,0.0,0.0,1.0,1.0,0.0,0.0,1.0,0.0
-0.2405063291139241,-1.0,-1.0,-1.0,-1.0,-1.0,-1.0,0.0,1.0,0.0,0.0,1.0,0.0,0.0,1.0,1.0,0.0
-0.2405063291139241,-0.3191000145820688,0.06871280525669077,0.12460705761087176,-0.7806552088744709,0.1642009627143608,0.2724428630192193,1.0,0.0,0.0,1.0,0.0,1.0,0.0,0.0,1.0,0.0
-0.1392405063291139,-1.0,-1.0,-1.0,-1.0,-1.0,-1.0,0.0,0.0,1.0,0.0,1.0,0.0,0.0,1.0,1.0,0.0
-0.08860759493670889,-1.0,-1.0,-1.0,-1.0,-1.0,-1.0,1.0,0.0,0.0,0.0,1.0,0.0,0.0,1.0,1.0,0.0
-0.620253164556962,0.4450892136179987,-0.8654440222251701,-1.0,-1.0,0.15589260594349064,0.3692484266707776,1.0,0.0,0.0,1.0,0.0,1.0,0.0,0.0,1.0,0.0
0.4430379746835442,-0.7102824304755853,0.38918020817416266,-0.27738705659295493,0.01699897713333609,-0.46794256496556785,0.39279405957774927,1.0,0.0,0.0,1.0,0.0,1.0,0.0,0.0,1.0,0.0
-0.49367088607594933,-0.3191000145820688,-1.0,0.4194036752892172,-0.23997610684263726,-0.23254297751680364,0.29891965093869466,1.0,0.0,0.0,1.0,0.0,0.0,0.0,1.0,1.0,0.0
-0.06329113924050633,-1.0,-1.0,-1.0,-1.0,-1.0,-1.0,0.0,1.0,0.0,0.0,1.0,1.0,0.0,0.0,1.0,0.0
0.240506329113924,-1.0,0.1463679862872065,-1.0,-1.0,0.20893808625318067,0.2665765333601957,1.0,0.0,0.0,1.0,0.0,0.0,0.0,1.0,1.0,0.0
-1.0,-1.0,-1.0,-1.0,-1.0,-1.0,-1.0,1.0,0.0,0.0,1.0,0.0,0.0,0.0,1.0,1.0,0.0
0.1898734177215189,-1.0,-1.0,-1.0,-1.0,-1.0,-1.0,0.0,0.0,1.0,1.0,0.0,0.0,0.0,1.0,1.0,0.0
-0.16455696202531644,-1.0,-1.0,-1.0,-1.0,-1.0,-1.0,0.0,1.0,0.0,1.0,0.0,0.0,0.0,1.0,1.0,0.0
0.4177215189873418,-1.0,-1.0,-1.0,-1.0,-1.0,-1.0,0.0,1.0,0.0,0.0,1.0,1.0,0.0,0.0,1.0,0.0
-0.3924050632911392,-1.0,-1.0,-1.0,-1.0,-1.0,-1.0,1.0,0.0,0.0,0.0,1.0,0.0,1.0,0.0,1.0,0.0
-0.26582278481012656,-1.0,0.11793668188518991,-1.0,-1.0,0.17457345047334605,0.23623521314618867,1.0,0.0,0.0,1.0,0.0,0.0,0.0,1.0,1.0,0.0
-0.4177215189873418,-0.2891937913590461,-0.3098243083711406,-0.852735061170152,0.5875080689719596,-1.0,0.5200733841402396,1.0,0.0,0.0,1.0,0.0,1.0,0.0,0.0,1.0,0.0
-0.49367088607594933,0.5714049712110965,-1.0,-1.0,-1.0,-1.0,0.4334557940154524,1.0,0.0,0.0,1.0,0.0,1.0,0.0,0.0,1.0,0.0
-0.21518987341772156,-0.20915337023183045,0.2934689198738558,-0.852735061170152,0.296518429945555,-1.0,0.39253782207802046,0.0,0.0,1.0,1.0,0.0,0.0,0.0,1.0,1.0,0.0
-0.4177215189873418,-1.0,-1.0,-1.0,-0.7232176899759744,0.5241794771695414,0.4415564569804693,1.0,0.0,0.0,1.0,0.0,0.0,1.0,0.0,1.0,0.0
-0.44303797468354433,-1.0,-0.1725147632671038,0.10679907694839819,0.28146656537687287,-0.3861971921026601,0.2936089824375072,1.0,0.0,0.0,1.0,0.0,0.0,0.0,1.0,1.0,0.0
-0.3417721518987342,-1.0,0.7808640704695815,-0.1605250936047159,0.08135820406366734,0.5715887090714946,0.7960269828522264,0.0,1.0,0.0,1.0,0.0,1.0,0.0,0.0,1.0,0.0
-0.31645569620253167,-1.0,-1.0,-1.0,-1.0,-1.0,-1.0,1.0,0.0,0.0,0.0,1.0,0.0,0.0,1.0,1.0,0.0
0.26582278481012667,0.3832307375700763,-0.00881731185770429,0.18943175483965313,-1.0,-1.0,0.34877573205275003,0.0,0.0,1.0,1.0,0.0,0.0,0.0,1.0,1.0,0.0
-0.3417721518987342,-1.0,-1.0,-1.0,-1.0,-1.0,-1.0,0.0,0.0,1.0,1.0,0.0,0.0,0.0,1.0,1.0,0.0
0.16455696202531644,0.08985404203759484,-0.5963320666755103,0.37212819861853785,0.040106381343727016,-0.6387653512873415,0.3197374772423094,1.0,0.0,0.0,1.0,0.0,0.0,0.0,1.0,1.0,0.0
-0.16455696202531644,-1.0,-1.0,-1.0,-1.0,-1.0,-1.0,0.0,0.0,1.0,0.0,1.0,0.0,0.0,1.0,1.0,0.0
-0.08860759493670889,0.5888034311406845,-1.0,-0.4905470142953362,-0.10607179757566865,-1.0,0.45834253547654136,0.0,0.0,1.0,1.0,0.0,0.0,0.0,1.0,1.0,0.0
-0.16455696202531644,-1.0,-1.0,-1.0,-1.0,-1.0,-1.0,0.0,1.0,0.0,0.0,1.0,1.0,0.0,0.0,1.0,0.0
-0.012658227848101333,-1.0,-1.0,0.5220406283666021,0.08135820406366734,-1.0,0.39621997414766574,1.0,0.0,0.0,1.0,0.0,1.0,0.0,0.0,1.0,0.0
0.26582278481012667,-0.0012250776503305305,-1.0,0.4763515643996339,-1.0,-1.0,0.3451939915448772,0.0,0.0,1.0,1.0,0.0,0.0,0.0,1.0,1.0,0.0
-0.44303797468354433,0.049925971642005296,-1.0,0.36398183083969005,-0.6114869098077889,-1.0,0.26731977278540575,1.0,0.0,0.0,1.0,0.0,0.0,0.0,1.0,1.0,0.0
-0.189873417721519,-1.0,-1.0,-1.0,-1.0,-1.0,-1.0,0.0,1.0,0.0,0.0,1.0,0.0,0.0,1.0,1.0,0.0
-0.21518987341772156,-1.0,0.7093570694912776,0.14398118940725824,0.2856564383103728,1.0,0.9511219261152344,0.0,1.0,0.0,1.0,0.0,0.0,0.0,1.0,1.0,0.0
-0.3417721518987342,-1.0,0.16645029527548583,-1.0,-1.0,0.2545267324597493,0.29891965093869466,1.0,0.0,0.0,1.0,0.0,1.0,0.0,0.0,1.0,0.0
-0.9493670886075949,-1.0,-1.0,-1.0,-1.0,-1.0,-1.0,0.0,1.0,0.0,1.0,0.0,0.0,0.0,1.0,1.0,0.0
-0.36708860759493667,-1.0,-1.0,-1.0,-1.0,-1.0,-1.0,0.0,1.0,0.0,0.0,1.0,0.0,0.0,1.0,1.0,0.0
-0.8987341772151899,-1.0,-1.0,-1.0,-1.0,-1.0,-1.0,0.0,0.0,1.0,1.0,0.0,0.0,0.0,1.0,1.0,0.0
-0.31645569620253167,-1.0,-1.0,-1.0,-1.0,-1.0,-1.0,1.0,0.0,0.0,0.0,1.0,0.0,0.0,1.0,1.0,0.0
-0.2911392405063291,-1.0,-1.0,-1.0,-1.0,-1.0,-1.0,1.0,0.0,0.0,0.0,1.0,0.0,0.0,1.0,1.0,0.0
-0.189873417721519,0.63975394734702,-1.0,0.3012404150350836,-0.7806552088744709,-1.0,0.5272268731885699,0.0,0.0,1.0,1.0,0.0,1.0,0.0,0.0,1.0,0.0
0.36708860759493667,-1.0,-1.0,-1.0,-1.0,-1.0,-1.0,0.0,1.0,0.0,0.0,1.0,0.0,0.0,1.0,1.0,0.0
-0.3417721518987342,-1.0,0.7484917204036599,0.13195202995123134,-1.0,0.22668921014354848,0.7315818649818839,0.0,1.0,0.0,1.0,0.0,1.0,0.0,0.0,1.0,0.0
-0.7974683544303798,-1.0,-1.0,-1.0,-1.0,-1.0,-1.0,0.0,0.0,1.0,1.0,0.0,0.0,0.0,1.0,1.0,0.0
-0.21518987341772156,-1.0,-1.0,-1.0,-1.0,-1.0,-1.0,0.0,1.0,0.0,0.0,1.0,1.0,0.0,0.0,1.0,0.0
0.26582278481012667,0.22895524364094189,-1.0,0.37868607716759684,-1.0,-1.0,0.3197374772423094,0.0,0.0,1.0,1.0,0.0,0.0,0.0,1.0,1.0,0.0
-0.4683544303797469,-0.23979159788240956,-1.0,-0.26367530585075993,0.3071065136253397,-0.16153217245074747,0.28091717686720474,1.0,0.0,0.0,1.0,0.0,0.0,0.0,1.0,1.0,0.0
-0.49367088607594933,-1.0,-1.0,0.4310730240111291,-0.6422640538624581,-1.0,0.28524234476922583,1.0,0.0,0.0,1.0,0.0,0.0,0.0,1.0,1.0,0.0
-0.6708860759493671,-0.6636483178693894,-0.10602943418950594,-0.852735061170152,-1.0,0.28832936686039434,0.24890235148852158,1.0,0.0,0.0,1.0,0.0,1.0,0.0,0.0,1.0,0.0
0.03797468354430378,0.39881797084198367,-0.45000744077727617,0.027508701132941793,0.38096526596618174,-1.0,0.44480022801761,0.0,0.0,1.0,1.0,0.0,0.0,0.0,1.0,1.0,0.0
-0.21518987341772156,0.18850420545101287,0.19887937575587245,-0.26367530585075993,-0.7232176899759744,-1.0,0.2764915990842052,1.0,0.0,0.0,1.0,0.0,0.0,0.0,1.0,1.0,0.0
-0.31645569620253167,-1.0,-1.0,-1.0,-1.0,-1.0,-1.0,1.0,0.0,0.0,0.0,1.0,0.0,0.0,1.0,1.0,0.0
-0.1392405063291139,-1.0,-1.0,-1.0,-1.0,-1.0,-1.0,0.0,0.0,1.0,0.0,1.0,0.0,0.0,1.0,1.0,0.0
-0.4177215189873418,-1.0,-1.0,-1.0,-1.0,-1.0,-1.0,1.0,0.0,0.0,0.0,1.0,0.0,0.0,1.0,1.0,0.0
0.06329113924050622,-1.0,-1.0,-0.5331811885673919,0.6240971528573025,-1.0,0.55120708364728,1.0,0.0,0.0,1.0,0.0,0.0,0.0,1.0,1.0,0.0
0.16455696202531644,-1.0,-1.0,-1.0,-1.0,-1.0,-1.0,0.0,1.0,0.0,0.0,1.0,0.0,0.0,1.0,1.0,0.0
-0.3417721518987342,0.41380554163654293,-1.0,-1.0,-1.0,-1.0,0.2896915705364711,0.0,0.0,1.0,1.0,0.0,1.0,0.0,0.0,1.0,0.0
-0.44303797468354433,0.3552047908518825,-0.7867338209790253,-0.058635765753514146,-1.0,-1.0,0.25949622520548155,1.0,0.0,0.0,1.0,0.0,1.0,0.0,0.0,1.0,0.0
0.3417721518987342,-1.0,-1.0,-1.0,-1.0,-1.0,-1.0,0.0,1.0,0.0,0.0,1.0,0.0,0.0,1.0,1.0,0.0
-0.49367088607594933,-1.0,-0.7308880444503403,0.734134527680183,0.05784208684864778,-0.4172753404995585,0.567604329336467,0.0,0.0,1.0,1.0,0.0,1.0,0.0,0.0,1.0,0.0
-0.6455696202531646,-1.0,-0.8654440222251701,0.2734674362055378,0.1374602247851353,-1.0,0.2486298129559037,1.0,0.0,0.0,1.0,0.0,1.0,0.0,0.0,1.0,0.0
0.36708860759493667,-1.0,-1.0,-1.0,-1.0,-1.0,-1.0,0.0,0.0,1.0,0.0,1.0,0.0,0.0,1.0,1.0,0.0
0.03797468354430378,-1.0,0.16929117390563198,-1.0,0.6575000784587763,-1.0,0.601207220631552,0.0,1.0,0.0,1.0,0.0,0.0,0.0,1.0,1.0,0.0
-0.49367088607594933,0.3951606041189326,-1.0,-1.0,-1.0,-1.0,0.27268341910299565,1.0,0.0,0.0,1.0,0.0,0.0,0.0,1.0,1.0,0.0
-0.5189873417721519,0.44776989334736483,0.08461482263381237,0.05290707220273916,-1.0,-1.0,0.3846860326805843,0.0,0.0,1.0,1.0,0.0,0.0,0.0,1.0,1.0,0.0
-0.5443037974683544,-0.2891937913590461,-1.0,0.646042004537533,-1.0,-0.8602553620751245,0.4794606424818886,0.0,0.0,1.0,1.0,0.0,0.0,0.0,1.0,1.0,0.0
-0.44303797468354433,-0.7704042582518641,0.07795851652984287,0.24395919459839965,-0.7806552088744709,-1.0,0.2226661196528228,1.0,0.0,0.0,1.0,0.0,0.0,1.0,0.0,1.0,0.0
0.3417721518987342,-1.0,-1.0,0.40790183002328284,-0.2312940331994816,-1.0,0.27459701781593626,1.0,0.0,0.0,1.0,0.0,1.0,0.0,0.0,1.0,0.0
-0.08860759493670889,-0.019569043666193497,-1.0,0.45491622291861766,0.3495274454878723,-1.0,0.4403630842504507,0.0,0.0,1.0,1.0,0.0,0.0,0.0,1.0,1.0,0.0
-0.5696202531645569,-1.0,0.24340371311222508,-1.0,-1.0,0.08648480258697289,0.27976247514746677,1.0,0.0,0.0,1.0,0.0,0.0,0.0,1.0,1.0,0.0
-0.36708860759493667,-1.0,0.6200007579355278,-1.0,-0.7806552088744709,0.3707501470421666,0.6277974219292504,0.0,1.0,0.0,1.0,0.0,0.0,0.0,1.0,0.0,1.0
-0.3417721518987342,-1.0,-1.0,-1.0,-1.0,-1.0,-1.0,0.0,1.0,0.0,0.0,1.0,1.0,0.0,0.0,1.0,0.0
-0.6708860759493671,-1.0,-1.0,-1.0,-1.0,-1.0,-1.0,0.0,1.0,0.0,0.0,1.0,0.0,0.0,1.0,1.0,0.0
-0.08860759493670889,-1.0,-1.0,-1.0,-1.0,-1.0,-1.0,1.0,0.0,0.0,0.0,1.0,0.0,0.0,1.0,1.0,0.0
-0.5696202531645569,0.20550439070385473,0.013392396414998897,-1.0,-1.0,0.1959934037844837,0.29252886243144127,1.0,0.0,0.0,1.0,0.0,1.0,0.0,0.0,1.0,0.0
-0.3417721518987342,0.1462515332041019,0.06633089510487356,0.3249690859014427,-1.0,-1.0,0.3155599248589984,1.0,0.0,0.0,1.0,0.0,0.0,0.0,1.0,1.0,0.0
0.3924050632911391,-1.0,0.21401352292619746,0.03739226908066362,-0.16965306992792295,-0.7205107241502491,0.2534768707710904,1.0,0.0,0.0,1.0,0.0,1.0,0.0,0.0,1.0,0.0
-0.7468354430379747,-1.0,-1.0,-1.0,-1.0,-1.0,-1.0,1.0,0.0,0.0,1.0,0.0,1.0,0.0,0.0,1.0,0.0
-0.44303797468354433,-0.5408085165037282,-1.0,0.42073237503538574,-1.0,-0.48288339142554504,0.27953069314797574,1.0,0.0,0.0,1.0,0.0,0.0,0.0,1.0,1.0,0.0
-0.26582278481012656,-1.0,-1.0,-1.0,-1.0,-1.0,-1.0,0.0,1.0,0.0,0.0,1.0,0.0,0.0,1.0,1.0,0.0
0.06329113924050622,0.5608225595253837,0.21289033806555824,-1.0,-0.487891873354127,0.3128257877570684,0.5232643699572985,0.0,1.0,0.0,1.0,0.0,1.0,0.0,0.0,1.0,0.0
-0.06329113924050633,-0.1033495365093745,-1.0,-0.37442921457910205,-1.0,0.35018168198363786,0.2968131027525629,1.0,0.0,0.0,1.0,0.0,0.0,0.0,1.0,1.0,0.0
-0.31645569620253167,0.14969172694154254,-1.0,0.31735023937003404,0.1374602247851353,-0.35927607543759066,0.3274672118880446,0.0,0.0,1.0,1.0,0.0,0.0,0.0,1.0,1.0,0.0
-0.4683544303797469,0.7348067831424134,-1.0,-0.17753083896430388,-0.11535980865823414,-1.0,0.5885685763761932,0.0,0.0,1.0,1.0,0.0,1.0,0.0,0.0,1.0,0.0
0.08860759493670889,-1.0,-1.0,-1.0,-1.0,-1.0,-1.0,0.0,1.0,0.0,0.0,1.0,1.0,0.0,0.0,1.0,0.0
-0.9493670886075949,-1.0,-1.0,-1.0,-1.0,-1.0,-1.0,0.0,0.0,1.0,0.0,1.0,0.0,0.0,1.0,1.0,0.0
-0.44303797468354433,-0.22907196358276727,-1.0,-0.1164103670209119,-0.7232176899759744,0.30736015162997177,0.26458027772622783,1.0,0.0,0.0,1.0,0.0,0.0,0.0,1.0,1.0,0.0
0.06329113924050622,0.3205825076991473,-1.0,0.5007857118393633,-1.0,0.1331228143174623,0.4488504097812791,0.0,0.0,1.0,1.0,0.0,0.0,0.0,1.0,1.0,0.0
0.1898734177215189,-1.0,-0.8654440222251701,-1.0,0.3726829398126239,-0.6387653512873415,0.31187686902665845,1.0,0.0,0.0,1.0,0.0,0.0,0.0,1.0,1.0,0.0
-0.03797468354430378,-1.0,0.4544107432893687,0.3116726987264371,-0.5402745340816825,0.7166574744901371,0.6950575081500221,0.0,1.0,0.0,1.0,0.0,0.0,0.0,1.0,1.0,0.0
-0.4683544303797469,-1.0,-1.0,-1.0,-1.0,-1.0,-1.0,1.0,0.0,0.0,0.0,1.0,1.0,0.0,0.0,1.0,0.0
0.21518987341772156,-1.0,-1.0,-1.0,0.20067571462340483,0.1458602429317719,0.2494462624740159,0.0,1.0,0.0,1.0,0.0,0.0,0.0,1.0,1.0,0.0
0.03797468354430378,0.7110395252579595,0.5799979275068943,-1.0,-1.0,-0.17793217702564434,0.6899812525473223,0.0,1.0,0.0,1.0,0.0,0.0,0.0,1.0,1.0,0.0
-0.9240506329113924,-1.0,-1.0,-1.0,-1.0,-1.0,-1.0,1.0,0.0,0.0,1.0,0.0,0.0,0.0,1.0,1.0,0.0
-0.3924050632911392,-1.0,-1.0,-1.0,-1.0,-1.0,-1.0,1.0,0.0,0.0,0.0,1.0,0.0,1.0,0.0,1.0,0.0
-0.6455696202531646,-1.0,-1.0,-1.0,-1.0,-1.0,-1.0,1.0,0.0,0.0,0.0,1.0,0.0,1.0,0.0,1.0,0.0
-0.21518987341772156,-0.8551412152377926,-1.0,-0.7665905942836959,0.2791735235498094,-1.0,0.22235333751358932,1.0,0.0,0.0,1.0,0.0,1.0,0.0,0.0,1.0,0.0
-0.49367088607594933,0.11446917124724432,-1.0,0.36944729999383497,-0.15754898630665604,0.26237242657209237,0.38455239042407885,0.0,0.0,1.0,1.0,0.0,0.0,0.0,1.0,1.0,0.0
-0.03797468354430378,-1.0,0.31985476551453873,-1.0,-1.0,0.6804971389814709,0.62618578373439,0.0,1.0,0.0,1.0,0.0,1.0,0.0,0.0,1.0,0.0
-0.5696202531645569,-1.0,-1.0,-1.0,-1.0,-1.0,-1.0,0.0,1.0,0.0,0.0,1.0,0.0,0.0,1.0,1.0,0.0
-0.5189873417721519,-1.0,-0.011184697806016386,0.33708977129679174,-1.0,-1.0,0.24971763714062,1.0,0.0,0.0,1.0,0.0,0.0,0.0,1.0,1.0,0.0
-0.5189873417721519,-1.0,-1.0,-1.0,-1.0,-1.0,-1.0,0.0,1.0,0.0,0.0,1.0,1.0,0.0,0.0,1.0,0.0
0.240506329113924,-1.0,-1.0,-1.0,-1.0,-1.0,-1.0,0.0,0.0,1.0,0.0,1.0,0.0,0.0,1.0,1.0,0.0
-0.36708860759493667,0.5202720262242606,-1.0,-1.0,-1.0,-0.46794256496556785,0.38852145823652084,0.0,0.0,1.0,1.0,0.0,0.0,0.0,1.0,0.0,1.0
-0.21518987341772156,-1.0,-1.0,-1.0,-1.0,-1.0,-1.0,1.0,0.0,0.0,0.0,1.0,0.0,1.0,0.0,1.0,0.0
-0.3417721518987342,-0.25109094697931345,-0.26986364026596166,0.39544330407921247,-1.0,-1.0,0.2717193681429104,1.0,0.0,0.0,1.0,0.0,0.0,0.0,1.0,1.0,0.0
-0.31645569620253167,-1.0,-0.399956818234266,-1.0,0.7974945103729982,-0.6755229990923698,0.7169134250390152,0.0,1.0,0.0,1.0,0.0,0.0,0.0,1.0,1.0,0.0
0.26582278481012667,-1.0,-1.0,-1.0,-1.0,-1.0,-1.0,0.0,0.0,1.0,1.0,0.0,0.0,0.0,1.0,1.0,0.0
-0.11392405063291144,-1.0,0.4160081686712529,-0.7665905942836959,0.2179667022950793,0.2661836723210691,0.4878854860807529,0.0,1.0,0.0,1.0,0.0,1.0,0.0,0.0,1.0,0.0
-0.6708860759493671,-1.0,-0.4743045158486082,0.43507235898640384,-1.0,-0.1350052082008103,0.30591264941883556,1.0,0.0,0.0,1.0,0.0,0.0,1.0,0.0,1.0,0.0
-0.31645569620253167,-0.06668303489978522,0.04614407479573068,-1.0,-1.0,0.24469020131979047,0.2705074081100842,1.0,0.0,0.0,1.0,0.0,0.0,0.0,1.0,1.0,0.0
-1.0,-1.0,-1.0,-1.0,-1.0,-1.0,-1.0,1.0,0.0,0.0,0.0,1.0,0.0,0.0,1.0,1.0,0.0
-0.2405063291139241,0.06194771015643852,-1.0,0.39781716561289304,0.01699897713333609,-1.0,0.3247424298517094,0.0,0.0,1.0,1.0,0.0,0.0,0.0,1.0,1.0,0.0
-0.4683544303797469,-1.0,-1.0,-1.0,-1.0,-1.0,-1.0,0.0,1.0,0.0,0.0,1.0,1.0,0.0,0.0,1.0,0.0
-0.44303797468354433,-0.7704042582518641,-1.0,-0.5865750491295142,-0.0765953501931399,0.2673131368780468,0.23359755994066989,1.0,0.0,0.0,1.0,0.0,0.0,0.0,1.0,1.0,0.0
0.3417721518987342,-1.0,-1.0,-1.0,-1.0,-1.0,-1.0,0.0,1.0,0.0,1.0,0.0,0.0,0.0,1.0,1.0,0.0
-0.44303797468354433,0.3795716115620096,-0.04210392323829204,-1.0,-1.0,-1.0,0.2912245882145654,1.0,0.0,0.0,1.0,0.0,0.0,0.0,1.0,1.0,0.0
-0.3924050632911392,0.16371189348347936,-1.0,0.4150951190775549,-1.0,-1.0,0.3247424298517094,0.0,0.0,1.0,1.0,0.0,0.0,0.0,1.0,1.0,0.0
-0.2405063291139241,-1.0,0.5877183357852513,0.45150590255399115,-0.8616088449879872,0.5242844544674743,0.671142113371709,0.0,1.0,0.0,1.0,0.0,1.0,0.0,0.0,1.0,0.0
-0.4683544303797469,0.4894278887148156,-1.0,0.49168824388061894,-1.0,-0.7205107241502491,0.4811595521309302,0.0,0.0,1.0,1.0,0.0,0.0,0.0,1.0,1.0,0.0
-0.5443037974683544,-1.0,-1.0,-1.0,-1.0,-1.0,-1.0,1.0,0.0,0.0,0.0,1.0,1.0,0.0,0.0,1.0,0.0
0.06329113924050622,0.27205709666098765,-1.0,-1.0,-1.0,0.1171680264773245,0.24726124518980264,1.0,0.0,0.0,1.0,0.0,0.0,0.0,1.0,1.0,0.0
-0.31645569620253167,-1.0,-0.2329717599790495,-1.0,-0.27373324999522164,0.32219101959465446,0.27268341910299565,1.0,0.0,0.0,1.0,0.0,0.0,0.0,1.0,1.0,0.0
-0.9240506329113924,-1.0,-1.0,-1.0,-1.0,-1.0,-1.0,1.0,0.0,0.0,0.0,1.0,0.0,0.0,1.0,1.0,0.0
-0.5443037974683544,0.34673998376460435,-1.0,-1.0,-0.3080442249399358,0.011528249450685424,0.27672710334034045,1.0,0.0,0.0,1.0,0.0,0.0,0.0,1.0,1.0,0.0
-0.1392405063291139,-0.48068668872744935,0.5727239488223728,-1.0,0.38195219942928804,-0.4410214483004983,0.5966917214928804,0.0,1.0,0.0,1.0,0.0,0.0,0.0,1.0,1.0,0.0
-0.3924050632911392,-1.0,-0.5963320666755103,0.34020848266470227,-0.6786656890936953,-1.0,0.20636211511482583,1.0,0.0,0.0,1.0,0.0,0.0,0.0,1.0,1.0,0.0
-0.012658227848101333,-0.20915337023183045,0.7752262568515962,0.05734887294491897,-1.0,-0.03648618810853188,0.7494878954525006,0.0,1.0,0.0,1.0,0.0,0.0,0.0,1.0,1.0,0.0
-1.0,-1.0,-1.0,-1.0,-1.0,-1.0,-1.0,0.0,0.0,1.0,1.0,0.0,1.0,0.0,0.0,1.0,0.0
0.36708860759493667,0.37057841478647413,-1.0,0.2892879724683042,-1.0,-0.2195314375127152,0.34893695038886774,0.0,0.0,1.0,1.0,0.0,0.0,0.0,1.0,1.0,0.0
0.31645569620253156,-1.0,-1.0,-0.17753083896430388,0.5234691518756489,-1.0,0.4589769476130814,1.0,0.0,0.0,1.0,0.0,0.0,0.0,1.0,1.0,0.0
-0.03797468354430378,-1.0,-1.0,-1.0,-1.0,-1.0,-1.0,0.0,1.0,0.0,0.0,1.0,1.0,0.0,0.0,1.0,0.0
-0.36708860759493667,0.21939988561386214,0.24468294833034876,-0.7665905942836959,-0.7806552088744709,-0.4287989852180887,0.311092338408792,1.0,0.0,0.0,1.0,0.0,0.0,0.0,1.0,1.0,0.0
0.26582278481012667,0.30454382822092674,-1.0,-1.0,0.32569259682668106,-0.3768183431027897,0.3667696985133764,0.0,0.0,1.0,1.0,0.0,0.0,0.0,1.0,1.0,0.0
-0.44303797468354433,-0.27570607618896315,-1.0,-0.852735061170152,-0.34950071834211405,0.33680475793401166,0.27790028040328596,1.0,0.0,0.0,1.0,0.0,0.0,0.0,1.0,1.0,0.0
0.3924050632911391,0.49554824764881267,-1.0,-0.558205183510456,-0.8616088449879872,-1.0,0.3654442655653667,0.0,0.0,1.0,1.0,0.0,0.0,0.0,1.0,1.0,0.0
-0.31645569620253167,-1.0,-1.0,-1.0,-1.0,-1.0,-1.0,1.0,0.0,0.0,0.0,1.0,1.0,0.0,0.0,1.0,0.0
-0.49367088607594933,0.41572506879729776,-1.0,-0.06636237713478388,-1.0,-1.0,0.3081212548288894,1.0,0.0,0.0,1.0,0.0,0.0,0.0,1.0,1.0,0.0
-0.2911392405063291,-1.0,-1.0,-1.0,-1.0,-1.0,-1.0,0.0,1.0,0.0,0.0,1.0,1.0,0.0,0.0,1.0,0.0
-0.2911392405063291,-1.0,-1.0,-1.0,-1.0,-1.0,-1.0,1.0,0.0,0.0,0.0,1.0,1.0,0.0,0.0,1.0,0.0
-0.5443037974683544,-1.0,0.8823566554044355,-0.08845586496904323,-1.0,-0.4410214483004983,0.8496042433379281,0.0,1.0,0.0,1.0,0.0,1.0,0.0,0.0,1.0,0.0
-0.189873417721519,-1.0,-1.0,-1.0,-1.0,-1.0,-1.0,0.0,1.0,0.0,0.0,1.0,0.0,0.0,1.0,1.0,0.0
-0.06329113924050633,-0.08684198141166655,-1.0,-1.0,0.5950978513964078,-1.0,0.5280473772607255,0.0,0.0,1.0,1.0,0.0,0.0,0.0,1.0,1.0,0.0
-0.21518987341772156,0.4563994852879003,-1.0,0.42099712073562046,-0.14613695271290328,-1.0,0.44284090274331533,1.0,0.0,0.0,1.0,0.0,0.0,0.0,1.0,1.0,0.0
-0.5189873417721519,-1.0,-1.0,-1.0,-1.0,-1.0,-1.0,1.0,0.0,0.0,0.0,1.0,0.0,0.0,1.0,1.0,0.0
-0.7215189873417722,-1.0,-1.0,-1.0,-1.0,-1.0,-1.0,0.0,1.0,0.0,1.0,0.0,1.0,0.0,0.0,1.0,0.0
-0.189873417721519,0.33722348210897146,0.26350336537236974,-1.0,0.04548827682454415,-1.0,0.3887831475996404,1.0,0.0,0.0,1.0,0.0,0.0,0.0,1.0,1.0,0.0
-1.0,-1.0,-1.0,-1.0,-1.0,-1.0,-1.0,1.0,0.0,0.0,0.0,1.0,1.0,0.0,0.0,1.0,0.0
-0.5189873417721519,-1.0,-1.0,0.32077016668518166,-0.7806552088744709,0.07706211126962503,0.25187483889735773,1.0,0.0,0.0,1.0,0.0,0.0,0.0,1.0,1.0,0.0
0.3417721518987342,-0.07401666632198345,-1.0,0.5662683784020579,-0.17923840978180217,-1.0,0.42183361420799304,0.0,0.0,1.0,1.0,0.0,1.0,0.0,0.0,1.0,0.0
-0.31645569620253167,-1.0,0.5475070243374951,0.3793308679415568,0.23511511063965806,-0.499020713362466,0.5836925900928509,0.0,1.0,0.0,1.0,0.0,0.0,0.0,1.0,1.0,0.0
0.240506329113924,-0.3540121549940377,-0.3675277377538795,0.5551667688531308,-1.0,0.4011528881202002,0.4989117421848983,0.0,0.0,1.0,1.0,0.0,0.0,0.0,1.0,1.0,0.0
0.1898734177215189,0.6147705589224242,-1.0,0.013572007651950324,-1.0,-1.0,0.48260380654667356,0.0,0.0,1.0,1.0,0.0,0.0,0.0,1.0,1.0,0.0
-0.8227848101265822,-1.0,-1.0,-1.0,-1.0,-1.0,-1.0,1.0,0.0,0.0,1.0,0.0,0.0,0.0,1.0,1.0,0.0
-0.11392405063291144,0.6178802704401836,-1.0,0.2807583907560669,-1.0,-1.0,0.5073796750755724,0.0,0.0,1.0,1.0,0.0,0.0,0.0,1.0,1.0,0.0
-0.16455696202531644,0.014011493335451597,0.2840719775107583,-0.5107964623092589,-1.0,-1.0,0.29296164507155775,1.0,0.0,0.0,1.0,0.0,0.0,0.0,1.0,1.0,0.0
-0.5189873417721519,-0.7102824304755853,-0.6222536135015577,-0.3531656434132101,-0.17923840978180217,0.3264355741826981,0.2764915990842052,1.0,0.0,0.0,1.0,0.0,0.0,0.0,1.0,1.0,0.0
-0.4683544303797469,-1.0,-1.0,-1.0,-1.0,-1.0,-1.0,0.0,0.0,1.0,0.0,1.0,0.0,0.0,1.0,1.0,0.0
-0.4683544303797469,-1.0,-1.0,-1.0,-1.0,-1.0,-1.0,1.0,0.0,0.0,0.0,1.0,0.0,0.0,1.0,1.0,0.0
-0.44303797468354433,-1.0,-1.0,-1.0,-1.0,-1.0,-1.0,1.0,0.0,0.0,0.0,1.0,0.0,0.0,1.0,1.0,0.0
-0.44303797468354433,-1.0,-1.0,-1.0,-1.0,-1.0,-1.0,1.0,0.0,0.0,1.0,0.0,0.0,0.0,1.0,1.0,0.0
0.3924050632911391,0.4255231311267378,0.351717013728291,-1.0,0.4825189846882407,0.2876516892605596,0.5924264528269534,0.0,1.0,0.0,1.0,0.0,0.0,0.0,1.0,1.0,0.0
-0.06329113924050633,-1.0,-0.0805938031161918,-1.0,0.12785291692407785,0.23434901685969978,0.2863644237654679,1.0,0.0,0.0,1.0,0.0,0.0,0.0,1.0,1.0,0.0
-0.44303797468354433,-1.0,-1.0,-1.0,-1.0,-1.0,-1.0,1.0,0.0,0.0,0.0,1.0,0.0,0.0,1.0,1.0,0.0
-0.31645569620253167,-1.0,-1.0,-1.0,-1.0,-1.0,-1.0,0.0,0.0,1.0,0.0,1.0,0.0,0.0,1.0,1.0,0.0
-0.31645569620253167,-1.0,-1.0,-1.0,-1.0,-1.0,-1.0,0.0,0.0,1.0,0.0,1.0,1.0,0.0,0.0,1.0,0.0
-0.9493670886075949,-1.0,-1.0,-1.0,-1.0,-1.0,-1.0,1.0,0.0,0.0,0.0,1.0,0.0,0.0,1.0,1.0,0.0
-0.4177215189873418,-0.1276071172136657,-0.687570694869583,-1.0,0.40286990834729175,-1.0,0.3507014117704408,1.0,0.0,0.0,1.0,0.0,0.0,1.0,0.0,1.0,0.0
-0.26582278481012656,-1.0,-1.0,-1.0,-1.0,-1.0,-1.0,0.0,1.0,0.0,0.0,1.0,0.0,0.0,1.0,1.0,0.0
-0.5949367088607596,-1.0,-1.0,0.4098625674447507,-1.0,-1.0,0.2650813047454863,1.0,0.0,0.0,1.0,0.0,0.0,1.0,0.0,1.0,0.0
-0.31645569620253167,-1.0,-0.21858568017706792,-1.0,0.3193285127641676,-0.10196395864476704,0.29274537656158284,1.0,0.0,0.0,1.0,0.0,0.0,0.0,1.0,1.0,0.0
-0.5443037974683544,0.5244303963242167,-0.2051925602989485,-0.030265900134455848,0.40001252529445464,0.16975868084658896,0.5304257224544486,1.0,0.0,0.0,1.0,0.0,1.0,0.0,0.0,1.0,0.0
-0.3924050632911392,-1.0,-1.0,-1.0,-1.0,-1.0,-1.0,1.0,0.0,0.0,0.0,1.0,0.0,0.0,1.0,1.0,0.0
-0.012658227848101333,-1.0,-1.0,-1.0,-1.0,-1.0,-1.0,0.0,1.0,0.0,0.0,1.0,1.0,0.0,0.0,1.0,0.0
-0.5443037974683544,-1.0,-1.0,-1.0,-1.0,-1.0,-1.0,0.0,0.0,1.0,0.0,1.0,0.0,0.0,1.0,1.0,0.0
-0.6455696202531646,-1.0,-1.0,-1.0,-1.0,-1.0,-1.0,0.0,1.0,0.0,1.0,0.0,0.0,0.0,1.0,1.0,0.0
0.1898734177215189,0.12239380029475377,-1.0,0.5409102767744043,-1.0,0.43440081466933345,0.5168948623647347,0.0,0.0,1.0,1.0,0.0,0.0,0.0,1.0,1.0,0.0
0.03797468354430378,-1.0,-0.06584317251813909,-1.0,-0.07080780777595519,0.24760909878487913,0.2524103467525569,1.0,0.0,0.0,1.0,0.0,0.0,1.0,0.0,1.0,0.0
-0.1392405063291139,-1.0,-1.0,-1.0,-1.0,-1.0,-1.0,1.0,0.0,0.0,0.0,1.0,0.0,1.0,0.0,1.0,0.0
0.03797468354430378,-1.0,-1.0,-1.0,-1.0,-1.0,-1.0,0.0,1.0,0.0,1.0,0.0,0.0,0.0,1.0,1.0,0.0
-0.8227848101265822,-1.0,-1.0,-1.0,-1.0,-1.0,-1.0,1.0,0.0,0.0,0.0,1.0,0.0,0.0,1.0,1.0,0.0
-0.7974683544303798,-1.0,-1.0,-1.0,-1.0,-1.0,-1.0,0.0,1.0,0.0,1.0,0.0,0.0,0.0,1.0,1.0,0.0
-0.3417721518987342,0.34406491299538033,-1.0,0.11252606512695906,-1.0,0.446333817693225,0.4594288100457655,1.0,0.0,0.0,1.0,0.0,1.0,0.0,0.0,1.0,0.0
-0.5696202531645569,-1.0,-1.0,-1.0,-1.0,-1.0,-1.0,1.0,0.0,0.0,0.0,1.0,1.0,0.0,0.0,1.0,0.0
-0.21518987341772156,-1.0,0.4228747716422998,-1.0,-1.0,-1.0,0.3973483996980405,1.0,0.0,0.0,1.0,0.0,0.0,0.0,1.0,1.0,0.0
-0.44303797468354433,-1.0,-1.0,-1.0,0.3293134049487869,-1.0,0.2692876939616151,1.0,0.0,0.0,1.0,0.0,0.0,0.0,1.0,1.0,0.0
-0.2405063291139241,-1.0,0.3465053385163017,-1.0,-0.12262083549788372,-1.0,0.3366225397590199,1.0,0.0,0.0,1.0,0.0,0.0,0.0,1.0,1.0,0.0
0.26582278481012667,-0.4484711928323267,0.06391939525071133,-1.0,0.015770319514128994,0.5654367377508087,0.5110640032608587,0.0,1.0,0.0,1.0,0.0,0.0,0.0,1.0,0.0,1.0
-0.4683544303797469,-1.0,-1.0,-1.0,-1.0,-1.0,-1.0,0.0,1.0,0.0,0.0,1.0,0.0,0.0,1.0,1.0,0.0
-0.5949367088607596,-0.6636483178693894,0.4401577955916076,-1.0,-0.2845281077249162,-0.2513108349509553,0.42314838266809174,1.0,0.0,0.0,1.0,0.0,0.0,0.0,1.0,1.0,0.0
-0.1392405063291139,-1.0,-1.0,0.4406926328091776,-0.37397903613286987,-1.0,0.29744751488910315,1.0,0.0,0.0,1.0,0.0,0.0,0.0,1.0,1.0,0.0
0.16455696202531644,-1.0,-1.0,-1.0,-1.0,-1.0,-1.0,0.0,0.0,1.0,0.0,1.0,0.0,0.0,1.0,1.0,0.0
-0.8481012658227848,-1.0,-1.0,-1.0,-1.0,-1.0,-1.0,1.0,0.0,0.0,1.0,0.0,1.0,0.0,0.0,1.0,0.0
-0.2911392405063291,0.45580884791764076,-1.0,-0.5865750491295142,-0.04750307886341254,-1.0,0.34893695038886774,0.0,0.0,1.0,1.0,0.0,0.0,0.0,1.0,1.0,0.0
-0.1392405063291139,-1.0,-1.0,-1.0,-1.0,-1.0,-1.0,0.0,1.0,0.0,0.0,1.0,1.0,0.0,0.0,1.0,0.0
-0.6455696202531646,-0.7704042582518641,-1.0,0.44966443146393287,-0.02970816207027105,-1.0,0.3260188427478288,0.0,0.0,1.0,1.0,0.0,0.0,0.0,1.0,1.0,0.0
-0.03797468354430378,-1.0,-1.0,-1.0,-1.0,-1.0,-1.0,1.0,0.0,0.0,0.0,1.0,0.0,0.0,1.0,1.0,0.0
0.5696202531645569,-1.0,0.4362763775968719,-1.0,0.49010695146896666,-1.0,0.5488500008723858,0.0,1.0,0.0,1.0,0.0,0.0,0.0,1.0,0.0,1.0
-0.2405063291139241,-1.0,-1.0,-1.0,-1.0,-1.0,-1.0,0.0,0.0,1.0,0.0,1.0,0.0,0.0,1.0,1.0,0.0
-0.6708860759493671,0.31982804099379947,0.07028466195705052,-1.0,-0.6786656890936953,-1.0,0.2753096940518822,1.0,0.0,0.0,1.0,0.0,0.0,0.0,1.0,1.0,0.0
0.26582278481012667,-1.0,-1.0,-1.0,-1.0,-1.0,-1.0,0.0,1.0,0.0,0.0,1.0,0.0,0.0,1.0,1.0,0.0
-0.16455696202531644,-1.0,-1.0,-1.0,-1.0,-1.0,-1.0,0.0,1.0,0.0,0.0,1.0,1.0,0.0,0.0,1.0,0.0
-0.3924050632911392,0.3687921898065436,-1.0,-0.1605250936047159,-0.7806552088744709,-0.6755229990923698,0.26357425601910145,1.0,0.0,0.0,1.0,0.0,0.0,0.0,1.0,1.0,0.0
-0.4683544303797469,-0.4205648609511705,-1.0,0.6783203059687,-0.7806552088744709,-1.0,0.5071689835775042,1.0,0.0,0.0,1.0,0.0,0.0,1.0,0.0,1.0,0.0
-0.44303797468354433,-1.0,-1.0,-1.0,-1.0,-1.0,-1.0,1.0,0.0,0.0,0.0,1.0,0.0,0.0,1.0,1.0,0.0
0.3417721518987342,-1.0,-1.0,-1.0,-1.0,-1.0,-1.0,0.0,1.0,0.0,0.0,1.0,0.0,0.0,1.0,1.0,0.0
-0.7215189873417722,-1.0,-1.0,-1.0,-1.0,-1.0,-1.0,1.0,0.0,0.0,1.0,0.0,0.0,0.0,1.0,1.0,0.0
-0.21518987341772156,-1.0,-0.03933068690437114,0.27026448513796764,-1.0,-1.0,0.1976555486438838,1.0,0.0,0.0,1.0,0.0,0.0,1.0,0.0,1.0,0.0
0.11392405063291133,0.3312268177772477,-1.0,0.14879904657953125,-1.0,0.48244672911211683,0.4810789940603897,0.0,0.0,1.0,1.0,0.0,0.0,0.0,1.0,1.0,0.0
-0.1392405063291139,-1.0,-1.0,-1.0,-1.0,-1.0,-1.0,1.0,0.0,0.0,0.0,1.0,0.0,0.0,1.0,1.0,0.0
-0.31645569620253167,-1.0,-0.3272201111258505,-1.0,-0.8616088449879872,0.8829312913806924,0.7810286482642366,0.0,1.0,0.0,1.0,0.0,0.0,0.0,1.0,1.0,0.0
-0.06329113924050633,-1.0,-1.0,-1.0,-1.0,-1.0,-1.0,0.0,0.0,1.0,0.0,1.0,0.0,0.0,1.0,1.0,0.0
-0.3924050632911392,-1.0,-1.0,0.025815796582679074,-0.6786656890936953,0.2413017367489818,0.21951496243606505,1.0,0.0,0.0,1.0,0.0,0.0,0.0,1.0,1.0,0.0
0.08860759493670889,-1.0,-1.0,-1.0,-1.0,-1.0,-1.0,0.0,1.0,0.0,0.0,1.0,0.0,0.0,1.0,1.0,0.0
-1.0,-1.0,-1.0,-1.0,-1.0,-1.0,-1.0,1.0,0.0,0.0,0.0,1.0,0.0,0.0,1.0,1.0,0.0
0.26582278481012667,-1.0,0.014438885428365467,-1.0,-0.8616088449879872,0.2754080120048126,0.2607800056197276,1.0,0.0,0.0,1.0,0.0,0.0,0.0,1.0,1.0,0.0
-0.9240506329113924,-1.0,-1.0,-1.0,-1.0,-1.0,-1.0,1.0,0.0,0.0,0.0,1.0,0.0,0.0,1.0,1.0,0.0
-0.31645569620253167,0.4730214856779762,-1.0,-0.5865750491295142,-0.6786656890936953,-1.0,0.34535826615314424,0.0,0.0,1.0,1.0,0.0,0.0,0.0,1.0,1.0,0.0
-0.6455696202531646,-1.0,-1.0,-1.0,-1.0,-1.0,-1.0,1.0,0.0,0.0,0.0,1.0,0.0,0.0,1.0,1.0,0.0
-0.5949367088607596,0.543547231552691,-0.687570694869583,-1.0,0.04227657915691263,-1.0,0.429061028499063,1.0,0.0,0.0,1.0,0.0,1.0,0.0,0.0,1.0,0.0
-0.620253164556962,-1.0,-1.0,-0.5107964623092589,-1.0,0.3829593885686069,0.3095135246556546,1.0,0.0,0.0,1.0,0.0,0.0,1.0,0.0,1.0,0.0
-0.06329113924050633,-1.0,-1.0,-1.0,-1.0,-1.0,-1.0,0.0,1.0,0.0,0.0,1.0,0.0,0.0,1.0,1.0,0.0
-0.26582278481012656,-1.0,0.4075168710984278,-1.0,0.20067571462340483,-0.8602553620751245,0.4308520841755783,0.0,1.0,0.0,1.0,0.0,0.0,0.0,1.0,1.0,0.0
0.6455696202531644,-0.6255454734896567,0.11854809417600398,-1.0,-1.0,-0.028188354546481498,0.16296889892396238,1.0,0.0,0.0,1.0,0.0,0.0,0.0,1.0,1.0,0.0
-0.3924050632911392,-0.06668303489978522,0.26321384519661883,-0.852735061170152,-1.0,-1.0,0.2638262595866594,1.0,0.0,0.0,1.0,0.0,0.0,1.0,0.0,1.0,0.0
-0.189873417721519,-1.0,-1.0,0.40277523927382974,-1.0,-1.0,0.25872178674943225,1.0,0.0,0.0,1.0,0.0,0.0,1.0,0.0,1.0,0.0
0.03797468354430378,-1.0,0.4342461560087634,-1.0,0.324120492380952,0.20843594677535582,0.5114766455671971,0.0,1.0,0.0,1.0,0.0,1.0,0.0,0.0,1.0,0.0
-0.5189873417721519,0.5294799935322174,-1.0,0.1822290855166342,-1.0,-1.0,0.42553549112722644,0.0,0.0,1.0,1.0,0.0,0.0,0.0,1.0,1.0,0.0
0.2911392405063291,-1.0,-1.0,-1.0,-1.0,-1.0,-1.0,0.0,1.0,0.0,1.0,0.0,0.0,0.0,1.0,1.0,0.0
-0.31645569620253167,0.5373672333586941,-1.0,-1.0,-1.0,0.004739429724065269,0.41928801154631934,0.0,0.0,1.0,1.0,0.0,0.0,0.0,1.0,0.0,1.0
0.06329113924050622,-0.20445683437311757,-1.0,0.7426280558274803,-1.0,-0.5357783611674942,0.5664235700925739,0.0,0.0,1.0,1.0,0.0,0.0,0.0,1.0,1.0,0.0
-0.4683544303797469,-1.0,-1.0,-1.0,-1.0,-1.0,-1.0,0.0,0.0,1.0,0.0,1.0,0.0,0.0,1.0,1.0,0.0
-0.36708860759493667,-1.0,-1.0,-1.0,-1.0,-1.0,-1.0,1.0,0.0,0.0,0.0,1.0,0.0,1.0,0.0,1.0,0.0
-0.44303797468354433,0.33477507025037,-0.3098243083711406,-1.0,-1.0,-1.0,0.2282101809102719,1.0,0.0,0.0,1.0,0.0,0.0,0.0,1.0,1.0,0.0
-0.189873417721519,-1.0,-0.553014717094753,-0.47206071662399995,0.33084530172001103,-0.16153217245074747,0.2899113292594777,1.0,0.0,0.0,1.0,0.0,0.0,0.0,1.0,1.0,0.0
-1.0,-1.0,-1.0,-1.0,-1.0,-1.0,-1.0,1.0,0.0,0.0,1.0,0.0,0.0,0.0,1.0,1.0,0.0
-0.26582278481012656,-1.0,0.22312896471105326,-0.558205183510456,0.5738286321113968,0.48257584144193766,0.6144658785539703,0.0,1.0,0.0,1.0,0.0,0.0,0.0,1.0,1.0,0.0
-0.9746835443037974,-1.0,-1.0,-1.0,-1.0,-1.0,-1.0,1.0,0.0,0.0,0.0,1.0,0.0,0.0,1.0,1.0,0.0
-0.26582278481012656,-1.0,-0.11395393210487581,0.28581716300779414,-0.8616088449879872,0.1894717927068199,0.2936089824375072,1.0,0.0,0.0,1.0,0.0,0.0,0.0,1.0,1.0,0.0
-0.5443037974683544,-0.5187895331071819,0.1725538261994939,-1.0,0.05982873242428055,-0.5807660862253737,0.2309229002624309,1.0,0.0,0.0,1.0,0.0,0.0,1.0,0.0,1.0,0.0
0.240506329113924,0.2277844447782067,0.18594694607761353,-0.5331811885673919,-1.0,-1.0,0.27743187557035265,1.0,0.0,0.0,1.0,0.0,0.0,0.0,1.0,1.0,0.0
0.139240506329114,-0.8551412152377926,-0.46177608890068045,-0.191242589706499,-1.0,0.47997775270225107,0.406739061487458,1.0,0.0,0.0,1.0,0.0,0.0,1.0,0.0,1.0,0.0
-0.012658227848101333,-1.0,-1.0,-1.0,-1.0,-1.0,-1.0,0.0,1.0,0.0,0.0,1.0,1.0,0.0,0.0,1.0,0.0
0.8734177215189873,0.4106482106308822,-1.0,0.3382646594352481,-0.3080442249399358,-1.0,0.38481958131728744,1.0,0.0,0.0,1.0,0.0,0.0,0.0,1.0,1.0,0.0
-0.16455696202531644,0.5616558897966377,-0.2051925602989485,-0.658061401139107,-1.0,-1.0,0.43127107483016314,0.0,0.0,1.0,1.0,0.0,0.0,0.0,1.0,1.0,0.0
-0.2911392405063291,-1.0,-1.0,-1.0,-1.0,-1.0,-1.0,0.0,1.0,0.0,0.0,1.0,1.0,0.0,0.0,1.0,0.0
-0.03797468354430378,0.5308612745050707,-1.0,-1.0,-0.3347045997837631,-1.0,0.39983235237745895,1.0,0.0,0.0,1.0,0.0,0.0,0.0,1.0,1.0,0.0
-0.620253164556962,-1.0,-1.0,-0.363531523479411,0.17127691348932084,0.16730747866255213,0.24835688424629865,1.0,0.0,0.0,1.0,0.0,0.0,0.0,1.0,1.0,0.0
-0.7721518987341772,-1.0,-1.0,-1.0,-1.0,-1.0,-1.0,0.0,0.0,1.0,1.0,0.0,0.0,0.0,1.0,1.0,0.0
-0.44303797468354433,-1.0,-1.0,0.38969674800775755,-0.41212440500723446,-1.0,0.25187483889735773,1.0,0.0,0.0,1.0,0.0,0.0,0.0,1.0,1.0,0.0
-0.4683544303797469,-0.03140165932038008,-0.553014717094753,-0.34328207546548817,0.22629605158252586,-0.061720191195029916,0.24917450095814808,1.0,0.0,0.0,1.0,0.0,1.0,0.0,0.0,1.0,0.0
-0.7468354430379747,-1.0,-1.0,-1.0,-1.0,-1.0,-1.0,1.0,0.0,0.0,0.0,1.0,0.0,0.0,1.0,1.0,0.0
-0.31645569620253167,-0.28234114300394575,-1.0,0.4104194705079076,-1.0,-0.181378566865096,0.28614053569381914,1.0,0.0,0.0,1.0,0.0,1.0,0.0,0.0,1.0,0.0
-0.4683544303797469,-1.0,-1.0,-1.0,-1.0,-1.0,-1.0,0.0,0.0,1.0,1.0,0.0,0.0,0.0,1.0,1.0,0.0
-0.31645569620253167,-0.21887545108419082,-0.38306588765453553,-0.1164103670209119,-1.0,0.30519395692575846,0.26830627263791507,1.0,0.0,0.0,1.0,0.0,0.0,0.0,1.0,1.0,0.0
0.1898734177215189,-0.6255454734896567,0.3463165944646238,-1.0,-0.3573313781873907,-1.0,0.3274672118880446,0.0,0.0,1.0,1.0,0.0,0.0,0.0,1.0,1.0,0.0
-0.3417721518987342,0.06707648412250133,-1.0,0.43407956093242817,-1.0,-0.2562890853177435,0.3274672118880446,0.0,0.0,1.0,1.0,0.0,0.0,0.0,1.0,1.0,0.0
-0.4683544303797469,0.015637859912279062,-0.08930034041936386,-0.5331811885673919,-0.7232176899759744,0.26198730917490054,0.2670723481288735,1.0,0.0,0.0,1.0,0.0,0.0,0.0,1.0,1.0,0.0
0.16455696202531644,-1.0,0.6340077067578513,-1.0,0.09754390024222359,0.8050031364126737,0.798375200978906,0.0,1.0,0.0,1.0,0.0,0.0,0.0,1.0,1.0,0.0
-1.0,-1.0,-1.0,-1.0,-1.0,-1.0,-1.0,0.0,0.0,1.0,1.0,0.0,0.0,0.0,1.0,1.0,0.0
-0.21518987341772156,-1.0,0.9858911969771402,-0.7054701223403039,0.06081469113432347,0.6237993584620589,0.9720173977611566,0.0,1.0,0.0,1.0,0.0,1.0,0.0,0.0,0.0,1.0
-1.0,-1.0,-1.0,-1.0,-1.0,-1.0,-1.0,1.0,0.0,0.0,0.0,1.0,0.0,0.0,1.0,1.0,0.0
-0.44303797468354433,-1.0,-1.0,-1.0,-1.0,-1.0,-1.0,0.0,1.0,0.0,0.0,1.0,1.0,0.0,0.0,1.0,0.0
-0.5443037974683544,-0.4484711928323267,0.3031408201242669,-0.2920451714698181,-1.0,-0.22377599210075905,0.29871004050405636,1.0,0.0,0.0,1.0,0.0,0.0,0.0,1.0,1.0,0.0
-0.3417721518987342,0.11547633970455329,0.13771482153421477,-0.08271339656191012,-1.0,-0.7205107241502491,0.2303234008026842,1.0,0.0,0.0,1.0,0.0,0.0,0.0,1.0,1.0,0.0
-0.11392405063291144,-1.0,-1.0,-1.0,-1.0,-1.0,-1.0,0.0,1.0,0.0,0.0,1.0,0.0,0.0,1.0,1.0,0.0
0.3417721518987342,0.38406612995655687,-1.0,-1.0,-0.5848265349639614,-1.0,0.2643292695647548,1.0,0.0,0.0,1.0,0.0,0.0,0.0,1.0,1.0,0.0
-0.16455696202531644,-1.0,-1.0,-1.0,0.21389655885989578,0.09193402339082657,0.2379735899734854,1.0,0.0,0.0,1.0,0.0,1.0,0.0,0.0,1.0,0.0
-0.5696202531645569,0.5599858930645669,-1.0,0.045291260509480846,-0.5613104177489419,-0.5570199784244338,0.4389613082943311,0.0,0.0,1.0,1.0,0.0,0.0,0.0,1.0,1.0,0.0
-0.1392405063291139,0.19886932388887235,0.222415275517992,-1.0,-1.0,-0.18845328911581682,0.29829012696182167,1.0,0.0,0.0,1.0,0.0,1.0,0.0,0.0,1.0,0.0
-0.4683544303797469,-0.7102824304755853,-0.8654440222251701,-1.0,0.45946340141930775,-0.05051681484587567,0.4075702585050258,1.0,0.0,0.0,1.0,0.0,0.0,0.0,1.0,1.0,0.0
-0.012658227848101333,-0.023439284835389596,0.06712811693112553,0.02918822289859868,-0.5848265349639614,0.7158474738179041,0.6401523997265846,0.0,1.0,0.0,1.0,0.0,1.0,0.0,0.0,1.0,0.0
-0.08860759493670889,-1.0,-1.0,-1.0,-1.0,-1.0,-1.0,0.0,1.0,0.0,1.0,0.0,0.0,0.0,1.0,0.0,1.0
-0.31645569620253167,0.4425838443477166,-1.0,-0.29977178285108796,-0.8616088449879872,-1.0,0.32104772756210265,0.0,0.0,1.0,1.0,0.0,0.0,0.0,1.0,1.0,0.0
0.11392405063291133,-0.3447223122490274,-0.8654440222251701,-1.0,0.35022109841386495,-1.0,0.29425412914828364,1.0,0.0,0.0,1.0,0.0,0.0,0.0,1.0,1.0,0.0
-0.03797468354430378,-1.0,0.27664559272223577,-1.0,-1.0,-1.0,0.25374257209786033,1.0,0.0,0.0,1.0,0.0,1.0,0.0,0.0,1.0,0.0
-0.26582278481012656,0.6501994948647496,-1.0,-1.0,0.5886301301368848,0.5817056667791094,0.7155522030888681,0.0,1.0,0.0,1.0,0.0,1.0,0.0,0.0,1.0,0.0
-0.44303797468354433,0.3450720814526891,-1.0,-1.0,-1.0,-0.1957853297117753,0.24253322546309364,1.0,0.0,0.0,1.0,0.0,0.0,1.0,0.0,1.0,0.0
-0.11392405063291144,-1.0,-1.0,-1.0,-1.0,-1.0,-1.0,1.0,0.0,0.0,0.0,1.0,0.0,0.0,1.0,1.0,0.0
0.26582278481012667,0.27768040588065124,-0.05066957341355416,0.12137977940066769,-0.3080442249399358,-1.0,0.27672710334034045,1.0,0.0,0.0,1.0,0.0,1.0,0.0,0.0,1.0,0.0
0.012658227848101333,-0.17424122981986145,-1.0,-0.852735061170152,0.18012739220707963,0.25691266440219995,0.30306417658071694,1.0,0.0,0.0,1.0,0.0,0.0,0.0,1.0,1.0,0.0
-0.9746835443037974,-1.0,-1.0,-1.0,-1.0,-1.0,-1.0,1.0,0.0,0.0,0.0,1.0,0.0,1.0,0.0,1.0,0.0
0.2911392405063291,0.05129638344047538,-0.21858568017706792,-0.30779003243456393,-0.13798658706186173,0.1430984340425343,0.21823976924603183,1.0,0.0,0.0,1.0,0.0,0.0,0.0,1.0,1.0,0.0
0.06329113924050622,-1.0,0.1889433951924715,-0.852735061170152,0.41457724776775184,0.6168252828292975,0.6115214068210784,0.0,1.0,0.0,1.0,0.0,0.0,0.0,1.0,1.0,0.0
-0.4177215189873418,-1.0,-1.0,0.3164865861606341,-1.0,0.16294482845688285,0.27672710334034045,1.0,0.0,0.0,1.0,0.0,0.0,0.0,1.0,1.0,0.0
-0.3417721518987342,-1.0,0.5892910707501122,-0.17753083896430388,-0.40188337906966964,0.09636516651243432,0.5758181214159894,0.0,1.0,0.0,1.0,0.0,1.0,0.0,0.0,1.0,0.0
-0.31645569620253167,0.35868535207887997,0.25187931557360876,-0.852735061170152,-1.0,-1.0,0.36662288243288343,0.0,0.0,1.0,1.0,0.0,0.0,0.0,1.0,1.0,0.0
-0.6708860759493671,-1.0,-0.07889839284730937,0.3866086355448852,-1.0,-0.5807660862253737,0.2753096940518822,1.0,0.0,0.0,1.0,0.0,0.0,0.0,1.0,1.0,0.0
-0.8481012658227848,-1.0,-1.0,-1.0,-1.0,-1.0,-1.0,1.0,0.0,0.0,1.0,0.0,0.0,0.0,1.0,1.0,0.0
-0.4177215189873418,-0.2453649161795992,-0.42841595991199644,0.382842656936758,-1.0,-0.2950729702398821,0.2638262595866594,1.0,0.0,0.0,1.0,0.0,0.0,0.0,1.0,1.0,0.0
0.5189873417721518,-1.0,-0.3272201111258505,-0.5865750491295142,0.08046886525227537,0.18500382267925097,0.224841342433032,1.0,0.0,0.0,1.0,0.0,0.0,1.0,0.0,1.0,0.0
-0.6708860759493671,0.612640382199588,-0.3272201111258505,0.32371810055829475,-1.0,0.0005536275467898921,0.5215126822479537,0.0,0.0,1.0,1.0,0.0,1.0,0.0,0.0,1.0,0.0
0.26582278481012667,-1.0,-1.0,-1.0,-1.0,-1.0,-1.0,1.0,0.0,0.0,0.0,1.0,0.0,0.0,1.0,1.0,0.0
-0.4683544303797469,-0.5408085165037282,0.2969091686270242,-1.0,-1.0,-1.0,0.2755466619768592,1.0,0.0,0.0,1.0,0.0,0.0,0.0,1.0,1.0,0.0
0.36708860759493667,-0.7102824304755853,-1.0,-0.14101980886279797,0.2881917896243922,-1.0,0.24698634871665126,1.0,0.0,0.0,1.0,0.0,0.0,1.0,0.0,1.0,0.0
-0.7721518987341772,-1.0,-1.0,-1.0,-1.0,-1.0,-1.0,1.0,0.0,0.0,1.0,0.0,1.0,0.0,0.0,1.0,0.0
-0.31645569620253167,-1.0,-1.0,-1.0,-1.0,-1.0,-1.0,0.0,0.0,1.0,0.0,1.0,0.0,0.0,1.0,1.0,0.0
-0.31645569620253167,0.48672470405337553,-1.0,-1.0,-1.0,-1.0,0.3562093668882307,0.0,0.0,1.0,1.0,0.0,0.0,0.0,1.0,1.0,0.0
-0.6708860759493671,0.09983409977792346,-1.0,-1.0,-0.21110956333010122,0.33195945112372227,0.31363034693773617,1.0,0.0,0.0,1.0,0.0,0.0,0.0,1.0,1.0,0.0
-0.189873417721519,-1.0,-1.0,-1.0,-1.0,-1.0,-1.0,0.0,1.0,0.0,0.0,1.0,0.0,0.0,1.0,1.0,0.0
-0.189873417721519,-1.0,0.05225182666193051,-1.0,0.6495683514310084,0.1057838552310637,0.5966917214928804,0.0,1.0,0.0,1.0,0.0,1.0,0.0,0.0,1.0,0.0
-0.620253164556962,-1.0,-1.0,-1.0,-1.0,-1.0,-1.0,1.0,0.0,0.0,0.0,1.0,0.0,0.0,1.0,1.0,0.0
-0.5443037974683544,0.21939988561386214,-1.0,0.2339886426589013,-0.07464746905468156,-1.0,0.2685521020350963,1.0,0.0,0.0,1.0,0.0,0.0,0.0,1.0,1.0,0.0
-0.36708860759493667,-1.0,-1.0,-1.0,-1.0,-1.0,-1.0,0.0,1.0,0.0,1.0,0.0,0.0,0.0,1.0,0.0,1.0
0.240506329113924,-1.0,-0.8654440222251701,0.5337179841832709,0.08312508491371173,-1.0,0.4055453151254649,0.0,0.0,1.0,1.0,0.0,0.0,0.0,1.0,1.0,0.0
-0.5189873417721519,-1.0,-1.0,-1.0,-1.0,0.3548561671940822,0.2811472803002071,1.0,0.0,0.0,1.0,0.0,1.0,0.0,0.0,1.0,0.0
-0.44303797468354433,-1.0,-1.0,-1.0,-1.0,-1.0,-1.0,0.0,1.0,0.0,0.0,1.0,0.0,0.0,1.0,1.0,0.0
-0.9493670886075949,-1.0,-1.0,-1.0,-1.0,-1.0,-1.0,1.0,0.0,0.0,1.0,0.0,1.0,0.0,0.0,1.0,0.0
-0.5189873417721519,0.05535451192827434,-1.0,0.5718042081246548,-0.7232176899759744,-1.0,0.4279995520869384,0.0,0.0,1.0,1.0,0.0,0.0,0.0,1.0,1.0,0.0
0.139240506329114,-1.0,-1.0,-1.0,-1.0,-1.0,-1.0,1.0,0.0,0.0,0.0,1.0,0.0,0.0,1.0,1.0,0.0
0.08860759493670889,-1.0,-1.0,-0.852735061170152,-1.0,-1.0,-0.8678579563284781,1.0,0.0,0.0,1.0,0.0,0.0,0.0,1.0,1.0,0.0
0.9746835443037973,-1.0,-1.0,-1.0,-1.0,-1.0,-1.0,1.0,0.0,0.0,0.0,1.0,1.0,0.0,0.0,1.0,0.0
-0.8734177215189873,-1.0,-1.0,-1.0,-1.0,-1.0,-1.0,1.0,0.0,0.0,0.0,1.0,0.0,0.0,1.0,1.0,0.0
0.4177215189873418,-1.0,-1.0,-1.0,-1.0,-1.0,-1.0,1.0,0.0,0.0,0.0,1.0,0.0,0.0,1.0,1.0,0.0
-0.9240506329113924,-1.0,-1.0,-1.0,-1.0,-1.0,-1.0,1.0,0.0,0.0,0.0,1.0,1.0,0.0,0.0,1.0,0.0
0.3924050632911391,-1.0,-1.0,-1.0,-1.0,-1.0,-1.0,1.0,0.0,0.0,0.0,1.0,1.0,0.0,0.0,1.0,0.0
-0.26582278481012656,-1.0,-1.0,-1.0,-1.0,-1.0,-1.0,0.0,1.0,0.0,0.0,1.0,0.0,0.0,1.0,1.0,0.0
0.26582278481012667,-1.0,0.5587627553225629,-1.0,-0.23997610684263726,0.2768455146804567,0.5651317866495218,0.0,1.0,0.0,1.0,0.0,0.0,0.0,1.0,1.0,0.0
-0.4683544303797469,-1.0,0.20523162323133848,-1.0,0.6492588867867135,-0.3076776303962323,0.5990930441868263,1.0,0.0,0.0,1.0,0.0,1.0,0.0,0.0,1.0,0.0
-0.4683544303797469,-0.6255454734896567,-1.0,-1.0,-0.37397903613286987,0.3026894663817583,0.23969625836169262,1.0,0.0,0.0,1.0,0.0,0.0,0.0,1.0,1.0,0.0
0.31645569620253156,-1.0,-1.0,-1.0,-1.0,-1.0,-1.0,1.0,0.0,0.0,0.0,1.0,0.0,0.0,1.0,1.0,0.0
0.06329113924050622,0.2521385033100507,-0.1593040043623366,-0.221645565548108,0.32751120879064044,-1.0,0.3645554962582078,1.0,0.0,0.0,1.0,0.0,0.0,0.0,1.0,1.0,0.0
-0.44303797468354433,-0.3112127747555923,-1.0,-1.0,-1.0,0.33031812133009253,0.26458027772622783,1.0,0.0,0.0,1.0,0.0,0.0,0.0,1.0,1.0,0.0
-0.8227848101265822,-1.0,-1.0,-1.0,-1.0,-1.0,-1.0,1.0,0.0,0.0,1.0,0.0,1.0,0.0,0.0,1.0,0.0
0.240506329113924,-1.0,-1.0,-1.0,-1.0,-1.0,-1.0,1.0,0.0,0.0,0.0,1.0,1.0,0.0,0.0,1.0,0.0
0.4430379746835442,-1.0,0.624197194433328,-0.26367530585075993,0.298023005513679,0.7646938601282238,0.7796200908517559,0.0,1.0,0.0,1.0,0.0,1.0,0.0,0.0,1.0,0.0
-0.6708860759493671,-1.0,-1.0,-1.0,-1.0,-1.0,-1.0,1.0,0.0,0.0,0.0,1.0,0.0,0.0,1.0,1.0,0.0
-0.16455696202531644,-0.3637342358463982,-1.0,0.26481653543604255,0.26269768681376315,-1.0,0.3095135246556546,0.0,0.0,1.0,1.0,0.0,0.0,0.0,1.0,1.0,0.0
-0.6455696202531646,-1.0,-1.0,-1.0,-1.0,-1.0,-1.0,1.0,0.0,0.0,0.0,1.0,0.0,0.0,1.0,1.0,0.0
-0.4177215189873418,-0.27570607618896315,-1.0,0.5146791286011323,-1.0,-0.2195314375127152,0.3706915877722021,0.0,0.0,1.0,1.0,0.0,0.0,0.0,1.0,1.0,0.0
0.08860759493670889,-1.0,-1.0,-1.0,-1.0,-1.0,-1.0,0.0,0.0,1.0,0.0,1.0,0.0,0.0,1.0,1.0,0.0
0.31645569620253156,-0.7704042582518641,0.14530720090517302,-1.0,0.5315419660659995,0.5117271855022107,0.5956343173245651,0.0,1.0,0.0,1.0,0.0,0.0,0.0,1.0,1.0,0.0
-0.44303797468354433,0.1723069648093256,-0.26103833682763355,-1.0,0.39174970893188554,0.21728849111099113,0.4288492055093842,1.0,0.0,0.0,1.0,0.0,0.0,0.0,1.0,1.0,0.0
0.06329113924050622,-1.0,-1.0,-1.0,-1.0,-1.0,-1.0,0.0,1.0,0.0,0.0,1.0,1.0,0.0,0.0,1.0,0.0
-0.9493670886075949,-1.0,-1.0,-1.0,-1.0,-1.0,-1.0,0.0,0.0,1.0,1.0,0.0,0.0,0.0,1.0,1.0,0.0
-0.21518987341772156,-0.4205648609511705,0.2660897976776304,-0.04397765087665095,-0.6114869098077889,-1.0,0.27196083830957996,1.0,0.0,0.0,1.0,0.0,1.0,0.0,0.0,1.0,0.0
-0.44303797468354433,-1.0,-1.0,-1.0,-1.0,-1.0,-1.0,0.0,1.0,0.0,0.0,1.0,1.0,0.0,0.0,1.0,0.0
-0.2911392405063291,-1.0,0.7165270058940183,-1.0,-0.3209297429561534,-0.228111834395196,0.6877597502135719,0.0,1.0,0.0,1.0,0.0,0.0,0.0,1.0,1.0,0.0
0.139240506329114,-1.0,-1.0,0.40219790631816865,-0.7232176899759744,-0.6387653512873415,0.2602675303888142,1.0,0.0,0.0,1.0,0.0,0.0,1.0,0.0,1.0,0.0
-0.44303797468354433,-1.0,-1.0,-1.0,-1.0,-1.0,-1.0,0.0,0.0,1.0,1.0,0.0,0.0,0.0,1.0,1.0,0.0
-0.3924050632911392,0.2138265673166726,-0.553014717094753,0.2487743218727978,-1.0,-1.0,0.24835688424629865,1.0,0.0,0.0,1.0,0.0,0.0,0.0,1.0,1.0,0.0
-0.5949367088607596,-1.0,-1.0,0.3903090204688129,-1.0,-0.06559740484429244,0.273642619471695,1.0,0.0,0.0,1.0,0.0,1.0,0.0,0.0,1.0,0.0
-0.4177215189873418,-1.0,-1.0,-1.0,-1.0,-1.0,-1.0,1.0,0.0,0.0,0.0,1.0,0.0,1.0,0.0,1.0,0.0
-0.5443037974683544,-1.0,-1.0,-1.0,-1.0,-1.0,-1.0,0.0,0.0,1.0,0.0,1.0,0.0,0.0,1.0,1.0,0.0
0.620253164556962,-0.37393074834497464,0.08094508685068047,0.13502377112556174,-1.0,0.08276840433798793,0.24971763714062,1.0,0.0,0.0,1.0,0.0,1.0,0.0,0.0,1.0,0.0
-0.9746835443037974,-1.0,-1.0,-1.0,-1.0,-1.0,-1.0,1.0,0.0,0.0,1.0,0.0,0.0,0.0,1.0,1.0,0.0
-0.620253164556962,-1.0,-1.0,-1.0,-1.0,-1.0,-1.0,1.0,0.0,0.0,0.0,1.0,0.0,1.0,0.0,1.0,0.0
-0.06329113924050633,-1.0,-1.0,-0.47206071662399995,0.3848840617021625,-0.5807660862253737,0.3256550245627965,1.0,0.0,0.0,1.0,0.0,0.0,0.0,1.0,1.0,0.0
0.4177215189873418,0.015637859912279062,-1.0,0.45893763755628525,-1.0,-0.2417085965696424,0.340198753687325,0.0,0.0,1.0,1.0,0.0,0.0,0.0,1.0,1.0,0.0
-0.2405063291139241,0.11747623104641969,-0.01723263997605118,0.6679031964483979,0.027729356828225526,0.24172842240269232,0.5598219969055735,0.0,1.0,0.0,1.0,0.0,0.0,0.0,1.0,1.0,0.0
-0.4177215189873418,-1.0,-1.0,-1.0,-1.0,-1.0,-1.0,0.0,0.0,1.0,0.0,1.0,0.0,0.0,1.0,1.0,0.0
-0.3924050632911392,-1.0,-0.11194227429085435,-1.0,0.276520245525016,-1.0,0.24726124518980264,1.0,0.0,0.0,1.0,0.0,0.0,0.0,1.0,1.0,0.0
0.240506329113924,0.09545724764987362,-1.0,0.05587856675200009,0.4525335000095567,0.27432311846602175,0.4781559963561457,1.0,0.0,0.0,1.0,0.0,0.0,0.0,1.0,1.0,0.0
-0.4683544303797469,-1.0,-0.05659746124498699,0.13603789427753088,-0.6786656890936953,0.19970247626191107,0.255592184247051,1.0,0.0,0.0,1.0,0.0,0.0,0.0,1.0,1.0,0.0
-0.11392405063291144,-1.0,0.3961696972682933,-0.619325655453848,-1.0,-0.5807660862253737,0.3728360498790273,1.0,0.0,0.0,1.0,0.0,1.0,0.0,0.0,1.0,0.0
-0.4177215189873418,0.15723115557427114,-1.0,0.5020541239468197,-0.7232176899759744,-1.0,0.3853528422834447,1.0,0.0,0.0,1.0,0.0,1.0,0.0,0.0,1.0,0.0
-0.6962025316455696,-1.0,-1.0,-1.0,-1.0,-1.0,-1.0,1.0,0.0,0.0,0.0,1.0,0.0,0.0,1.0,1.0,0.0
-0.8227848101265822,-1.0,-1.0,-1.0,-1.0,-1.0,-1.0,1.0,0.0,0.0,0.0,1.0,0.0,0.0,1.0,1.0,0.0
-0.7974683544303798,-1.0,-1.0,-1.0,-1.0,-1.0,-1.0,0.0,0.0,1.0,0.0,1.0,0.0,0.0,1.0,1.0,0.0
-0.2911392405063291,0.17383242450497627,-1.0,0.3900031047976056,0.36788177447510306,-1.0,0.44046281779763663,0.0,0.0,1.0,1.0,0.0,0.0,0.0,1.0,1.0,0.0
-0.6455696202531646,-1.0,-1.0,-1.0,-1.0,-1.0,-1.0,0.0,1.0,0.0,0.0,1.0,0.0,0.0,1.0,1.0,0.0
-0.8481012658227848,-1.0,-1.0,-1.0,-1.0,-1.0,-1.0,1.0,0.0,0.0,1.0,0.0,0.0,0.0,1.0,1.0,0.0
-0.189873417721519,-1.0,-1.0,-1.0,-1.0,-1.0,-1.0,0.0,0.0,1.0,0.0,1.0,0.0,0.0,1.0,1.0,0.0
-0.16455696202531644,-1.0,-1.0,-1.0,-1.0,-1.0,-1.0,0.0,1.0,0.0,0.0,1.0,0.0,0.0,1.0,1.0,0.0
-0.4177215189873418,-1.0,-1.0,-1.0,-1.0,-1.0,-1.0,1.0,0.0,0.0,0.0,1.0,0.0,1.0,0.0,1.0,0.0
-0.36708860759493667,-1.0,-0.2888175365077347,-1.0,0.34625814757198636,-0.04691656031443692,0.3165174390321084,1.0,0.0,0.0,1.0,0.0,0.0,0.0,1.0,1.0,0.0
0.26582278481012667,-1.0,0.059004620288070075,-1.0,-1.0,-1.0,0.04000607848599613,1.0,0.0,0.0,1.0,0.0,0.0,0.0,1.0,1.0,0.0
-0.7215189873417722,-1.0,-1.0,-1.0,-1.0,-1.0,-1.0,1.0,0.0,0.0,1.0,0.0,0.0,1.0,0.0,1.0,0.0
0.11392405063291133,-0.38465038264461693,0.41335254255244247,-1.0,0.1250208661345542,-0.15840639051791483,0.4303270475696941,0.0,1.0,0.0,1.0,0.0,0.0,0.0,1.0,1.0,0.0
-0.6708860759493671,-1.0,-1.0,-1.0,-1.0,-1.0,-1.0,1.0,0.0,0.0,1.0,0.0,1.0,0.0,0.0,1.0,0.0
-0.5443037974683544,-1.0,-1.0,-1.0,-1.0,-1.0,-1.0,1.0,0.0,0.0,0.0,1.0,0.0,1.0,0.0,1.0,0.0
0.012658227848101333,-1.0,-1.0,-1.0,-1.0,-1.0,-1.0,1.0,0.0,0.0,0.0,1.0,0.0,0.0,1.0,1.0,0.0
-0.9240506329113924,-1.0,-1.0,-1.0,-1.0,-1.0,-1.0,1.0,0.0,0.0,0.0,1.0,0.0,1.0,0.0,1.0,0.0
-0.06329113924050633,-1.0,0.6404629045865211,-1.0,-0.05091608903386202,0.09103598673393387,0.6243325020261214,0.0,1.0,0.0,1.0,0.0,1.0,0.0,0.0,1.0,0.0
-0.36708860759493667,-1.0,0.8958309215052982,-1.0,0.09590062978859848,0.5425338927434553,0.8858602906898514,0.0,1.0,0.0,1.0,0.0,1.0,0.0,0.0,1.0,0.0
-0.9240506329113924,-1.0,-1.0,-1.0,-1.0,-1.0,-1.0,1.0,0.0,0.0,1.0,0.0,0.0,0.0,1.0,1.0,0.0
-1.0,-1.0,-1.0,-1.0,-1.0,-1.0,-1.0,0.0,1.0,0.0,1.0,0.0,0.0,0.0,1.0,1.0,0.0
-0.49367088607594933,-1.0,-0.8654440222251701,-1.0,-0.3921421186822598,-0.2417085965696424,-0.20714773797086816,1.0,0.0,0.0,1.0,0.0,0.0,0.0,1.0,1.0,0.0
-0.4683544303797469,-1.0,-1.0,-1.0,-1.0,-1.0,-1.0,0.0,0.0,1.0,1.0,0.0,0.0,0.0,1.0,1.0,0.0
-0.6708860759493671,0.4213800803481331,-1.0,-1.0,-1.0,-0.3510459981847396,0.3016238192728389,1.0,0.0,0.0,1.0,0.0,0.0,0.0,1.0,1.0,0.0
-0.012658227848101333,-0.5187895331071819,0.4230020238539085,-1.0,-1.0,0.006115605006896452,0.4159157419333861,0.0,1.0,0.0,1.0,0.0,0.0,0.0,1.0,1.0,0.0
-1.0,-1.0,-1.0,-1.0,-1.0,-1.0,-1.0,1.0,0.0,0.0,0.0,1.0,1.0,0.0,0.0,1.0,0.0
0.012658227848101333,-1.0,-1.0,-1.0,-1.0,-1.0,-1.0,0.0,1.0,0.0,0.0,1.0,0.0,0.0,1.0,1.0,0.0
0.5696202531645569,0.37293654474702675,-0.7867338209790253,0.22751075070690607,-1.0,0.2600506094007735,0.4009396585172378,1.0,0.0,0.0,1.0,0.0,0.0,0.0,1.0,1.0,0.0
-0.31645569620253167,-1.0,-1.0,-1.0,-1.0,-1.0,-1.0,0.0,0.0,1.0,0.0,1.0,0.0,1.0,0.0,1.0,0.0
-0.1392405063291139,-1.0,-1.0,-1.0,-1.0,-1.0,-1.0,0.0,0.0,1.0,0.0,1.0,0.0,0.0,1.0,1.0,0.0
-0.2405063291139241,-1.0,-1.0,-1.0,-1.0,-1.0,-1.0,1.0,0.0,0.0,0.0,1.0,0.0,0.0,1.0,1.0,0.0
-0.7721518987341772,-1.0,-1.0,-1.0,-1.0,-1.0,-1.0,1.0,0.0,0.0,0.0,1.0,0.0,0.0,1.0,1.0,0.0
0.3417721518987342,-1.0,-1.0,-1.0,-1.0,-1.0,-1.0,1.0,0.0,0.0,0.0,1.0,1.0,0.0,0.0,1.0,0.0
-0.31645569620253167,-1.0,0.5534439776295903,-0.7665905942836959,0.6033213229331438,-0.14930970936833787,0.6625366639689396,0.0,1.0,0.0,1.0,0.0,0.0,0.0,1.0,1.0,0.0
-0.31645569620253167,-1.0,-1.0,-1.0,-1.0,-1.0,-1.0,0.0,1.0,0.0,0.0,1.0,0.0,0.0,1.0,1.0,0.0
-0.7215189873417722,-1.0,-1.0,-1.0,-1.0,-1.0,-1.0,0.0,0.0,1.0,0.0,1.0,0.0,0.0,1.0,1.0,0.0
-0.31645569620253167,0.5583024439699618,-1.0,0.2620392619414871,-0.6422640538624581,-1.0,0.4596994143085147,0.0,0.0,1.0,1.0,0.0,0.0,0.0,1.0,1.0,0.0
0.11392405063291133,-1.0,-1.0,-1.0,-1.0,-1.0,-1.0,0.0,1.0,0.0,0.0,1.0,1.0,0.0,0.0,1.0,0.0
-0.5443037974683544,-1.0,-1.0,-1.0,-0.16965306992792295,0.26314046139093383,0.21598744819935756,1.0,0.0,0.0,1.0,0.0,1.0,0.0,0.0,1.0,0.0
-0.49367088607594933,-1.0,-0.40898743448058295,-0.852735061170152,0.3071065136253397,-1.0,0.25374257209786033,1.0,0.0,0.0,1.0,0.0,0.0,0.0,1.0,1.0,0.0
-0.44303797468354433,0.3871009787392725,-0.48769763572672786,-0.4905470142953362,-1.0,-1.0,0.27099311708899076,1.0,0.0,0.0,1.0,0.0,0.0,0.0,1.0,1.0,0.0
-0.26582278481012656,-1.0,0.5753531977087412,-1.0,-0.04581820613847054,0.38714663972582763,0.6008636464523278,0.0,1.0,0.0,1.0,0.0,1.0,0.0,0.0,1.0,0.0
-0.012658227848101333,-1.0,-0.26540084045943624,0.43679867002647654,-1.0,-0.10196395864476704,0.3155599248589984,1.0,0.0,0.0,1.0,0.0,0.0,0.0,1.0,1.0,0.0
0.5443037974683544,-1.0,-1.0,-1.0,-1.0,-1.0,-1.0,0.0,0.0,1.0,0.0,1.0,0.0,0.0,1.0,1.0,0.0
-0.9240506329113924,-1.0,-1.0,-1.0,-1.0,-1.0,-1.0,1.0,0.0,0.0,1.0,0.0,0.0,0.0,1.0,1.0,0.0
-0.9240506329113924,-1.0,-1.0,-1.0,-1.0,-1.0,-1.0,1.0,0.0,0.0,0.0,1.0,0.0,0.0,1.0,1.0,0.0
0.08860759493670889,0.31055537550194523,-0.48769763572672786,0.565331552456664,-0.5038728988504453,-1.0,0.4615829648424825,0.0,0.0,1.0,1.0,0.0,1.0,0.0,0.0,1.0,0.0
-0.9240506329113924,-1.0,-1.0,-1.0,-1.0,-1.0,-1.0,1.0,0.0,0.0,0.0,1.0,1.0,0.0,0.0,1.0,0.0
-0.21518987341772156,-1.0,-1.0,-1.0,-1.0,-1.0,-1.0,0.0,0.0,1.0,0.0,1.0,0.0,0.0,1.0,1.0,0.0
-0.620253164556962,-1.0,-1.0,-1.0,-1.0,-1.0,-1.0,1.0,0.0,0.0,0.0,1.0,0.0,1.0,0.0,1.0,0.0
0.36708860759493667,0.41715323187506237,-0.7867338209790253,0.33352561395108005,-0.7806552088744709,-1.0,0.3832107897353334,1.0,0.0,0.0,1.0,0.0,0.0,0.0,1.0,1.0,0.0
0.26582278481012667,-1.0,-1.0,-1.0,-1.0,-1.0,-1.0,1.0,0.0,0.0,0.0,1.0,0.0,0.0,1.0,1.0,0.0
-0.06329113924050633,-1.0,-1.0,-1.0,-1.0,-1.0,-1.0,0.0,0.0,1.0,0.0,1.0,0.0,0.0,1.0,1.0,0.0
0.11392405063291133,-1.0,0.6247379280471899,-1.0,0.2665952703257457,-0.5807660862253737,0.6194435182536935,0.0,1.0,0.0,1.0,0.0,0.0,0.0,1.0,1.0,0.0
-0.31645569620253167,-1.0,-1.0,-1.0,-1.0,-1.0,-1.0,0.0,0.0,1.0,0.0,1.0,0.0,0.0,1.0,1.0,0.0
-0.11392405063291144,-1.0,-1.0,-1.0,-1.0,-1.0,-1.0,0.0,0.0,1.0,0.0,1.0,0.0,0.0,1.0,1.0,0.0
-0.9240506329113924,-1.0,-1.0,-1.0,-1.0,-1.0,-1.0,1.0,0.0,0.0,0.0,1.0,1.0,0.0,0.0,1.0,0.0
-0.26582278481012656,-0.6636483178693894,0.5807895759637751,-1.0,-1.0,-1.0,0.552651759009755,0.0,1.0,0.0,1.0,0.0,0.0,0.0,1.0,1.0,0.0
-0.5443037974683544,-1.0,-1.0,-1.0,-1.0,-1.0,-1.0,1.0,0.0,0.0,0.0,1.0,0.0,0.0,1.0,1.0,0.0
-0.16455696202531644,-1.0,-1.0,-1.0,-1.0,-1.0,-1.0,0.0,1.0,0.0,0.0,1.0,0.0,0.0,1.0,1.0,0.0
-0.9240506329113924,-1.0,-1.0,-1.0,-1.0,-1.0,-1.0,1.0,0.0,0.0,0.0,1.0,1.0,0.0,0.0,1.0,0.0
-0.6455696202531646,-1.0,-1.0,-1.0,-1.0,-1.0,-1.0,0.0,1.0,0.0,0.0,1.0,0.0,0.0,1.0,1.0,0.0
-0.2911392405063291,-1.0,-1.0,-1.0,-1.0,-1.0,-1.0,0.0,0.0,1.0,1.0,0.0,0.0,0.0,1.0,1.0,0.0
0.16455696202531644,-0.25109094697931345,0.6078224513155823,-1.0,0.5281626543689026,-1.0,0.6615387062712514,0.0,1.0,0.0,1.0,0.0,1.0,0.0,0.0,1.0,0.0
-0.7468354430379747,-1.0,-1.0,-1.0,-1.0,-1.0,-1.0,1.0,0.0,0.0,0.0,1.0,0.0,1.0,0.0,1.0,0.0
-0.2911392405063291,-1.0,-0.553014717094753,-1.0,0.4009098581893711,-0.6387653512873415,0.3400299704349561,1.0,0.0,0.0,1.0,0.0,1.0,0.0,0.0,1.0,0.0
0.16455696202531644,-1.0,-1.0,-1.0,-1.0,-1.0,-1.0,0.0,1.0,0.0,0.0,1.0,0.0,0.0,1.0,0.0,1.0
-0.2911392405063291,-0.6255454734896567,-1.0,-1.0,0.3821490020406282,-1.0,0.32067428832202904,1.0,0.0,0.0,1.0,0.0,0.0,0.0,1.0,1.0,0.0
0.4177215189873418,-1.0,0.24372431308907228,-1.0,0.0368062031813885,-1.0,0.2707504172839674,1.0,0.0,0.0,1.0,0.0,0.0,0.0,1.0,1.0,0.0
-0.1392405063291139,-0.5933299775945341,0.3159197001947496,-1.0,-0.5212452626117072,0.5519911633570695,0.5324673263070547,1.0,0.0,0.0,1.0,0.0,0.0,0.0,1.0,1.0,0.0
-0.5189873417721519,-0.008370630118416766,-0.7308880444503403,0.36707343846015417,-1.0,-1.0,0.25949622520548155,1.0,0.0,0.0,1.0,0.0,0.0,0.0,1.0,1.0,0.0
-0.189873417721519,0.10091413861792087,-1.0,0.49111839535764457,-1.0,-1.0,0.36837725681771083,0.0,0.0,1.0,1.0,0.0,0.0,0.0,1.0,1.0,0.0
-0.31645569620253167,0.0429357865590676,0.5994453392779497,0.3164865861606341,-1.0,-0.4063749077027098,0.6011213851185766,0.0,1.0,0.0,1.0,0.0,1.0,0.0,0.0,1.0,0.0
-0.49367088607594933,0.5607032406238235,-1.0,0.29653981628452875,-1.0,-0.12425018391810838,0.4734342610776794,1.0,0.0,0.0,1.0,0.0,0.0,0.0,1.0,1.0,0.0
-0.5443037974683544,-1.0,0.33099862812366765,-1.0,-1.0,-1.0,0.3071205140999236,1.0,0.0,0.0,1.0,0.0,0.0,0.0,1.0,1.0,0.0
0.11392405063291133,-1.0,-1.0,-1.0,-1.0,-1.0,-1.0,1.0,0.0,0.0,0.0,1.0,0.0,0.0,1.0,1.0,0.0
-0.21518987341772156,-1.0,0.4280248976486858,-1.0,-0.08458266460356478,0.49713831947911835,0.5468632556358208,0.0,1.0,0.0,1.0,0.0,0.0,0.0,1.0,1.0,0.0
-0.21518987341772156,0.5300336019364957,-1.0,0.21946720092727667,-1.0,-1.0,0.43127107483016314,0.0,0.0,1.0,1.0,0.0,0.0,0.0,1.0,1.0,0.0
-0.08860759493670889,0.007376426520468993,-0.7308880444503403,-1.0,-0.5848265349639614,-1.0,-0.06627253360765961,1.0,0.0,0.0,1.0,0.0,0.0,0.0,1.0,1.0,0.0
-0.16455696202531644,-1.0,0.09863703495932863,0.5920181705058452,0.31163791341782243,0.786183752474525,0.7526936584781496,0.0,1.0,0.0,1.0,0.0,1.0,0.0,0.0,1.0,0.0
0.06329113924050622,-0.4988709397562451,0.10980795118732312,-0.45505497126441197,-1.0,0.244269744658274,0.2753096940518822,1.0,0.0,0.0,1.0,0.0,0.0,0.0,1.0,1.0,0.0
0.4683544303797469,-1.0,-1.0,-1.0,-1.0,-1.0,-1.0,0.0,0.0,1.0,0.0,1.0,0.0,0.0,1.0,1.0,0.0
-0.3417721518987342,-1.0,0.05310888430954508,-1.0,0.21389655885989578,0.6747582182653584,0.6124944791392191,0.0,1.0,0.0,1.0,0.0,0.0,0.0,1.0,1.0,0.0
-0.06329113924050633,0.14363370711187695,-0.7867338209790253,0.3945462229563481,-1.0,-1.0,0.30671874225238205,0.0,0.0,1.0,1.0,0.0,0.0,0.0,1.0,1.0,0.0
-0.4683544303797469,-1.0,-1.0,0.4456974927723236,-0.7232176899759744,-1.0,0.2978692864573731,1.0,0.0,0.0,1.0,0.0,0.0,0.0,1.0,1.0,0.0
-0.6708860759493671,-1.0,-1.0,-1.0,-1.0,-1.0,-1.0,1.0,0.0,0.0,0.0,1.0,0.0,1.0,0.0,1.0,0.0
-0.5189873417721519,0.5945661176784123,-1.0,0.15069600915439407,0.13812909051300326,-0.3960337232426189,0.49905844528648013,0.0,0.0,1.0,1.0,0.0,0.0,0.0,1.0,1.0,0.0
-0.26582278481012656,-1.0,-1.0,-1.0,-1.0,-1.0,-1.0,0.0,0.0,1.0,0.0,1.0,0.0,0.0,1.0,1.0,0.0
-0.5189873417721519,-0.6636483178693894,-0.534512796009096,-1.0,0.41205311512188425,0.22204363833457297,0.4089867901325954,1.0,0.0,0.0,1.0,0.0,0.0,0.0,1.0,1.0,0.0
-0.08860759493670889,-1.0,-1.0,-1.0,-1.0,-1.0,-1.0,1.0,0.0,0.0,0.0,1.0,0.0,1.0,0.0,1.0,0.0
0.5189873417721518,-1.0,-1.0,-1.0,-1.0,-1.0,-1.0,0.0,1.0,0.0,0.0,1.0,0.0,0.0,1.0,1.0,0.0
-0.8734177215189873,-1.0,-1.0,-1.0,-1.0,-1.0,-1.0,1.0,0.0,0.0,0.0,1.0,0.0,1.0,0.0,1.0,0.0
0.03797468354430378,-0.6636483178693894,0.28197898427766566,-1.0,-0.21110956333010122,-1.0,0.27268341910299565,1.0,0.0,0.0,1.0,0.0,1.0,0.0,0.0,1.0,0.0
0.4177215189873418,-1.0,0.29272372417234216,-0.45505497126441197,-0.7232176899759744,-0.27753070257468304,0.28137710633298174,1.0,0.0,0.0,1.0,0.0,0.0,0.0,1.0,1.0,0.0
-0.9493670886075949,-1.0,-1.0,-1.0,-1.0,-1.0,-1.0,1.0,0.0,0.0,0.0,1.0,0.0,1.0,0.0,1.0,0.0
-0.1392405063291139,0.009055046391831967,-1.0,-1.0,0.3021764796116613,-1.0,0.2753096940518822,1.0,0.0,0.0,1.0,0.0,0.0,0.0,1.0,1.0,0.0
0.5443037974683544,-1.0,-0.8654440222251701,0.19486974376439226,0.20164964939875962,-0.19208598012003486,0.26001077523741456,1.0,0.0,0.0,1.0,0.0,0.0,1.0,0.0,1.0,0.0
-0.4177215189873418,-1.0,-0.26103833682763355,-1.0,0.6265990704922997,-0.10670791625290932,0.5600351223286621,0.0,1.0,0.0,1.0,0.0,1.0,0.0,0.0,1.0,0.0
0.5189873417721518,0.271104990000969,-0.7867338209790253,-1.0,-1.0,0.1900233905779236,0.2755466619768592,1.0,0.0,0.0,1.0,0.0,0.0,0.0,1.0,1.0,0.0
-0.44303797468354433,-0.05500474272461264,-0.6222536135015577,-1.0,-0.42291926273692904,0.3190205498868133,0.27625580354258283,1.0,0.0,0.0,1.0,0.0,0.0,0.0,1.0,1.0,0.0
-0.31645569620253167,0.6484813554756379,-0.46177608890068045,-1.0,-0.061519796693389694,-0.7785099892122169,0.5125726783157849,0.0,1.0,0.0,1.0,0.0,0.0,0.0,1.0,1.0,0.0
-0.49367088607594933,-1.0,-1.0,-1.0,-1.0,-1.0,-1.0,0.0,0.0,1.0,1.0,0.0,0.0,0.0,1.0,1.0,0.0
-1.0,-1.0,-1.0,-1.0,-1.0,-1.0,-1.0,0.0,0.0,1.0,0.0,1.0,0.0,0.0,1.0,1.0,0.0
0.16455696202531644,-1.0,-1.0,0.3573035150173869,0.006951260456996788,-1.0,0.2618008416391422,1.0,0.0,0.0,1.0,0.0,0.0,0.0,1.0,1.0,0.0
-0.31645569620253167,-1.0,-1.0,-1.0,-1.0,-1.0,-1.0,0.0,1.0,0.0,0.0,1.0,0.0,0.0,1.0,1.0,0.0
-0.4177215189873418,-1.0,-1.0,-1.0,-1.0,-1.0,-1.0,1.0,0.0,0.0,0.0,1.0,0.0,1.0,0.0,1.0,0.0
-0.3924050632911392,0.49076648128420053,-0.6222536135015577,-1.0,-0.03760074042528205,0.32276214999395436,0.4572500358041769,1.0,0.0,0.0,1.0,0.0,0.0,0.0,1.0,1.0,0.0
-0.08860759493670889,-1.0,-1.0,-1.0,-1.0,-1.0,-1.0,1.0,0.0,0.0,0.0,1.0,0.0,0.0,1.0,1.0,0.0
-0.6708860759493671,-1.0,-1.0,-1.0,-1.0,-1.0,-1.0,0.0,0.0,1.0,1.0,0.0,0.0,0.0,1.0,1.0,0.0
-0.3417721518987342,-0.3959497317415208,-1.0,0.4056386033277821,0.19372180958902452,-1.0,0.3448650170523748,0.0,0.0,1.0,1.0,0.0,0.0,0.0,1.0,1.0,0.0
-0.3417721518987342,0.8930056870438199,-0.1542615587329047,0.008100673612656761,-0.3209297429561534,-0.6755229990923698,0.73173338184455,0.0,1.0,0.0,1.0,0.0,0.0,0.0,1.0,1.0,0.0
0.3417721518987342,-1.0,-1.0,0.3969300728963656,-1.0,-1.0,0.2534768707710904,1.0,0.0,0.0,1.0,0.0,0.0,0.0,1.0,1.0,0.0
0.06329113924050622,-1.0,-1.0,-1.0,-1.0,-1.0,-1.0,1.0,0.0,0.0,0.0,1.0,0.0,0.0,1.0,1.0,0.0
-0.8734177215189873,-1.0,-1.0,-1.0,-1.0,-1.0,-1.0,1.0,0.0,0.0,1.0,0.0,0.0,0.0,1.0,1.0,0.0
-0.1392405063291139,-1.0,-1.0,0.3900031047976056,-0.7232176899759744,-0.1216487427128865,0.2680601258366466,1.0,0.0,0.0,1.0,0.0,0.0,1.0,0.0,1.0,0.0
-0.4683544303797469,-0.296278776647921,-1.0,-1.0,0.2971216214407204,-1.0,0.24643536373456643,1.0,0.0,0.0,1.0,0.0,0.0,0.0,1.0,1.0,0.0
-0.49367088607594933,-1.0,-1.0,-1.0,-1.0,-1.0,-1.0,1.0,0.0,0.0,0.0,1.0,0.0,0.0,1.0,1.0,0.0
-0.49367088607594933,-0.5187895331071819,-1.0,0.5594843283209299,-1.0,-1.0,0.400448316309437,1.0,0.0,0.0,1.0,0.0,0.0,0.0,1.0,1.0,0.0
-0.3924050632911392,0.508505486764224,-1.0,-0.164650628997688,-1.0,-1.0,0.382941332911537,0.0,0.0,1.0,1.0,0.0,1.0,0.0,0.0,1.0,0.0
-0.5189873417721519,0.3016781430595834,-1.0,0.2708016747969677,0.013290085966368936,0.09636516651243432,0.3654442655653667,0.0,0.0,1.0,1.0,0.0,0.0,0.0,1.0,1.0,0.0
-0.3417721518987342,-1.0,-0.043505541181921736,-1.0,-1.0,0.8023519038168314,0.7076903615838648,0.0,1.0,0.0,1.0,0.0,0.0,0.0,1.0,1.0,0.0
-0.3924050632911392,0.1418700928448171,-1.0,0.5731012719636668,0.38758215996533374,0.09636516651243432,0.5355801453365538,0.0,0.0,1.0,1.0,0.0,0.0,0.0,1.0,1.0,0.0
-0.44303797468354433,-1.0,-1.0,-1.0,-1.0,-1.0,-1.0,0.0,1.0,0.0,0.0,1.0,1.0,0.0,0.0,1.0,0.0
-0.06329113924050633,-0.3447223122490274,-0.6521778432041954,-1.0,0.32120575108163685,-1.0,0.26830627263791507,1.0,0.0,0.0,1.0,0.0,0.0,0.0,1.0,1.0,0.0
-0.189873417721519,0.29667222587063735,0.27227079930904474,-0.09138637207784794,-1.0,-1.0,0.3620145794526315,0.0,0.0,1.0,1.0,0.0,0.0,1.0,0.0,0.0,1.0
-0.36708860759493667,-1.0,-1.0,-1.0,-1.0,-1.0,-1.0,0.0,1.0,0.0,1.0,0.0,0.0,0.0,1.0,1.0,0.0
-0.5189873417721519,-1.0,-1.0,0.43457653986534894,-0.5038728988504453,-0.2417085965696424,0.29871004050405636,1.0,0.0,0.0,1.0,0.0,0.0,0.0,1.0,1.0,0.0
-0.08860759493670889,-1.0,-1.0,-1.0,-1.0,-1.0,-1.0,0.0,0.0,1.0,0.0,1.0,0.0,0.0,1.0,1.0,0.0
0.012658227848101333,-1.0,-1.0,-1.0,-1.0,-1.0,-1.0,0.0,0.0,1.0,0.0,1.0,0.0,0.0,1.0,1.0,0.0
-0.4683544303797469,-1.0,-1.0,-1.0,-1.0,-1.0,-1.0,1.0,0.0,0.0,0.0,1.0,0.0,0.0,1.0,1.0,0.0
-0.2911392405063291,-1.0,-1.0,-1.0,0.4142425348091612,-0.0523413421951594,0.3670629919113757,1.0,0.0,0.0,1.0,0.0,0.0,0.0,1.0,1.0,0.0
-0.49367088607594933,-1.0,0.2564328451142688,-1.0,-1.0,0.4642105352085717,0.4557835618722621,0.0,1.0,0.0,1.0,0.0,1.0,0.0,0.0,1.0,0.0
-0.21518987341772156,-1.0,-1.0,-1.0,-1.0,-1.0,-1.0,0.0,1.0,0.0,0.0,1.0,0.0,0.0,1.0,0.0,1.0
-0.16455696202531644,-1.0,-1.0,-1.0,-1.0,-1.0,-1.0,1.0,0.0,0.0,0.0,1.0,0.0,0.0,1.0,1.0,0.0
-0.4683544303797469,-0.13084729142675589,-0.46177608890068045,0.2771441874918561,0.19523245664222277,-1.0,0.29317766851801275,1.0,0.0,0.0,1.0,0.0,0.0,0.0,1.0,1.0,0.0
0.5189873417721518,-1.0,0.7256748632536665,0.8466141475924993,0.46512498618317033,-1.0,0.8298948546424956,0.0,1.0,0.0,1.0,0.0,0.0,0.0,1.0,1.0,0.0
-0.06329113924050633,-0.7704042582518641,0.7261291404396537,-1.0,-0.21498650520515272,0.4429060722852487,0.7272676021589881,0.0,1.0,0.0,1.0,0.0,0.0,0.0,1.0,1.0,0.0
-0.49367088607594933,0.47229394081645504,-1.0,-1.0,-1.0,-0.7205107241502491,0.3435434126531227,0.0,0.0,1.0,1.0,0.0,0.0,0.0,1.0,1.0,0.0
-0.4683544303797469,0.3012655327569349,-1.0,0.6098231789032758,-1.0,-1.0,0.48835141055975284,0.0,0.0,1.0,1.0,0.0,0.0,0.0,1.0,1.0,0.0
-0.2405063291139241,-1.0,0.021610480362994844,-1.0,0.2655398164156282,-1.0,0.2640779304761438,1.0,0.0,0.0,1.0,0.0,0.0,0.0,1.0,1.0,0.0
-0.03797468354430378,-1.0,-0.7867338209790253,0.27557622172610907,-0.04084725476978934,-1.0,0.19514472270272143,1.0,0.0,0.0,1.0,0.0,0.0,0.0,1.0,1.0,0.0
0.21518987341772156,-1.0,-1.0,-1.0,-1.0,-1.0,-1.0,0.0,0.0,1.0,0.0,1.0,0.0,0.0,1.0,1.0,0.0
0.11392405063291133,-1.0,0.21024402114894536,0.03414856642632902,0.09998372163863856,-1.0,0.2936089824375072,1.0,0.0,0.0,1.0,0.0,0.0,0.0,1.0,1.0,0.0
-0.620253164556962,-1.0,-1.0,-1.0,-1.0,-1.0,-1.0,1.0,0.0,0.0,0.0,1.0,0.0,0.0,1.0,1.0,0.0
-0.620253164556962,-1.0,-1.0,-1.0,-1.0,-1.0,-1.0,1.0,0.0,0.0,0.0,1.0,0.0,0.0,1.0,1.0,0.0
-0.189873417721519,-1.0,-1.0,-1.0,0.09590062978859848,0.7071399991523788,0.6236852939339834,0.0,1.0,0.0,1.0,0.0,0.0,0.0,1.0,1.0,0.0
-0.620253164556962,-1.0,-1.0,0.4389977990025098,-1.0,-0.6387653512873415,0.2923121021225885,1.0,0.0,0.0,1.0,0.0,0.0,1.0,0.0,1.0,0.0
-0.5189873417721519,-1.0,-1.0,-1.0,-1.0,-1.0,-1.0,1.0,0.0,0.0,0.0,1.0,0.0,0.0,1.0,1.0,0.0
-0.49367088607594933,-1.0,0.14208961494740602,0.20314350558184824,-1.0,-1.0,0.23359755994066989,1.0,0.0,0.0,1.0,0.0,0.0,0.0,1.0,1.0,0.0
-0.11392405063291144,0.34905290753516605,-0.7308880444503403,-1.0,-1.0,-0.3431387535006696,0.238836869959286,1.0,0.0,0.0,1.0,0.0,0.0,1.0,0.0,1.0,0.0
-0.44303797468354433,-1.0,-1.0,-1.0,-1.0,-1.0,-1.0,0.0,0.0,1.0,0.0,1.0,0.0,0.0,1.0,1.0,0.0
0.08860759493670889,-0.6636483178693894,-1.0,0.5965823104884043,-0.8616088449879872,-0.15229656245947798,0.43986363237688764,0.0,0.0,1.0,1.0,0.0,1.0,0.0,0.0,1.0,0.0
-0.26582278481012656,-1.0,-1.0,-1.0,-1.0,-1.0,-1.0,1.0,0.0,0.0,0.0,1.0,0.0,1.0,0.0,1.0,0.0
-0.5443037974683544,-1.0,-1.0,-1.0,-1.0,-1.0,-1.0,1.0,0.0,0.0,0.0,1.0,0.0,1.0,0.0,1.0,0.0
0.012658227848101333,0.3627253762611793,-1.0,0.15536561244250469,-1.0,-1.0,0.2985001993479246,1.0,0.0,0.0,1.0,0.0,0.0,0.0,1.0,1.0,0.0
-0.620253164556962,-0.06909909707364958,-1.0,0.49376470853591825,-1.0,0.1123675878781627,0.3895660672671466,0.0,0.0,1.0,1.0,0.0,0.0,0.0,1.0,1.0,0.0
-0.5443037974683544,-1.0,-1.0,-1.0,-1.0,-1.0,-1.0,0.0,0.0,1.0,0.0,1.0,0.0,0.0,1.0,1.0,0.0
-0.4177215189873418,0.4601019168143128,-1.0,-1.0,-1.0,-0.5807660862253737,0.3331530960332669,1.0,0.0,0.0,1.0,0.0,0.0,0.0,1.0,1.0,0.0
-0.2405063291139241,-1.0,-1.0,-1.0,-1.0,-1.0,-1.0,1.0,0.0,0.0,0.0,1.0,0.0,1.0,0.0,1.0,0.0
0.4683544303797469,0.4099127715713735,-1.0,-0.3338379252482363,0.4593298074142975,-1.0,0.4810789940603897,0.0,0.0,1.0,1.0,0.0,0.0,0.0,1.0,1.0,0.0
-0.3417721518987342,-1.0,0.31985476551453873,-1.0,0.3053803682939378,-0.8602553620751245,0.4050657156999482,0.0,1.0,0.0,1.0,0.0,0.0,0.0,1.0,1.0,0.0
-0.4683544303797469,-1.0,-1.0,-1.0,-1.0,-1.0,-1.0,0.0,0.0,1.0,0.0,1.0,0.0,0.0,1.0,1.0,0.0
-0.44303797468354433,-1.0,-1.0,-1.0,-1.0,-1.0,-1.0,1.0,0.0,0.0,0.0,1.0,0.0,1.0,0.0,1.0,0.0
0.012658227848101333,-1.0,-1.0,-1.0,-1.0,-1.0,-1.0,0.0,1.0,0.0,0.0,1.0,1.0,0.0,0.0,1.0,0.0
-1.0,-1.0,-1.0,-1.0,-1.0,-1.0,-1.0,0.0,0.0,1.0,1.0,0.0,0.0,0.0,1.0,1.0,0.0
-0.11392405063291144,-0.4639587993442762,0.2683602708333579,-0.182003812532737,-0.7806552088744709,-1.0,0.26154614464588355,1.0,0.0,0.0,1.0,0.0,0.0,0.0,1.0,1.0,0.0
-0.26582278481012656,-0.19536900909227262,-0.1780615189567517,0.35551060651284305,-0.10381577093865546,-1.0,0.2724428630192193,1.0,0.0,0.0,1.0,0.0,1.0,0.0,0.0,1.0,0.0
-0.44303797468354433,-1.0,-1.0,-1.0,-1.0,-1.0,-1.0,1.0,0.0,0.0,0.0,1.0,0.0,1.0,0.0,1.0,0.0
-0.9493670886075949,-1.0,-1.0,-1.0,-1.0,-1.0,-1.0,1.0,0.0,0.0,1.0,0.0,0.0,1.0,0.0,1.0,0.0
-0.8987341772151899,-1.0,-1.0,-1.0,-1.0,-1.0,-1.0,1.0,0.0,0.0,1.0,0.0,0.0,0.0,1.0,1.0,0.0
-0.11392405063291144,0.7629658945282605,-1.0,0.45150590255399115,0.18756225992235165,-1.0,0.655825723285091,0.0,0.0,1.0,1.0,0.0,0.0,0.0,1.0,1.0,0.0
-0.11392405063291144,0.32870670222182596,-1.0,0.30263055127235283,-0.37397903613286987,-1.0,0.32764748676776456,0.0,0.0,1.0,1.0,0.0,0.0,0.0,1.0,1.0,0.0
-0.31645569620253167,0.28761254509867684,-1.0,0.35040844441169616,-1.0,-1.0,0.3260188427478288,0.0,0.0,1.0,1.0,0.0,0.0,0.0,1.0,1.0,0.0
-0.5189873417721519,-1.0,-1.0,0.25464371162751154,0.1170189989902013,-1.0,0.2303234008026842,1.0,0.0,0.0,1.0,0.0,0.0,0.0,1.0,1.0,0.0
0.16455696202531644,-1.0,-1.0,-1.0,-1.0,-1.0,-1.0,1.0,0.0,0.0,0.0,1.0,0.0,0.0,1.0,1.0,0.0
-0.26582278481012656,-1.0,-1.0,-1.0,-1.0,-1.0,-1.0,0.0,1.0,0.0,1.0,0.0,0.0,0.0,1.0,1.0,0.0
-0.3924050632911392,-1.0,-1.0,-1.0,-1.0,-1.0,-1.0,0.0,0.0,1.0,1.0,0.0,0.0,0.0,1.0,1.0,0.0
-0.31645569620253167,-1.0,-1.0,-1.0,-1.0,-1.0,-1.0,0.0,1.0,0.0,0.0,1.0,0.0,0.0,1.0,1.0,0.0
-0.26582278481012656,-1.0,0.6594245210578404,-0.852735061170152,-0.017695141726769226,-0.2950729702398821,0.6358005725428497,0.0,1.0,0.0,1.0,0.0,0.0,0.0,1.0,1.0,0.0
-0.7468354430379747,-1.0,-1.0,-1.0,-1.0,-1.0,-1.0,1.0,0.0,0.0,1.0,0.0,0.0,0.0,1.0,1.0,0.0
-0.08860759493670889,-0.3540121549940377,-1.0,0.431828656332069,-1.0,-1.0,0.28947155819687853,1.0,0.0,0.0,1.0,0.0,0.0,0.0,1.0,1.0,0.0
-0.31645569620253167,-1.0,-1.0,-1.0,-1.0,-1.0,-1.0,1.0,0.0,0.0,0.0,1.0,0.0,1.0,0.0,1.0,0.0
-0.31645569620253167,0.15391383115403912,-1.0,-0.1098726697491843,0.33784273193772374,-0.18845328911581682,0.34877573205275003,0.0,0.0,1.0,1.0,0.0,0.0,0.0,1.0,1.0,0.0
-0.4683544303797469,-1.0,-1.0,-1.0,-1.0,-1.0,-1.0,0.0,0.0,1.0,0.0,1.0,0.0,0.0,1.0,1.0,0.0
-0.4177215189873418,-0.8551412152377926,0.2719940733293855,-1.0,-0.5848265349639614,-0.008088076587531856,0.2847916573936091,1.0,0.0,0.0,1.0,0.0,0.0,0.0,1.0,1.0,0.0
-0.012658227848101333,0.10832205013701102,-1.0,0.4847470618483889,-0.16350931647416544,-1.0,0.3739699754293264,0.0,0.0,1.0,1.0,0.0,0.0,0.0,1.0,1.0,0.0
-0.49367088607594933,-1.0,-0.2888175365077347,-1.0,-1.0,0.5089153003657916,0.4308520841755783,1.0,0.0,0.0,1.0,0.0,0.0,0.0,1.0,1.0,0.0
0.5443037974683544,0.4337898645210947,0.17069617334544018,0.4622316321736779,-1.0,-0.012551924534602521,0.48974239041518386,0.0,0.0,1.0,1.0,0.0,0.0,0.0,1.0,1.0,0.0
-0.2405063291139241,-1.0,0.3553557939683807,-1.0,0.6417912833812591,-0.5357783611674942,0.6163774784881377,0.0,1.0,0.0,1.0,0.0,0.0,0.0,1.0,1.0,0.0
-0.4683544303797469,0.2419681125601998,0.0059046213876674525,0.08090256169506405,-1.0,-0.10196395864476704,0.2753096940518822,1.0,0.0,0.0,1.0,0.0,0.0,0.0,1.0,1.0,0.0
-0.7974683544303798,-1.0,-1.0,-1.0,-1.0,-1.0,-1.0,1.0,0.0,0.0,0.0,1.0,0.0,0.0,1.0,1.0,0.0
-1.0,-1.0,-1.0,-1.0,-1.0,-1.0,-1.0,1.0,0.0,0.0,1.0,0.0,0.0,0.0,1.0,1.0,0.0
-0.6708860759493671,-1.0,-1.0,-1.0,-1.0,-1.0,-1.0,1.0,0.0,0.0,0.0,1.0,1.0,0.0,0.0,1.0,0.0
-0.16455696202531644,-1.0,-1.0,-1.0,-1.0,-1.0,-1.0,0.0,1.0,0.0,1.0,0.0,0.0,0.0,1.0,1.0,0.0
-0.4683544303797469,-0.2692751980081092,-1.0,0.46951418536106226,-1.0,-1.0,0.32455938550630026,0.0,0.0,1.0,1.0,0.0,0.0,0.0,1.0,1.0,0.0
-0.5443037974683544,-1.0,-1.0,-1.0,-1.0,-1.0,-1.0,0.0,1.0,0.0,0.0,1.0,0.0,0.0,1.0,1.0,0.0
-0.5696202531645569,-0.029382445057654194,0.4925967833151974,-1.0,-0.4343312963306818,-1.0,0.47593395603973176,1.0,0.0,0.0,1.0,0.0,0.0,0.0,1.0,1.0,0.0
-0.1392405063291139,0.13919644805840758,0.1893677084583647,-0.852735061170152,0.07596176115065756,-1.0,0.29871004050405636,1.0,0.0,0.0,1.0,0.0,1.0,0.0,0.0,1.0,0.0
-0.3417721518987342,0.5038576958652587,-1.0,-0.164650628997688,-1.0,-1.0,0.3788530989524681,0.0,0.0,1.0,1.0,0.0,0.0,0.0,1.0,1.0,0.0
-0.5949367088607596,-1.0,-1.0,-1.0,-1.0,-1.0,-1.0,0.0,1.0,0.0,0.0,1.0,0.0,0.0,1.0,1.0,0.0
-0.49367088607594933,-1.0,-0.12433732903026706,0.3451807332930883,-0.7806552088744709,-1.0,0.23594393628112487,1.0,0.0,0.0,1.0,0.0,0.0,1.0,0.0,1.0,0.0
-0.5189873417721519,-1.0,-1.0,-1.0,-1.0,-1.0,-1.0,0.0,0.0,1.0,0.0,1.0,0.0,0.0,1.0,1.0,0.0
0.11392405063291133,0.6739920268453625,-0.3602014629370759,-1.0,-0.17279732755673072,0.3725402488904388,0.5813261164202574,0.0,1.0,0.0,1.0,0.0,1.0,0.0,0.0,0.0,1.0
-0.9746835443037974,-1.0,-1.0,-1.0,-1.0,-1.0,-1.0,0.0,1.0,0.0,1.0,0.0,0.0,0.0,1.0,1.0,0.0
-0.44303797468354433,0.12624620523876162,-0.2367412617563015,0.8016714652817725,-0.003629028490048647,0.11874310398959254,0.6414770248220825,0.0,0.0,1.0,1.0,0.0,1.0,0.0,0.0,1.0,0.0
-0.6455696202531646,-1.0,-1.0,-1.0,-1.0,-1.0,-1.0,0.0,1.0,0.0,0.0,1.0,1.0,0.0,0.0,1.0,0.0
-0.012658227848101333,0.2138265673166726,-1.0,0.40045643429782407,-0.7806552088744709,-0.09963319400218829,0.3433775660388374,0.0,0.0,1.0,1.0,0.0,0.0,0.0,1.0,1.0,0.0
-0.06329113924050633,-0.8551412152377926,0.6313295065130098,-0.852735061170152,0.8224060603155721,-0.7205107241502491,0.8155190567025212,0.0,1.0,0.0,1.0,0.0,1.0,0.0,0.0,1.0,0.0
-0.11392405063291144,-1.0,-1.0,-1.0,-1.0,-1.0,-1.0,0.0,0.0,1.0,0.0,1.0,0.0,0.0,1.0,1.0,0.0
-0.2911392405063291,0.33336299021322,-0.21177363941423843,-1.0,-1.0,-1.0,0.23389244116125418,1.0,0.0,0.0,1.0,0.0,0.0,0.0,1.0,1.0,0.0
-0.6455696202531646,-1.0,-1.0,-1.0,-1.0,-1.0,-1.0,1.0,0.0,0.0,0.0,1.0,0.0,1.0,0.0,1.0,0.0
-0.8987341772151899,-1.0,-1.0,-1.0,-1.0,-1.0,-1.0,1.0,0.0,0.0,1.0,0.0,1.0,0.0,0.0,1.0,0.0
-0.5443037974683544,-1.0,-1.0,-1.0,-1.0,-1.0,-1.0,0.0,1.0,0.0,0.0,1.0,0.0,0.0,1.0,1.0,0.0
-0.5189873417721519,0.47101461075854445,-0.42841595991199644,-1.0,-1.0,0.31252599752171695,0.4320020999371834,1.0,0.0,0.0,1.0,0.0,0.0,0.0,1.0,1.0,0.0
-0.3417721518987342,-0.8551412152377926,0.3873545842938566,0.8004775029933922,0.11849794081219467,0.7218052153218257,0.7816291443561081,0.0,1.0,0.0,1.0,0.0,1.0,0.0,0.0,1.0,0.0
-0.11392405063291144,0.15968504345871937,-1.0,0.23965453568335393,-0.2845281077249162,-1.0,0.2297220101743176,1.0,0.0,0.0,1.0,0.0,1.0,0.0,0.0,1.0,0.0
-0.03797468354430378,-1.0,0.23885881423834876,0.6739412070288182,0.7435556208887051,-0.07155672233498855,0.7467279604314299,0.0,1.0,0.0,1.0,0.0,0.0,0.0,1.0,1.0,0.0
-0.4683544303797469,0.4374811603352353,-1.0,0.14004666220565287,-0.5613104177489419,-0.09963319400218829,0.36366256408196573,1.0,0.0,0.0,1.0,0.0,0.0,1.0,0.0,1.0,0.0
-0.3924050632911392,-0.7102824304755853,0.48068364449523937,0.23589411190618192,-1.0,-0.6755229990923698,0.4834810502540028,1.0,0.0,0.0,1.0,0.0,0.0,0.0,1.0,1.0,0.0
-0.5696202531645569,0.32208331881986685,-1.0,-0.7054701223403039,-1.0,0.43390848500800416,0.4276799532340514,1.0,0.0,0.0,1.0,0.0,1.0,0.0,0.0,1.0,0.0
-0.1392405063291139,-1.0,-1.0,-1.0,-1.0,-1.0,-1.0,0.0,0.0,1.0,0.0,1.0,0.0,0.0,1.0,1.0,0.0
-0.2911392405063291,-0.37393074834497464,-0.3913276979777265,0.6992421138782798,0.6351445412172787,0.02193618077320525,0.6816966083996616,0.0,1.0,0.0,1.0,0.0,1.0,0.0,0.0,0.0,1.0
0.4683544303797469,-1.0,-1.0,-1.0,0.5165667675485275,-0.4063749077027098,0.44980218745016853,1.0,0.0,0.0,1.0,0.0,0.0,0.0,1.0,1.0,0.0
-0.03797468354430378,-1.0,-1.0,-1.0,-1.0,-1.0,-1.0,0.0,1.0,0.0,0.0,1.0,1.0,0.0,0.0,1.0,0.0
0.11392405063291133,0.34806478725272383,-1.0,-0.017385690167839973,-0.6422640538624581,-1.0,0.25923842845071654,1.0,0.0,0.0,1.0,0.0,1.0,0.0,0.0,1.0,0.0
-0.5443037974683544,-0.1824378509765714,-1.0,0.6927892045080333,-0.8616088449879872,-1.0,0.5222282768032558,0.0,0.0,1.0,1.0,0.0,0.0,0.0,1.0,1.0,0.0
-1.0,-1.0,-1.0,-1.0,-1.0,-1.0,-1.0,1.0,0.0,0.0,1.0,0.0,0.0,0.0,1.0,1.0,0.0
-0.3417721518987342,0.24523360166041508,-1.0,-0.08271339656191012,-1.0,0.45031105691700457,0.4279995520869384,1.0,0.0,0.0,1.0,0.0,1.0,0.0,0.0,1.0,0.0
0.16455696202531644,-1.0,-1.0,-1.0,-1.0,-1.0,-1.0,1.0,0.0,0.0,0.0,1.0,0.0,0.0,1.0,1.0,0.0
-0.31645569620253167,-1.0,0.0749252791634396,-1.0,-0.125101069045644,0.21872684843281043,0.2630692473235283,1.0,0.0,0.0,1.0,0.0,0.0,0.0,1.0,1.0,0.0
-0.3417721518987342,-1.0,-1.0,-1.0,-1.0,-1.0,-1.0,0.0,1.0,0.0,0.0,1.0,0.0,0.0,1.0,1.0,0.0
-0.06329113924050633,-1.0,0.5058239149473269,-1.0,0.0627721208623262,-0.12425018391810838,0.5003737176863596,0.0,1.0,0.0,1.0,0.0,1.0,0.0,0.0,1.0,0.0
-0.189873417721519,-1.0,-1.0,-1.0,-1.0,-1.0,-1.0,0.0,1.0,0.0,0.0,1.0,0.0,0.0,1.0,1.0,0.0
-0.9493670886075949,-1.0,-1.0,-1.0,-1.0,-1.0,-1.0,1.0,0.0,0.0,0.0,1.0,1.0,0.0,0.0,1.0,0.0
-0.4177215189873418,0.3930415791162347,0.33403978549341184,-1.0,0.36935525889756793,-1.0,0.5062532867405825,0.0,0.0,1.0,1.0,0.0,1.0,0.0,0.0,1.0,0.0
-0.3417721518987342,-1.0,-0.3675277377538795,-0.43931011029966616,-0.5038728988504453,0.3924632067296907,0.3258370204440151,0.0,0.0,1.0,1.0,0.0,0.0,0.0,1.0,1.0,0.0
-0.4683544303797469,-1.0,-1.0,-1.0,-1.0,-1.0,-1.0,0.0,1.0,0.0,0.0,1.0,0.0,0.0,1.0,1.0,0.0
-0.5949367088607596,-1.0,-1.0,-1.0,-1.0,-1.0,-1.0,1.0,0.0,0.0,0.0,1.0,0.0,1.0,0.0,1.0,0.0
0.012658227848101333,-1.0,-1.0,-1.0,-1.0,-1.0,-1.0,0.0,1.0,0.0,0.0,1.0,0.0,0.0,1.0,1.0,0.0
-0.2405063291139241,-1.0,-0.8654440222251701,-1.0,0.35160121611921014,-1.0,0.2907878396361492,1.0,0.0,0.0,1.0,0.0,0.0,0.0,1.0,1.0,0.0
-0.3924050632911392,0.08409645887873451,-1.0,0.16083694648179825,-1.0,0.20641478803193136,0.27672710334034045,1.0,0.0,0.0,1.0,0.0,0.0,0.0,1.0,1.0,0.0
-1.0,-1.0,-1.0,-1.0,-1.0,-1.0,-1.0,1.0,0.0,0.0,1.0,0.0,1.0,0.0,0.0,1.0,0.0
-0.49367088607594933,0.3832307375700763,-1.0,-1.0,-1.0,0.24802265563989168,0.3572921160037634,1.0,0.0,0.0,1.0,0.0,1.0,0.0,0.0,1.0,0.0
-0.189873417721519,0.582877325312293,-1.0,0.3773905951235623,-1.0,-1.0,0.49905844528648013,0.0,0.0,1.0,1.0,0.0,0.0,0.0,1.0,1.0,0.0
0.2911392405063291,-1.0,-1.0,-0.658061401139107,-1.0,-1.0,-0.6931756762832604,1.0,0.0,0.0,1.0,0.0,0.0,0.0,1.0,1.0,0.0
-0.5189873417721519,0.13919644805840758,-1.0,0.3116726987264371,-1.0,-0.6387653512873415,0.2534768707710904,1.0,0.0,0.0,1.0,0.0,0.0,0.0,1.0,1.0,0.0
-0.36708860759493667,-1.0,-1.0,-1.0,-1.0,-1.0,-1.0,0.0,1.0,0.0,0.0,1.0,0.0,0.0,1.0,1.0,0.0
-0.06329113924050633,0.6562552924799272,-1.0,0.49451478309062913,-1.0,-1.0,0.5763565856029778,0.0,0.0,1.0,1.0,0.0,0.0,0.0,1.0,1.0,0.0
0.1898734177215189,-1.0,-0.3212466169881213,-1.0,0.6573514325407261,0.4663201696946764,0.6418934225218769,0.0,1.0,0.0,1.0,0.0,0.0,0.0,1.0,1.0,0.0
0.49367088607594933,-1.0,-1.0,-1.0,-1.0,-1.0,-1.0,1.0,0.0,0.0,0.0,1.0,1.0,0.0,0.0,1.0,0.0
-0.7974683544303798,-1.0,-1.0,-1.0,-1.0,-1.0,-1.0,1.0,0.0,0.0,1.0,0.0,1.0,0.0,0.0,1.0,0.0
-0.44303797468354433,-1.0,-1.0,-1.0,-1.0,-1.0,-1.0,1.0,0.0,0.0,0.0,1.0,0.0,0.0,1.0,1.0,0.0
-0.3924050632911392,-1.0,-1.0,-1.0,-1.0,-1.0,-1.0,0.0,0.0,1.0,0.0,1.0,0.0,0.0,1.0,1.0,0.0
-0.5443037974683544,0.3741057061202875,-1.0,-1.0,-1.0,-1.0,0.2534768707710904,1.0,0.0,0.0,1.0,0.0,0.0,0.0,1.0,1.0,0.0
-0.3924050632911392,-1.0,-1.0,-1.0,-1.0,-1.0,-1.0,1.0,0.0,0.0,0.0,1.0,0.0,0.0,1.0,1.0,0.0
0.03797468354430378,-1.0,-1.0,-1.0,-1.0,-1.0,-1.0,1.0,0.0,0.0,0.0,1.0,0.0,0.0,1.0,1.0,0.0
-0.16455696202531644,-1.0,0.28870030052519335,-0.5331811885673919,-0.7806552088744709,-0.3076776303962323,0.2753096940518822,1.0,0.0,0.0,1.0,0.0,0.0,0.0,1.0,1.0,0.0
-0.5189873417721519,-1.0,-0.3751413897391659,0.3646727530646936,-0.5402745340816825,-1.0,0.2344808387613615,1.0,0.0,0.0,1.0,0.0,0.0,0.0,1.0,1.0,0.0
-0.16455696202531644,-1.0,0.47178799539741556,-1.0,0.08312508491371173,0.40780725111632377,0.542476537414394,0.0,1.0,0.0,1.0,0.0,1.0,0.0,0.0,1.0,0.0
-0.3417721518987342,-0.4340525761212535,-1.0,-1.0,0.3485988101717077,-1.0,0.2907878396361492,1.0,0.0,0.0,1.0,0.0,0.0,0.0,1.0,1.0,0.0
-0.8734177215189873,-1.0,-1.0,-1.0,-1.0,-1.0,-1.0,1.0,0.0,0.0,0.0,1.0,0.0,0.0,1.0,1.0,0.0
-0.36708860759493667,0.5094227686336394,0.1142272077041544,-0.7054701223403039,0.6796078848010145,0.19652746739778149,0.6755505263385808,0.0,1.0,0.0,1.0,0.0,1.0,0.0,0.0,1.0,0.0
-0.31645569620253167,-1.0,-0.12648235905280358,0.43924074745316477,-0.29015259890148426,-1.0,0.3165174390321084,1.0,0.0,0.0,1.0,0.0,0.0,0.0,1.0,1.0,0.0
-0.08860759493670889,0.464308568547938,-0.7308880444503403,-1.0,-1.0,0.308893306517499,0.4253197121895349,0.0,0.0,1.0,1.0,0.0,0.0,0.0,1.0,1.0,0.0
-0.06329113924050633,-1.0,0.37488728889795575,-0.658061401139107,0.2223938511543333,-0.13778606464980758,0.42039897431211704,1.0,0.0,0.0,1.0,0.0,0.0,0.0,1.0,1.0,0.0
-0.21518987341772156,0.6413828492052678,-0.8654440222251701,-0.7665905942836959,-1.0,-1.0,0.49751240318010015,0.0,0.0,1.0,1.0,0.0,0.0,0.0,1.0,1.0,0.0
-0.26582278481012656,0.17077028839756103,-1.0,-1.0,-0.34950071834211405,0.177525317204984,0.2315205204104438,1.0,0.0,0.0,1.0,0.0,1.0,0.0,0.0,1.0,0.0
-0.4177215189873418,-1.0,0.09591245350607203,-1.0,-1.0,-0.13778606464980758,0.11892670239228931,1.0,0.0,0.0,1.0,0.0,0.0,0.0,1.0,1.0,0.0
-0.2405063291139241,-1.0,-1.0,-1.0,-1.0,-1.0,-1.0,0.0,1.0,0.0,0.0,1.0,0.0,0.0,1.0,1.0,0.0
-0.21518987341772156,-1.0,-1.0,-1.0,-1.0,-1.0,-1.0,1.0,0.0,0.0,0.0,1.0,0.0,0.0,1.0,1.0,0.0
-0.6455696202531646,-0.8551412152377926,-1.0,0.42751076384406783,-1.0,-0.7205107241502491,0.2818359288675667,1.0,0.0,0.0,1.0,0.0,1.0,0.0,0.0,1.0,0.0
-0.5443037974683544,0.3213342604896201,-1.0,-1.0,0.3474319089363309,-0.6076872028904432,0.3830761089306518,0.0,0.0,1.0,1.0,0.0,0.0,0.0,1.0,1.0,0.0
-0.5443037974683544,-0.5933299775945341,-1.0,-1.0,-0.487891873354127,0.32219101959465446,0.2550655522240399,1.0,0.0,0.0,1.0,0.0,1.0,0.0,0.0,1.0,0.0
-0.21518987341772156,-1.0,-1.0,-1.0,-1.0,-1.0,-1.0,0.0,0.0,1.0,0.0,1.0,1.0,0.0,0.0,1.0,0.0
-0.2911392405063291,-1.0,-1.0,-1.0,-1.0,-1.0,-1.0,0.0,0.0,1.0,0.0,1.0,0.0,0.0,1.0,1.0,0.0
-0.4177215189873418,0.24251591641358305,-1.0,0.04683641929791582,-0.07080780777595519,-0.5570199784244338,0.22911871640787962,1.0,0.0,0.0,1.0,0.0,0.0,1.0,0.0,1.0,0.0
-0.6708860759493671,-1.0,-1.0,-1.0,-1.0,-1.0,-1.0,1.0,0.0,0.0,0.0,1.0,0.0,0.0,1.0,1.0,0.0
-0.31645569620253167,-1.0,-1.0,-1.0,-1.0,-1.0,-1.0,0.0,1.0,0.0,0.0,1.0,1.0,0.0,0.0,1.0,0.0
-0.36708860759493667,0.35774184234806317,-0.3098243083711406,-1.0,-0.125101069045644,0.008840091010643425,0.3018302520716756,1.0,0.0,0.0,1.0,0.0,0.0,0.0,1.0,1.0,0.0
0.26582278481012667,-1.0,-1.0,-1.0,-1.0,-1.0,-1.0,1.0,0.0,0.0,0.0,1.0,0.0,0.0,1.0,1.0,0.0
-0.9240506329113924,-1.0,-1.0,-1.0,-1.0,-1.0,-1.0,1.0,0.0,0.0,0.0,1.0,0.0,0.0,1.0,1.0,0.0
-0.31645569620253167,0.3954239778783091,-1.0,-0.7665905942836959,0.10556330082918008,-1.0,0.3260188427478288,0.0,0.0,1.0,1.0,0.0,0.0,0.0,1.0,1.0,0.0
-0.9240506329113924,-1.0,-1.0,-1.0,-1.0,-1.0,-1.0,0.0,0.0,1.0,0.0,1.0,0.0,0.0,1.0,1.0,0.0
0.4177215189873418,-1.0,0.44645919175513327,-1.0,-0.08663043879110688,-1.0,0.4308520841755783,1.0,0.0,0.0,1.0,0.0,0.0,0.0,1.0,1.0,0.0
-0.2911392405063291,0.628068136570235,0.7659072311362192,-0.20590070458336207,-0.8616088449879872,0.23742037609112887,0.7881770764429719,0.0,1.0,0.0,1.0,0.0,0.0,0.0,1.0,1.0,0.0
-0.6455696202531646,-1.0,0.4101170802918006,0.06313041056822466,-1.0,-0.5807660862253737,0.4044645147252006,1.0,0.0,0.0,1.0,0.0,0.0,0.0,1.0,1.0,0.0
-0.6962025316455696,-1.0,-1.0,-1.0,-1.0,-1.0,-1.0,1.0,0.0,0.0,0.0,1.0,0.0,0.0,1.0,1.0,0.0
-0.03797468354430378,0.12624620523876162,-1.0,0.3544275537157091,0.32725241908099445,-1.0,0.40349863212151704,0.0,0.0,1.0,1.0,0.0,0.0,0.0,1.0,1.0,0.0
0.11392405063291133,-1.0,-1.0,-1.0,-1.0,-1.0,-1.0,1.0,0.0,0.0,0.0,1.0,0.0,0.0,1.0,1.0,0.0
-0.31645569620253167,-1.0,0.6336642017058522,-1.0,0.7424258841170333,0.7292315120298101,0.8453719326772939,0.0,1.0,0.0,1.0,0.0,0.0,0.0,1.0,1.0,0.0
-0.620253164556962,-1.0,-1.0,-1.0,-1.0,-1.0,-1.0,1.0,0.0,0.0,0.0,1.0,1.0,0.0,0.0,1.0,0.0
-0.11392405063291144,-0.03140165932038008,0.29297244072380035,-0.5865750491295142,-1.0,-1.0,0.2944686937979426,1.0,0.0,0.0,1.0,0.0,0.0,0.0,1.0,1.0,0.0
-0.9493670886075949,-1.0,-1.0,-1.0,-1.0,-1.0,-1.0,0.0,1.0,0.0,0.0,1.0,0.0,0.0,1.0,1.0,0.0
-0.5949367088607596,-1.0,-0.2084552125928104,-0.45505497126441197,-0.1546342450073407,0.3070521165874276,0.2724428630192193,1.0,0.0,0.0,1.0,0.0,0.0,0.0,1.0,1.0,0.0
-0.6455696202531646,-1.0,0.6349065261519482,0.19099972060540016,0.05784208684864778,0.4573074164847526,0.6705763694577516,0.0,1.0,0.0,1.0,0.0,0.0,0.0,1.0,1.0,0.0
-0.49367088607594933,-0.48068668872744935,0.2408196717375648,-1.0,0.6340334853003267,0.12643903439619364,0.6018069895297025,0.0,1.0,0.0,1.0,0.0,1.0,0.0,0.0,1.0,0.0
-0.06329113924050633,0.11846904550458803,-0.7308880444503403,0.3597884368760986,-0.8616088449879872,-0.14636646153228838,0.2933934474557045,1.0,0.0,0.0,1.0,0.0,0.0,0.0,1.0,1.0,0.0
-0.31645569620253167,-1.0,-1.0,-1.0,-1.0,-1.0,-1.0,0.0,1.0,0.0,0.0,1.0,1.0,0.0,0.0,1.0,0.0
-0.620253164556962,-1.0,-1.0,-1.0,-1.0,-1.0,-1.0,1.0,0.0,0.0,0.0,1.0,0.0,0.0,1.0,1.0,0.0
-0.31645569620253167,-1.0,-1.0,-1.0,-1.0,-1.0,-1.0,1.0,0.0,0.0,0.0,1.0,0.0,0.0,1.0,1.0,0.0
-0.8227848101265822,-1.0,-1.0,-1.0,-1.0,-1.0,-1.0,1.0,0.0,0.0,0.0,1.0,0.0,1.0,0.0,1.0,0.0
0.21518987341772156,-1.0,-1.0,0.41779818857917483,0.5513734948124487,0.4444713666087836,0.601550176732315,1.0,0.0,0.0,1.0,0.0,0.0,0.0,1.0,1.0,0.0
-0.620253164556962,-1.0,0.26551800568290496,-1.0,0.0368062031813885,0.6263457629621816,0.5832216395788956,1.0,0.0,0.0,1.0,0.0,0.0,0.0,1.0,1.0,0.0
-0.9493670886075949,-1.0,-1.0,-1.0,-1.0,-1.0,-1.0,1.0,0.0,0.0,0.0,1.0,0.0,0.0,1.0,1.0,0.0
-0.4683544303797469,-0.22907196358276727,0.14316808017600713,-1.0,-1.0,-1.0,0.1422168221195672,1.0,0.0,0.0,1.0,0.0,0.0,0.0,1.0,1.0,0.0
-0.1392405063291139,-1.0,0.3722617443354883,-1.0,-0.026636467129174002,0.4194347697596237,0.48741842009515124,0.0,1.0,0.0,1.0,0.0,1.0,0.0,0.0,0.0,1.0
-0.5189873417721519,0.5892203630503523,-1.0,-1.0,-1.0,-1.0,0.4497072232284798,0.0,0.0,1.0,1.0,0.0,0.0,0.0,1.0,1.0,0.0
-0.5696202531645569,-1.0,-1.0,-1.0,-1.0,-1.0,-1.0,1.0,0.0,0.0,0.0,1.0,0.0,1.0,0.0,1.0,0.0
-0.31645569620253167,0.14275376033646947,0.2717169523089362,0.2339886426589013,-0.3080442249399358,-1.0,0.3667696985133764,0.0,0.0,1.0,1.0,0.0,0.0,0.0,1.0,1.0,0.0
-0.5189873417721519,0.05401053912666498,-0.0018836018700468804,0.6226969896169599,-1.0,-1.0,0.483719599612884,0.0,0.0,1.0,1.0,0.0,0.0,0.0,1.0,1.0,0.0
-0.3924050632911392,-1.0,-1.0,-1.0,-1.0,-1.0,-1.0,0.0,1.0,0.0,0.0,1.0,1.0,0.0,0.0,1.0,0.0
-0.36708860759493667,-0.09220091735077918,0.2421159920263134,-1.0,-1.0,-0.3431387535006696,0.2494462624740159,1.0,0.0,0.0,1.0,0.0,1.0,0.0,0.0,1.0,0.0
-0.3924050632911392,-0.6636483178693894,-0.5963320666755103,-1.0,0.31191773999907135,-0.11654444739286807,0.2753096940518822,1.0,0.0,0.0,1.0,0.0,0.0,0.0,1.0,1.0,0.0
0.08860759493670889,-1.0,-1.0,-1.0,-1.0,0.48036960685112073,0.39983235237745895,1.0,0.0,0.0,1.0,0.0,0.0,0.0,1.0,1.0,0.0
-0.3417721518987342,0.23069923471076614,-0.5734676419580506,-0.852735061170152,0.15782499443213927,0.05355701831642623,0.2933934474557045,1.0,0.0,0.0,1.0,0.0,0.0,0.0,1.0,1.0,0.0
-0.9746835443037974,-1.0,-1.0,-1.0,-1.0,-1.0,-1.0,1.0,0.0,0.0,0.0,1.0,1.0,0.0,0.0,1.0,0.0
-0.9746835443037974,-1.0,-1.0,-1.0,-1.0,-1.0,-1.0,0.0,0.0,1.0,0.0,1.0,1.0,0.0,0.0,1.0,0.0
0.139240506329114,-1.0,-1.0,-1.0,-1.0,-1.0,-1.0,0.0,1.0,0.0,0.0,1.0,1.0,0.0,0.0,1.0,0.0
-0.620253164556962,0.4524300012731972,-1.0,-0.23283016877370677,-1.0,-1.0,0.3313944057831548,1.0,0.0,0.0,1.0,0.0,0.0,0.0,1.0,1.0,0.0
-0.7215189873417722,-1.0,-1.0,-1.0,-1.0,-1.0,-1.0,1.0,0.0,0.0,0.0,1.0,0.0,0.0,1.0,1.0,0.0
0.1898734177215189,0.09434856043214213,0.08606351026654524,0.46288434665617384,0.6259620232329293,0.10240956899959275,0.6278720512788423,0.0,1.0,0.0,1.0,0.0,0.0,0.0,1.0,1.0,0.0
-0.03797468354430378,-1.0,-1.0,-1.0,-1.0,-1.0,-1.0,1.0,0.0,0.0,0.0,1.0,0.0,1.0,0.0,1.0,0.0
-1.0,-1.0,-1.0,-1.0,-1.0,-1.0,-1.0,1.0,0.0,0.0,1.0,0.0,0.0,0.0,1.0,1.0,0.0
-0.2911392405063291,0.38819372397612595,-1.0,-0.852735061170152,0.10945535844281906,-0.33552996763665077,0.32656327149793496,1.0,0.0,0.0,1.0,0.0,0.0,0.0,1.0,1.0,0.0
-0.2911392405063291,-1.0,-1.0,-1.0,-1.0,-1.0,-1.0,0.0,0.0,1.0,0.0,1.0,0.0,0.0,1.0,1.0,0.0
-0.5189873417721519,-1.0,-1.0,0.31906708424337693,-0.47309575479577604,-1.0,0.1885322446505071,1.0,0.0,0.0,1.0,0.0,1.0,0.0,0.0,1.0,0.0
-0.03797468354430378,-1.0,0.18158444244581062,-1.0,0.2129807029739461,0.8583929799934833,0.773132118877389,0.0,1.0,0.0,1.0,0.0,1.0,0.0,0.0,1.0,0.0
-0.44303797468354433,-1.0,-1.0,-1.0,-1.0,-1.0,-1.0,0.0,0.0,1.0,1.0,0.0,0.0,0.0,1.0,1.0,0.0
0.31645569620253156,-1.0,-1.0,-1.0,-1.0,-1.0,-1.0,0.0,1.0,0.0,1.0,0.0,0.0,0.0,1.0,1.0,0.0
-0.16455696202531644,0.40644608224046186,-1.0,0.07288431211158808,-0.3080442249399358,-1.0,0.32123417322106906,0.0,0.0,1.0,1.0,0.0,0.0,0.0,1.0,1.0,0.0
-0.7215189873417722,-1.0,-1.0,-1.0,-1.0,-1.0,-1.0,1.0,0.0,0.0,0.0,1.0,1.0,0.0,0.0,1.0,0.0
-0.44303797468354433,-1.0,-1.0,-1.0,-1.0,-1.0,-1.0,1.0,0.0,0.0,0.0,1.0,0.0,0.0,1.0,1.0,0.0
-0.44303797468354433,0.4771564181208172,-1.0,-1.0,-0.5402745340816825,-1.0,0.34893695038886774,0.0,0.0,1.0,1.0,0.0,0.0,0.0,1.0,1.0,0.0
-0.44303797468354433,-1.0,-1.0,-1.0,-1.0,-1.0,-1.0,1.0,0.0,0.0,0.0,1.0,1.0,0.0,0.0,1.0,0.0
0.4430379746835442,0.2352799561855754,-1.0,0.37179493047655954,0.39509598111106015,0.25809512466063955,0.49898510784718453,0.0,0.0,1.0,1.0,0.0,0.0,0.0,1.0,1.0,0.0
-0.5189873417721519,-1.0,-1.0,-1.0,-1.0,-1.0,-1.0,1.0,0.0,0.0,0.0,1.0,0.0,1.0,0.0,1.0,0.0
-0.08860759493670889,-1.0,-1.0,-1.0,-1.0,-1.0,-1.0,0.0,1.0,0.0,0.0,1.0,1.0,0.0,0.0,1.0,0.0
-1.0,-1.0,-1.0,-1.0,-1.0,-1.0,-1.0,1.0,0.0,0.0,1.0,0.0,0.0,0.0,1.0,1.0,0.0
-0.6962025316455696,-1.0,-1.0,-1.0,-1.0,-1.0,-1.0,0.0,0.0,1.0,1.0,0.0,0.0,0.0,1.0,1.0,0.0
-0.6455696202531646,-1.0,-1.0,0.22947494093986975,0.10079041458673088,0.15392567428235293,0.29209509507457176,1.0,0.0,0.0,1.0,0.0,0.0,0.0,1.0,1.0,0.0
-0.31645569620253167,-1.0,-1.0,-1.0,-1.0,-1.0,-1.0,0.0,0.0,1.0,0.0,1.0,0.0,0.0,1.0,1.0,0.0
-0.21518987341772156,-1.0,-1.0,-1.0,-1.0,-1.0,-1.0,0.0,0.0,1.0,0.0,1.0,0.0,0.0,1.0,1.0,0.0
-0.06329113924050633,-1.0,-1.0,-1.0,-1.0,-1.0,-1.0,1.0,0.0,0.0,1.0,0.0,0.0,0.0,1.0,1.0,0.0
-0.8227848101265822,-1.0,-1.0,-1.0,-1.0,-1.0,-1.0,0.0,0.0,1.0,1.0,0.0,0.0,0.0,1.0,1.0,0.0
-0.6708860759493671,-0.6636483178693894,-1.0,0.6120954828839009,-1.0,-0.2562890853177435,0.4506547434250201,0.0,0.0,1.0,1.0,0.0,1.0,0.0,0.0,1.0,0.0
0.06329113924050622,-0.27570607618896315,-1.0,-1.0,0.28882062867348957,-1.0,0.23969625836169262,1.0,0.0,0.0,1.0,0.0,1.0,0.0,0.0,1.0,0.0
-0.36708860759493667,-0.8551412152377926,-1.0,-0.221645565548108,-0.5848265349639614,0.33223171165952836,0.27123550831185184,1.0,0.0,0.0,1.0,0.0,0.0,0.0,1.0,1.0,0.0
0.4683544303797469,-1.0,-1.0,-1.0,-1.0,-1.0,-1.0,0.0,1.0,0.0,0.0,1.0,1.0,0.0,0.0,1.0,0.0
-0.06329113924050633,-1.0,-1.0,-1.0,-1.0,-1.0,-1.0,0.0,1.0,0.0,0.0,1.0,0.0,0.0,1.0,1.0,0.0
-0.44303797468354433,-1.0,-1.0,-1.0,-0.5212452626117072,0.3423142573463349,0.2717193681429104,1.0,0.0,0.0,1.0,0.0,0.0,0.0,1.0,1.0,0.0
-0.7468354430379747,-1.0,-1.0,-1.0,-1.0,-1.0,-1.0,1.0,0.0,0.0,1.0,0.0,0.0,1.0,0.0,1.0,0.0
-0.9746835443037974,-1.0,-1.0,-1.0,-1.0,-1.0,-1.0,1.0,0.0,0.0,0.0,1.0,0.0,0.0,1.0,1.0,0.0
-0.6708860759493671,-1.0,-1.0,-1.0,-1.0,-1.0,-1.0,0.0,1.0,0.0,0.0,1.0,1.0,0.0,0.0,1.0,0.0
-0.6455696202531646,0.30495002281023065,-1.0,0.26918601380216267,-1.0,-1.0,0.29829012696182167,1.0,0.0,0.0,1.0,0.0,0.0,0.0,1.0,1.0,0.0
-0.5189873417721519,-0.25109094697931345,-0.7867338209790253,0.31255610289711,-0.04084725476978934,-1.0,0.23181862941739362,1.0,0.0,0.0,1.0,0.0,0.0,0.0,1.0,1.0,0.0
-0.31645569620253167,-0.3447223122490274,0.05310888430954508,-1.0,-1.0,0.30079046744881754,0.29296164507155775,1.0,0.0,0.0,1.0,0.0,0.0,0.0,1.0,1.0,0.0
0.11392405063291133,-1.0,0.32136378221159,-1.0,-1.0,-1.0,0.29765851731362925,1.0,0.0,0.0,1.0,0.0,0.0,0.0,1.0,1.0,0.0
-1.0,-1.0,-1.0,-1.0,-1.0,-1.0,-1.0,1.0,0.0,0.0,1.0,0.0,0.0,0.0,1.0,1.0,0.0
0.240506329113924,-1.0,-1.0,-1.0,-1.0,-1.0,-1.0,0.0,1.0,0.0,0.0,1.0,1.0,0.0,0.0,1.0,0.0
-0.16455696202531644,-1.0,0.41627174405710576,0.4859197882681514,0.7267063422920141,0.46992537669692624,0.7506278121398962,0.0,1.0,0.0,1.0,0.0,1.0,0.0,0.0,0.0,1.0
-0.7721518987341772,-1.0,-1.0,-1.0,-1.0,-1.0,-1.0,1.0,0.0,0.0,0.0,1.0,0.0,0.0,1.0,1.0,0.0
0.8987341772151898,-1.0,-1.0,0.5107270994627575,-1.0,0.5077794725946443,0.5259576230201282,1.0,0.0,0.0,1.0,0.0,0.0,0.0,1.0,1.0,0.0
0.26582278481012667,0.3593120003757,-1.0,-1.0,-0.5038728988504453,0.036605113872856476,0.28569196920193196,1.0,0.0,0.0,1.0,0.0,0.0,0.0,1.0,1.0,0.0
-0.9240506329113924,-1.0,-1.0,-1.0,-1.0,-1.0,-1.0,1.0,0.0,0.0,1.0,0.0,0.0,0.0,1.0,1.0,0.0
-0.06329113924050633,-1.0,-1.0,-1.0,-1.0,-1.0,-1.0,1.0,0.0,0.0,0.0,1.0,0.0,0.0,1.0,1.0,0.0
-0.4177215189873418,-1.0,-1.0,0.3138743598479088,0.04654746356879835,-1.0,0.24140349966168073,1.0,0.0,0.0,1.0,0.0,0.0,0.0,1.0,1.0,0.0
-0.5443037974683544,0.485017284013588,-1.0,-0.24463645026862124,0.39747832330926935,-1.0,0.4796230972604436,0.0,0.0,1.0,1.0,0.0,0.0,0.0,1.0,1.0,0.0
-0.5949367088607596,-0.7102824304755853,0.24049423454171825,-1.0,-0.5402745340816825,0.1642009627143608,0.30285907632306674,1.0,0.0,0.0,1.0,0.0,0.0,0.0,1.0,1.0,0.0
-0.31645569620253167,-1.0,-1.0,0.4365529112981521,-0.29594014131866886,-0.7785099892122169,0.2966011620180071,1.0,0.0,0.0,1.0,0.0,0.0,0.0,1.0,1.0,0.0
-0.5443037974683544,-1.0,-1.0,-1.0,-1.0,-1.0,-1.0,1.0,0.0,0.0,0.0,1.0,0.0,1.0,0.0,1.0,0.0
-0.5696202531645569,-1.0,-1.0,-1.0,-1.0,-1.0,-1.0,0.0,1.0,0.0,0.0,1.0,1.0,0.0,0.0,1.0,0.0
-0.8481012658227848,-1.0,-1.0,-1.0,-1.0,-1.0,-1.0,0.0,0.0,1.0,0.0,1.0,0.0,0.0,1.0,1.0,0.0
-0.3417721518987342,-1.0,-1.0,-1.0,-1.0,-1.0,-1.0,0.0,1.0,0.0,0.0,1.0,1.0,0.0,0.0,1.0,0.0
-0.6455696202531646,-0.7704042582518641,0.3165811088136641,-1.0,0.27007368989214386,0.08276840433798793,0.41534785151911846,0.0,1.0,0.0,1.0,0.0,0.0,0.0,1.0,1.0,0.0
-0.3417721518987342,-1.0,-1.0,-1.0,-1.0,-1.0,-1.0,1.0,0.0,0.0,0.0,1.0,0.0,0.0,1.0,1.0,0.0
-0.5696202531645569,-1.0,-1.0,-1.0,-1.0,-1.0,-1.0,0.0,0.0,1.0,0.0,1.0,1.0,0.0,0.0,1.0,0.0
0.06329113924050622,0.38928078520685516,-1.0,0.5236787120168198,-1.0,-1.0,0.4557835618722621,0.0,0.0,1.0,1.0,0.0,0.0,0.0,1.0,1.0,0.0
-0.31645569620253167,-1.0,-1.0,0.11810272116153309,-0.2685470822285979,0.28967792637766987,0.28137710633298174,1.0,0.0,0.0,1.0,0.0,0.0,0.0,1.0,1.0,0.0
-0.36708860759493667,-1.0,-1.0,-1.0,-1.0,-1.0,-1.0,1.0,0.0,0.0,0.0,1.0,0.0,1.0,0.0,1.0,0.0
-0.3417721518987342,-1.0,-0.01600788359882588,-1.0,-1.0,0.37431459606271456,0.32997567796226335,1.0,0.0,0.0,1.0,0.0,1.0,0.0,0.0,1.0,0.0
-0.6455696202531646,-1.0,-1.0,-1.0,-1.0,-1.0,-1.0,1.0,0.0,0.0,0.0,1.0,0.0,0.0,1.0,1.0,0.0
-0.3417721518987342,-1.0,0.23754048494841085,-0.852735061170152,-1.0,-0.17793217702564434,0.23359755994066989,1.0,0.0,0.0,1.0,0.0,0.0,0.0,1.0,1.0,0.0
-0.3417721518987342,-1.0,-1.0,-1.0,-0.09719672610884411,0.37164718476733327,0.3153678435620455,1.0,0.0,0.0,1.0,0.0,0.0,0.0,1.0,1.0,0.0
-0.16455696202531644,0.6970357301408145,-1.0,-0.43931011029966616,-0.4464353799519486,-1.0,0.5496389376753448,0.0,0.0,1.0,1.0,0.0,0.0,0.0,1.0,1.0,0.0
-0.03797468354430378,-1.0,0.4933065582991858,0.4365529112981521,0.06567274669392442,0.7625485534504144,0.746567892688107,0.0,1.0,0.0,1.0,0.0,0.0,1.0,0.0,0.0,1.0
-0.012658227848101333,0.37087464027959327,-0.7308880444503403,-1.0,-1.0,-1.0,0.25133782256733506,1.0,0.0,0.0,1.0,0.0,0.0,0.0,1.0,1.0,0.0
-0.189873417721519,-1.0,-1.0,-1.0,-1.0,-1.0,-1.0,1.0,0.0,0.0,0.0,1.0,0.0,0.0,1.0,1.0,0.0
-0.2405063291139241,-1.0,0.5672956599663248,-1.0,-0.7806552088744709,0.16975868084658896,0.5579469154725059,0.0,1.0,0.0,1.0,0.0,0.0,0.0,1.0,1.0,0.0
-0.5189873417721519,-1.0,0.2777240579508369,-1.0,-0.34950071834211405,-0.8602553620751245,0.26154614464588355,1.0,0.0,0.0,1.0,0.0,0.0,0.0,1.0,1.0,0.0
-0.4177215189873418,-1.0,-1.0,-1.0,-1.0,-1.0,-1.0,1.0,0.0,0.0,0.0,1.0,0.0,1.0,0.0,1.0,0.0
-0.03797468354430378,-1.0,0.3761868635715402,-0.17315009825902838,0.12430653180175022,0.436844588785793,0.5110640032608587,0.0,1.0,0.0,1.0,0.0,1.0,0.0,0.0,1.0,0.0
-0.36708860759493667,-0.023439284835389596,-1.0,-1.0,-1.0,0.37716501401600433,0.32290402919167094,1.0,0.0,0.0,1.0,0.0,0.0,0.0,1.0,1.0,0.0
-0.36708860759493667,-1.0,-0.5176218654293654,-1.0,-0.47309575479577604,0.45242058628736537,0.3767756282913959,1.0,0.0,0.0,1.0,0.0,0.0,1.0,0.0,1.0,0.0
-0.189873417721519,-1.0,0.15866486124499724,-0.1266103287679058,0.7011485885426259,0.07993544583517287,0.6479319337417675,0.0,1.0,0.0,1.0,0.0,0.0,0.0,1.0,1.0,0.0
-0.9493670886075949,-1.0,-1.0,-1.0,-1.0,-1.0,-1.0,1.0,0.0,0.0,0.0,1.0,0.0,0.0,1.0,1.0,0.0
0.36708860759493667,-1.0,0.11793668188518991,-0.852735061170152,0.521423376038961,0.20231064842101465,0.5093349811505603,0.0,1.0,0.0,1.0,0.0,1.0,0.0,0.0,0.0,1.0
-1.0,-1.0,-1.0,-1.0,-1.0,-1.0,-1.0,0.0,0.0,1.0,0.0,1.0,0.0,0.0,1.0,1.0,0.0
0.03797468354430378,-1.0,-1.0,-1.0,-1.0,0.2991941891482526,0.22851350741992382,1.0,0.0,0.0,1.0,0.0,0.0,1.0,0.0,1.0,0.0
-0.8987341772151899,-1.0,-1.0,-1.0,-1.0,-1.0,-1.0,1.0,0.0,0.0,0.0,1.0,0.0,0.0,1.0,1.0,0.0
-1.0,-1.0,-1.0,-1.0,-1.0,-1.0,-1.0,1.0,0.0,0.0,0.0,1.0,1.0,0.0,0.0,1.0,0.0
-0.4683544303797469,0.3420358965680501,-0.26540084045943624,-1.0,-0.8616088449879872,-1.0,0.2373958905280864,1.0,0.0,0.0,1.0,0.0,1.0,0.0,0.0,1.0,0.0
-0.012658227848101333,-0.7102824304755853,-0.13987547893092322,-1.0,0.33611623120857814,0.613076802276884,0.5751305963546547,0.0,1.0,0.0,1.0,0.0,1.0,0.0,0.0,1.0,0.0
-0.6708860759493671,-1.0,-1.0,-1.0,-1.0,-1.0,-1.0,0.0,1.0,0.0,0.0,1.0,0.0,0.0,1.0,1.0,0.0
-0.5949367088607596,-1.0,-1.0,-1.0,-1.0,-1.0,-1.0,0.0,0.0,1.0,0.0,1.0,0.0,0.0,1.0,1.0,0.0
-0.4683544303797469,-1.0,-1.0,-1.0,-1.0,-1.0,-1.0,0.0,0.0,1.0,0.0,1.0,0.0,0.0,1.0,1.0,0.0
-0.06329113924050633,-1.0,-1.0,-1.0,-1.0,-1.0,-1.0,0.0,1.0,0.0,0.0,1.0,0.0,0.0,1.0,1.0,0.0
-0.3417721518987342,0.5609418103419748,-0.3913276979777265,-1.0,-0.6786656890936953,-1.0,0.42671792930310004,0.0,0.0,1.0,1.0,0.0,0.0,0.0,1.0,1.0,0.0
-0.4177215189873418,0.26183683428450544,-0.687570694869583,0.3687717560321617,-1.0,-1.0,0.3262004918050192,0.0,0.0,1.0,1.0,0.0,0.0,0.0,1.0,1.0,0.0
-0.3924050632911392,-0.3191000145820688,0.5722527756739266,-1.0,0.7394254399591402,0.04694629833294717,0.7475063718330397,0.0,1.0,0.0,1.0,0.0,1.0,0.0,0.0,1.0,0.0
-0.5443037974683544,0.5605838535595051,-0.2367412617563015,0.19791579446324037,-0.7806552088744709,-1.0,0.4567014291778222,0.0,0.0,1.0,1.0,0.0,0.0,0.0,1.0,1.0,0.0
-0.5443037974683544,-1.0,-1.0,-0.363531523479411,0.3222705868485698,-0.6755229990923698,0.26830627263791507,1.0,0.0,0.0,1.0,0.0,0.0,1.0,0.0,1.0,0.0
-0.620253164556962,-1.0,-1.0,-1.0,-1.0,-1.0,-1.0,1.0,0.0,0.0,0.0,1.0,0.0,1.0,0.0,1.0,0.0
-0.189873417721519,-0.8551412152377926,-1.0,-1.0,-0.5402745340816825,0.310111490865006,0.24168655935896544,1.0,0.0,0.0,1.0,0.0,1.0,0.0,0.0,1.0,0.0
0.26582278481012667,0.031241152588492138,0.27364854279171014,-1.0,-0.41212440500723446,-0.2513108349509553,0.29744751488910315,1.0,0.0,0.0,1.0,0.0,0.0,0.0,1.0,1.0,0.0
0.31645569620253156,-1.0,0.22839960272817894,-1.0,-1.0,-1.0,0.20636211511482583,1.0,0.0,0.0,1.0,0.0,0.0,0.0,1.0,1.0,0.0
0.11392405063291133,-1.0,0.09453568715463834,0.004373237708689137,-1.0,0.8410598077683455,0.7488164857241959,0.0,1.0,0.0,1.0,0.0,1.0,0.0,0.0,1.0,0.0
0.11392405063291133,-1.0,-1.0,-1.0,-1.0,-1.0,-1.0,1.0,0.0,0.0,0.0,1.0,0.0,0.0,1.0,1.0,0.0
-0.3417721518987342,-1.0,-1.0,-1.0,-1.0,-1.0,-1.0,0.0,1.0,0.0,0.0,1.0,1.0,0.0,0.0,1.0,0.0
0.3924050632911391,-1.0,-1.0,-1.0,0.24395445584119302,0.37365104451651754,0.383345375460018,1.0,0.0,0.0,1.0,0.0,0.0,0.0,1.0,1.0,0.0
-0.21518987341772156,-1.0,-1.0,-1.0,-1.0,-1.0,-1.0,0.0,1.0,0.0,0.0,1.0,1.0,0.0,0.0,1.0,0.0
-1.0,-1.0,-1.0,-1.0,-1.0,-1.0,-1.0,1.0,0.0,0.0,0.0,1.0,1.0,0.0,0.0,1.0,0.0
-0.36708860759493667,-1.0,-1.0,-1.0,-1.0,-1.0,-1.0,0.0,1.0,0.0,0.0,1.0,0.0,0.0,1.0,1.0,0.0
-0.4683544303797469,-1.0,-1.0,-1.0,-1.0,-1.0,-1.0,1.0,0.0,0.0,0.0,1.0,0.0,0.0,1.0,1.0,0.0
0.3924050632911391,-0.7704042582518641,-1.0,-1.0,-1.0,0.37320746040770136,0.29891965093869466,1.0,0.0,0.0,1.0,0.0,0.0,0.0,1.0,1.0,0.0
-1.0,-1.0,-1.0,-1.0,-1.0,-1.0,-1.0,1.0,0.0,0.0,0.0,1.0,0.0,0.0,1.0,1.0,0.0
-0.11392405063291144,0.5767782604592633,-1.0,0.31949413644132596,-0.8616088449879872,-1.0,0.4829232715080638,0.0,0.0,1.0,1.0,0.0,0.0,0.0,1.0,1.0,0.0
-0.36708860759493667,-1.0,-1.0,0.17477363996278994,-1.0,0.27323235532136647,0.2753096940518822,1.0,0.0,0.0,1.0,0.0,0.0,0.0,1.0,1.0,0.0
-0.03797468354430378,-1.0,-1.0,-1.0,-1.0,-1.0,-1.0,1.0,0.0,0.0,0.0,1.0,1.0,0.0,0.0,1.0,0.0
-0.189873417721519,-1.0,0.008073618722026277,-1.0,-1.0,0.7232186427781047,0.6359794267365648,0.0,1.0,0.0,1.0,0.0,0.0,0.0,1.0,1.0,0.0
0.49367088607594933,-1.0,-1.0,-1.0,-1.0,-1.0,-1.0,0.0,1.0,0.0,0.0,1.0,0.0,0.0,1.0,1.0,0.0
-0.08860759493670889,0.4044389882982464,0.6737837165906835,0.035776608085858586,-0.22709058882641942,0.42466260535337885,0.706780028198857,0.0,1.0,0.0,1.0,0.0,1.0,0.0,0.0,1.0,0.0
0.620253164556962,-1.0,-1.0,-1.0,-1.0,-1.0,-1.0,1.0,0.0,0.0,0.0,1.0,0.0,1.0,0.0,1.0,0.0
-0.7215189873417722,-1.0,-1.0,-1.0,-1.0,-1.0,-1.0,1.0,0.0,0.0,0.0,1.0,0.0,0.0,1.0,1.0,0.0
-0.26582278481012656,0.7041849391372652,0.8091419297292901,-0.41094024468060797,0.061795804818872924,-0.4410214483004983,0.8314400762418348,0.0,1.0,0.0,1.0,0.0,0.0,0.0,1.0,1.0,0.0
-0.3924050632911392,-1.0,-1.0,-1.0,-1.0,-1.0,-1.0,1.0,0.0,0.0,0.0,1.0,0.0,0.0,1.0,1.0,0.0
0.1898734177215189,-0.14433500659683873,-0.8654440222251701,0.230774384727356,0.26269768681376315,-1.0,0.3061144923927972,1.0,0.0,0.0,1.0,0.0,0.0,0.0,1.0,1.0,0.0
-0.31645569620253167,0.17759805882269863,0.24372431308907228,0.7260440137315909,0.12995090014823263,-0.7205107241502491,0.6056601581356855,0.0,1.0,0.0,1.0,0.0,0.0,0.0,1.0,1.0,0.0
0.240506329113924,-1.0,-1.0,-1.0,-1.0,-1.0,-1.0,1.0,0.0,0.0,0.0,1.0,0.0,0.0,1.0,1.0,0.0
-0.5189873417721519,-1.0,-1.0,-1.0,-1.0,-1.0,-1.0,0.0,0.0,1.0,1.0,0.0,0.0,0.0,1.0,1.0,0.0
0.8227848101265822,0.19886932388887235,-1.0,-1.0,-1.0,0.23785534690953036,0.2678136608105952,1.0,0.0,0.0,1.0,0.0,0.0,1.0,0.0,1.0,0.0
-0.4177215189873418,-0.10623216221710607,-1.0,0.5355775881512239,-1.0,0.369397062123467,0.47880943545723076,0.0,0.0,1.0,1.0,0.0,1.0,0.0,0.0,1.0,0.0
-0.5696202531645569,-1.0,-1.0,-1.0,-1.0,-1.0,-1.0,0.0,1.0,0.0,1.0,0.0,0.0,0.0,1.0,1.0,0.0
0.012658227848101333,0.41283912580847004,-1.0,-1.0,-1.0,-0.1745437124548359,0.3014171626985669,1.0,0.0,0.0,1.0,0.0,0.0,0.0,1.0,1.0,0.0
-0.16455696202531644,-1.0,-1.0,-1.0,-1.0,-1.0,-1.0,0.0,1.0,0.0,0.0,1.0,1.0,0.0,0.0,0.0,1.0
-0.44303797468354433,-1.0,-1.0,-1.0,-1.0,-1.0,-1.0,1.0,0.0,0.0,0.0,1.0,1.0,0.0,0.0,1.0,0.0
-0.11392405063291144,-1.0,-1.0,-1.0,-1.0,-1.0,-1.0,1.0,0.0,0.0,0.0,1.0,0.0,0.0,1.0,1.0,0.0
0.012658227848101333,0.4450892136179987,-1.0,-1.0,0.12855469702459943,0.16914866859262356,0.4088691470118626,0.0,1.0,0.0,1.0,0.0,0.0,0.0,1.0,1.0,0.0
-0.2911392405063291,-1.0,-1.0,-1.0,0.35433315702925205,-1.0,0.29317766851801275,1.0,0.0,0.0,1.0,0.0,0.0,0.0,1.0,1.0,0.0
-0.4177215189873418,-1.0,-1.0,-1.0,-1.0,-1.0,-1.0,0.0,0.0,1.0,0.0,1.0,0.0,0.0,1.0,1.0,0.0
-0.620253164556962,-1.0,-1.0,-1.0,-1.0,-1.0,-1.0,1.0,0.0,0.0,0.0,1.0,0.0,1.0,0.0,1.0,0.0
-0.6455696202531646,-0.28234114300394575,-0.2051925602989485,-1.0,0.26799391865871924,-1.0,0.23826178454250058,1.0,0.0,0.0,1.0,0.0,0.0,0.0,1.0,1.0,0.0
-0.49367088607594933,-1.0,-1.0,-1.0,-1.0,-1.0,-1.0,1.0,0.0,0.0,0.0,1.0,0.0,1.0,0.0,1.0,0.0
-0.8987341772151899,-1.0,-1.0,-1.0,-1.0,-1.0,-1.0,1.0,0.0,0.0,1.0,0.0,0.0,0.0,1.0,1.0,0.0
-0.08860759493670889,-1.0,0.43304191367377687,0.3253844494686322,-0.10158495183062433,0.5535402562819323,0.6005194519628063,0.0,1.0,0.0,1.0,0.0,0.0,0.0,1.0,1.0,0.0
-0.4177215189873418,-1.0,-1.0,-1.0,-1.0,-1.0,-1.0,1.0,0.0,0.0,0.0,1.0,0.0,1.0,0.0,1.0,0.0
-0.26582278481012656,-1.0,-0.19882729359260942,0.4551416429895754,-0.7806552088744709,-1.0,0.3180395283239481,1.0,0.0,0.0,1.0,0.0,0.0,0.0,1.0,1.0,0.0
-0.3924050632911392,0.33722348210897146,0.23984171882865812,0.5398543933241333,-1.0,-0.8602553620751245,0.49898510784718453,0.0,0.0,1.0,1.0,0.0,0.0,0.0,1.0,1.0,0.0
-0.31645569620253167,-1.0,-0.3154514630024463,-0.5107964623092589,0.5017860837420716,0.5360062406232065,0.5775747410007073,0.0,1.0,0.0,1.0,0.0,1.0,0.0,0.0,1.0,0.0
0.1898734177215189,-1.0,0.11670804967080883,-1.0,0.3559096949796621,0.4102239842040678,0.47518748302165537,0.0,1.0,0.0,1.0,0.0,0.0,0.0,1.0,1.0,0.0
-1.0,-1.0,-1.0,-1.0,-1.0,-1.0,-1.0,0.0,1.0,0.0,1.0,0.0,0.0,0.0,1.0,1.0,0.0
-0.620253164556962,-1.0,0.05225182666193051,-1.0,0.37897664162719535,-1.0,0.35543219226483114,1.0,0.0,0.0,1.0,0.0,0.0,0.0,1.0,1.0,0.0
-0.31645569620253167,-1.0,-1.0,-1.0,-1.0,-1.0,-1.0,1.0,0.0,0.0,0.0,1.0,1.0,0.0,0.0,1.0,0.0
0.16455696202531644,-1.0,-1.0,-0.852735061170152,-1.0,0.5088020051135125,0.4268250608996804,1.0,0.0,0.0,1.0,0.0,0.0,0.0,1.0,1.0,0.0
-0.5696202531645569,-1.0,-1.0,-1.0,-1.0,-1.0,-1.0,0.0,1.0,0.0,0.0,1.0,0.0,0.0,1.0,1.0,0.0
-0.26582278481012656,-1.0,-1.0,-1.0,-1.0,-1.0,-1.0,0.0,1.0,0.0,0.0,1.0,1.0,0.0,0.0,0.0,1.0
-0.21518987341772156,0.432471329860884,-0.13987547893092322,-0.363531523479411,-1.0,-1.0,0.3262004918050192,0.0,0.0,1.0,1.0,0.0,0.0,0.0,1.0,1.0,0.0
-0.6455696202531646,-1.0,-1.0,-1.0,-1.0,-1.0,-1.0,0.0,1.0,0.0,0.0,1.0,0.0,0.0,1.0,1.0,0.0
-0.9746835443037974,-1.0,-1.0,-1.0,-1.0,-1.0,-1.0,0.0,0.0,1.0,0.0,1.0,0.0,0.0,1.0,1.0,0.0
-0.5949367088607596,-1.0,-1.0,-1.0,-1.0,-1.0,-1.0,1.0,0.0,0.0,0.0,1.0,0.0,0.0,1.0,1.0,0.0
-0.012658227848101333,-1.0,0.5064042539202314,-1.0,-0.16350931647416544,0.7820475953346249,0.7421944654503574,1.0,0.0,0.0,1.0,0.0,0.0,0.0,1.0,1.0,0.0
0.1898734177215189,-1.0,-1.0,-1.0,-1.0,-1.0,-1.0,0.0,1.0,0.0,0.0,1.0,0.0,0.0,1.0,0.0,1.0
-0.3417721518987342,-1.0,-0.48769763572672786,-1.0,0.645927735761934,0.6485466430383879,0.6977915945477728,0.0,1.0,0.0,1.0,0.0,0.0,0.0,1.0,1.0,0.0
-0.5443037974683544,-1.0,-1.0,0.4131822974382209,-1.0,-0.6755229990923698,0.26904281188414436,1.0,0.0,0.0,1.0,0.0,0.0,0.0,1.0,1.0,0.0
-0.4683544303797469,-1.0,-1.0,-1.0,-1.0,-1.0,-1.0,0.0,0.0,1.0,0.0,1.0,0.0,0.0,1.0,1.0,0.0
-0.31645569620253167,-1.0,-1.0,-1.0,-1.0,-1.0,-1.0,0.0,0.0,1.0,0.0,1.0,0.0,0.0,1.0,1.0,0.0
-0.2405063291139241,0.37757445048881544,0.5228255201263254,-1.0,-0.22297381961557772,0.5117271855022107,0.6286910517113091,0.0,1.0,0.0,1.0,0.0,1.0,0.0,0.0,1.0,0.0
-0.6962025316455696,-1.0,-1.0,-1.0,-1.0,-1.0,-1.0,1.0,0.0,0.0,0.0,1.0,0.0,0.0,1.0,1.0,0.0
-0.4177215189873418,-1.0,-0.2888175365077347,-0.04635151241033164,-0.6786656890936953,0.2764870987707255,0.24671105528094617,1.0,0.0,0.0,1.0,0.0,1.0,0.0,0.0,1.0,0.0
0.240506329113924,0.3542453994941479,-0.3675277377538795,-1.0,0.34672848049394056,-0.7785099892122169,0.3977230621267156,1.0,0.0,0.0,1.0,0.0,0.0,0.0,1.0,1.0,0.0
-0.31645569620253167,-0.13084729142675589,-1.0,0.6117723521798688,-1.0,-1.0,0.4522547979466247,0.0,0.0,1.0,1.0,0.0,1.0,0.0,0.0,1.0,0.0
-0.44303797468354433,-1.0,-1.0,0.4933886758767876,-1.0,-0.228111834395196,0.3474810535889217,0.0,0.0,1.0,1.0,0.0,0.0,0.0,1.0,1.0,0.0
0.03797468354430378,-0.7704042582518641,-1.0,0.34136629695761167,0.7223515785305472,-0.14636646153228838,0.6647016526771587,1.0,0.0,0.0,1.0,0.0,0.0,0.0,1.0,1.0,0.0
0.36708860759493667,-1.0,-1.0,-1.0,-1.0,0.3734293744599637,0.29871004050405636,1.0,0.0,0.0,1.0,0.0,0.0,0.0,1.0,1.0,0.0
-0.2911392405063291,-0.7102824304755853,0.4875543376857656,-1.0,0.3071065136253397,-0.5165629810276651,0.5156891197369513,0.0,1.0,0.0,1.0,0.0,0.0,0.0,1.0,1.0,0.0
-0.44303797468354433,-1.0,0.2552289761901523,-1.0,-0.20730647247606515,-1.0,0.24753574584356097,1.0,0.0,0.0,1.0,0.0,1.0,0.0,0.0,1.0,0.0
-0.21518987341772156,-0.19536900909227262,0.4691983190811275,-1.0,0.3783761713007814,0.4384574685568554,0.5918865213701763,0.0,1.0,0.0,1.0,0.0,0.0,0.0,1.0,1.0,0.0
-0.36708860759493667,-1.0,-1.0,-1.0,-1.0,-1.0,-1.0,0.0,1.0,0.0,0.0,1.0,1.0,0.0,0.0,1.0,0.0
-0.11392405063291144,-1.0,0.6379990076246189,-1.0,0.15477674845848233,0.8946831674125768,0.8570696467910819,0.0,1.0,0.0,1.0,0.0,1.0,0.0,0.0,1.0,0.0
-0.012658227848101333,-1.0,0.004810966428164143,-0.19601713663564024,0.296518429945555,-1.0,0.29252886243144127,1.0,0.0,0.0,1.0,0.0,0.0,0.0,1.0,1.0,0.0
-0.9493670886075949,-1.0,-1.0,-1.0,-1.0,-1.0,-1.0,1.0,0.0,0.0,1.0,0.0,0.0,0.0,1.0,1.0,0.0
-1.0,-1.0,-1.0,-1.0,-1.0,-1.0,-1.0,1.0,0.0,0.0,1.0,0.0,1.0,0.0,0.0,1.0,0.0
-0.2405063291139241,-1.0,-1.0,-1.0,-1.0,-1.0,-1.0,1.0,0.0,0.0,0.0,1.0,1.0,0.0,0.0,1.0,0.0
-0.5696202531645569,-1.0,0.2567326494083886,-0.16885786344836606,-0.13798658706186173,-1.0,0.26731977278540575,1.0,0.0,0.0,1.0,0.0,0.0,0.0,1.0,1.0,0.0
-0.6455696202531646,-1.0,-1.0,-1.0,-1.0,-1.0,-1.0,1.0,0.0,0.0,0.0,1.0,0.0,0.0,1.0,1.0,0.0
-0.620253164556962,-1.0,-1.0,-1.0,-1.0,-1.0,-1.0,1.0,0.0,0.0,0.0,1.0,1.0,0.0,0.0,1.0,0.0
-0.9746835443037974,-1.0,-1.0,-1.0,-1.0,-1.0,-1.0,1.0,0.0,0.0,1.0,0.0,0.0,0.0,1.0,1.0,0.0
-0.1392405063291139,0.6665021693721456,-0.38306588765453553,-0.558205183510456,-1.0,-0.11156619702607984,0.5273533346665722,0.0,0.0,1.0,1.0,0.0,0.0,0.0,1.0,1.0,0.0
0.03797468354430378,-0.7102824304755853,0.3949976288512118,-1.0,-1.0,0.9001410795086096,0.8161037163930478,0.0,1.0,0.0,1.0,0.0,1.0,0.0,0.0,1.0,0.0
-0.36708860759493667,-0.1276071172136657,-1.0,-1.0,0.296518429945555,-1.0,0.255592184247051,1.0,0.0,0.0,1.0,0.0,0.0,0.0,1.0,1.0,0.0
-0.26582278481012656,-1.0,-1.0,-1.0,-1.0,-1.0,-1.0,0.0,1.0,0.0,0.0,1.0,1.0,0.0,0.0,0.0,1.0
0.08860759493670889,0.5088116949514674,0.5610251430878395,-1.0,-0.21498650520515272,0.561810270107741,0.6833212375270621,0.0,1.0,0.0,1.0,0.0,1.0,0.0,0.0,1.0,0.0
-0.2405063291139241,-1.0,-0.6222536135015577,-1.0,-1.0,0.46561940814061553,0.38667950505621995,1.0,0.0,0.0,1.0,0.0,0.0,0.0,1.0,1.0,0.0
0.012658227848101333,0.3487240529426745,-0.20198383861853442,0.042166816009804986,-1.0,-1.0,0.2811472803002071,1.0,0.0,0.0,1.0,0.0,0.0,0.0,1.0,1.0,0.0
0.012658227848101333,-1.0,0.054811730683534954,-0.619325655453848,0.22195552774438876,-0.8602553620751245,0.24588278169232924,1.0,0.0,0.0,1.0,0.0,0.0,1.0,0.0,1.0,0.0
-0.189873417721519,-1.0,-1.0,-1.0,-1.0,-1.0,-1.0,0.0,0.0,1.0,0.0,1.0,0.0,0.0,1.0,1.0,0.0
0.06329113924050622,0.45835630717247966,-1.0,-0.4905470142953362,-1.0,-0.12425018391810838,0.3450295752594832,0.0,0.0,1.0,1.0,0.0,0.0,0.0,1.0,1.0,0.0
-0.5696202531645569,0.12239380029475377,0.22595776874756113,-1.0,0.09590062978859848,-1.0,0.31841815937412554,1.0,0.0,0.0,1.0,0.0,0.0,0.0,1.0,1.0,0.0
-0.49367088607594933,-1.0,-1.0,-1.0,0.30910166746036993,-1.0,0.24998862605774574,1.0,0.0,0.0,1.0,0.0,0.0,0.0,1.0,1.0,0.0
0.139240506329114,-1.0,-1.0,-1.0,-1.0,-1.0,-1.0,0.0,1.0,0.0,0.0,1.0,1.0,0.0,0.0,1.0,0.0
-0.1392405063291139,-0.03967945625997338,0.27610410494615056,-0.27738705659295493,0.7278238892813536,0.5223864487494871,0.7243662013618986,0.0,1.0,0.0,1.0,0.0,0.0,0.0,1.0,1.0,0.0
-0.8481012658227848,-1.0,-1.0,-1.0,-1.0,-1.0,-1.0,1.0,0.0,0.0,1.0,0.0,1.0,0.0,0.0,1.0,0.0
-0.03797468354430378,-0.15875362330791187,0.38566587798580776,-1.0,0.2934748308684323,0.8721597623300075,0.8021808920839866,0.0,1.0,0.0,1.0,0.0,1.0,0.0,0.0,1.0,0.0
-0.3924050632911392,-0.8551412152377926,0.02361176862268244,-1.0,-1.0,0.30047222129571804,0.28091717686720474,1.0,0.0,0.0,1.0,0.0,0.0,0.0,1.0,1.0,0.0
-0.2405063291139241,-1.0,-1.0,-1.0,-1.0,-1.0,-1.0,1.0,0.0,0.0,0.0,1.0,0.0,0.0,1.0,1.0,0.0
-0.49367088607594933,-1.0,-1.0,-1.0,-1.0,-1.0,-1.0,1.0,0.0,0.0,0.0,1.0,1.0,0.0,0.0,1.0,0.0
0.21518987341772156,0.3503631754660621,0.16929117390563198,0.0005792369425972055,-1.0,-1.0,0.34552239932824014,0.0,0.0,1.0,1.0,0.0,0.0,0.0,1.0,1.0,0.0
-0.2405063291139241,-1.0,-1.0,-1.0,-1.0,-1.0,-1.0,0.0,0.0,1.0,0.0,1.0,0.0,0.0,1.0,1.0,0.0
-0.7974683544303798,-1.0,-1.0,-1.0,-1.0,-1.0,-1.0,0.0,0.0,1.0,0.0,1.0,0.0,0.0,1.0,1.0,0.0
-0.4683544303797469,-1.0,0.11670804967080883,0.22816750052491197,0.3844956253285927,-0.6076872028904432,0.41466414246197214,1.0,0.0,0.0,1.0,0.0,0.0,0.0,1.0,1.0,0.0
-0.08860759493670889,-1.0,0.6223382399224466,-1.0,-1.0,0.49713831947911835,0.6565332299615319,0.0,1.0,0.0,1.0,0.0,1.0,0.0,0.0,1.0,0.0
-0.3417721518987342,-1.0,-0.0018836018700468804,-1.0,0.6414158383730364,-1.0,0.5758181214159894,0.0,1.0,0.0,1.0,0.0,0.0,0.0,1.0,1.0,0.0
-0.5696202531645569,-1.0,-1.0,-0.221645565548108,-1.0,-0.7785099892122169,-0.29204212903330695,0.0,0.0,1.0,1.0,0.0,0.0,0.0,1.0,1.0,0.0
-0.3417721518987342,-1.0,-1.0,-1.0,-1.0,-1.0,-1.0,0.0,1.0,0.0,0.0,1.0,0.0,0.0,1.0,1.0,0.0
-0.3417721518987342,-1.0,0.49401374757622785,-1.0,0.15721905699272964,0.16914866859262356,0.517028364240707,0.0,1.0,0.0,1.0,0.0,0.0,0.0,1.0,0.0,1.0
-0.16455696202531644,-1.0,-1.0,-1.0,-1.0,-1.0,-1.0,0.0,1.0,0.0,0.0,1.0,1.0,0.0,0.0,1.0,0.0
0.2911392405063291,-1.0,-1.0,-1.0,-1.0,-1.0,-1.0,0.0,1.0,0.0,0.0,1.0,0.0,0.0,1.0,1.0,0.0
0.139240506329114,-1.0,-1.0,-1.0,-1.0,-1.0,-1.0,1.0,0.0,0.0,0.0,1.0,0.0,0.0,1.0,1.0,0.0
0.08860759493670889,-0.26303631529358906,0.362608621980159,-0.130122117763107,-1.0,-0.4287989852180887,0.35574344240923095,0.0,0.0,1.0,1.0,0.0,0.0,0.0,1.0,1.0,0.0
0.012658227848101333,-1.0,-1.0,-1.0,-1.0,-1.0,-1.0,0.0,1.0,0.0,0.0,1.0,0.0,0.0,1.0,1.0,0.0
0.3417721518987342,0.4142870788320885,-1.0,0.3878492720451132,0.24899948816833484,-0.3510459981847396,0.45825173258313723,0.0,0.0,1.0,1.0,0.0,0.0,0.0,1.0,1.0,0.0
0.06329113924050622,0.012372370812063771,-1.0,0.18705789330597256,0.2179667022950793,-0.48288339142554504,0.2859163843792272,1.0,0.0,0.0,1.0,0.0,0.0,0.0,1.0,1.0,0.0
-0.5189873417721519,-0.335827903965242,-1.0,-1.0,-1.0,0.3300432625334302,0.26357425601910145,1.0,0.0,0.0,1.0,0.0,0.0,1.0,0.0,1.0,0.0
-0.5443037974683544,0.20154868174783136,-0.8654440222251701,0.38938994882527966,0.12785291692407785,-1.0,0.36529642478936664,1.0,0.0,0.0,1.0,0.0,0.0,0.0,1.0,1.0,0.0
-0.4177215189873418,-0.28234114300394575,0.49733815653173297,-0.852735061170152,-0.21894022317537787,-0.19955383001457783,0.48140102229759973,0.0,1.0,0.0,1.0,0.0,0.0,0.0,1.0,1.0,0.0
-0.7215189873417722,-1.0,-1.0,-1.0,-1.0,-1.0,-1.0,0.0,0.0,1.0,1.0,0.0,0.0,0.0,1.0,1.0,0.0
-0.5696202531645569,-1.0,-1.0,-1.0,-1.0,-1.0,-1.0,0.0,1.0,0.0,0.0,1.0,0.0,0.0,1.0,1.0,0.0
-0.189873417721519,-1.0,0.3921852719268075,-1.0,-0.09079009410092975,0.18500382267925097,0.4238023821811683,0.0,1.0,0.0,1.0,0.0,0.0,0.0,1.0,1.0,0.0
-0.44303797468354433,0.32394430218027814,0.21475871862771112,0.2534827338918497,-1.0,-1.0,0.3876027062361589,1.0,0.0,0.0,1.0,0.0,0.0,0.0,1.0,1.0,0.0
-0.6455696202531646,-1.0,-1.0,-1.0,-1.0,-1.0,-1.0,1.0,0.0,0.0,0.0,1.0,1.0,0.0,0.0,1.0,0.0
-0.4177215189873418,-1.0,-0.3751413897391659,-1.0,-0.19631344477175017,0.7993437533030445,0.7034462815053812,0.0,1.0,0.0,1.0,0.0,0.0,0.0,1.0,1.0,0.0
-0.189873417721519,-0.1909691192030346,-1.0,0.6667413116943608,-1.0,-1.0,0.49905844528648013,0.0,0.0,1.0,1.0,0.0,0.0,0.0,1.0,1.0,0.0
-0.5189873417721519,-1.0,0.3968986626080351,-0.7054701223403039,0.2853372436252186,0.1171680264773245,0.4685065540596405,1.0,0.0,0.0,1.0,0.0,0.0,0.0,1.0,1.0,0.0
-0.3924050632911392,-1.0,-1.0,-0.15250684402123993,0.29408727378129673,-1.0,0.250529451019313,1.0,0.0,0.0,1.0,0.0,0.0,0.0,1.0,1.0,0.0
-0.44303797468354433,-1.0,-1.0,0.36843317684186583,-1.0,-0.4540329883045867,0.23211627299244952,1.0,0.0,0.0,1.0,0.0,1.0,0.0,0.0,1.0,0.0
-0.26582278481012656,0.279979516531383,0.056499769510321096,0.2528998572657699,-1.0,-1.0,0.3262004918050192,0.0,0.0,1.0,1.0,0.0,0.0,0.0,1.0,1.0,0.0
-0.26582278481012656,-1.0,-1.0,-1.0,-1.0,-1.0,-1.0,0.0,0.0,1.0,0.0,1.0,0.0,0.0,1.0,1.0,0.0
-0.11392405063291144,0.15223521128267636,0.18025634211027697,0.30263055127235283,-0.8616088449879872,0.5308917889395615,0.5343045458369129,0.0,1.0,0.0,1.0,0.0,0.0,0.0,1.0,0.0,1.0
-0.03797468354430378,-0.006561207123506385,-0.06116527768477831,-1.0,0.06081469113432347,-1.0,0.16168223034290063,1.0,0.0,0.0,1.0,0.0,0.0,0.0,1.0,1.0,0.0
-0.16455696202531644,-0.057288776938810404,0.9795354994247834,-1.0,-0.3347045997837631,0.32190484652158746,0.9497616733937895,0.0,1.0,0.0,1.0,0.0,1.0,0.0,0.0,1.0,0.0
-0.49367088607594933,-0.28234114300394575,-0.687570694869583,-1.0,0.1529252090713542,0.2325727155353139,0.2760197159940232,1.0,0.0,0.0,1.0,0.0,0.0,1.0,0.0,1.0,0.0
-0.8227848101265822,-1.0,-1.0,-1.0,-1.0,-1.0,-1.0,1.0,0.0,0.0,0.0,1.0,0.0,0.0,1.0,1.0,0.0
-0.4683544303797469,-1.0,-1.0,-1.0,-1.0,-1.0,-1.0,1.0,0.0,0.0,0.0,1.0,0.0,0.0,1.0,1.0,0.0
-0.9746835443037974,-1.0,-1.0,-1.0,-1.0,-1.0,-1.0,0.0,0.0,1.0,0.0,1.0,0.0,0.0,1.0,1.0,0.0
-0.8987341772151899,-1.0,-1.0,-1.0,-1.0,-1.0,-1.0,0.0,0.0,1.0,0.0,1.0,0.0,0.0,1.0,1.0,0.0
-0.7468354430379747,-1.0,-1.0,-1.0,-1.0,-1.0,-1.0,0.0,0.0,1.0,1.0,0.0,0.0,0.0,1.0,1.0,0.0
-0.3924050632911392,-0.40789510005579643,-1.0,0.49488882966074255,-1.0,-0.2513108349509553,0.3505416793177798,1.0,0.0,0.0,1.0,0.0,0.0,1.0,0.0,1.0,0.0
-0.6708860759493671,-1.0,-1.0,-1.0,-1.0,-1.0,-1.0,1.0,0.0,0.0,0.0,1.0,0.0,1.0,0.0,1.0,0.0
0.21518987341772156,-1.0,0.23754048494841085,0.4161804772333586,-0.6786656890936953,-0.3768183431027897,0.3804989279178208,1.0,0.0,0.0,1.0,0.0,0.0,0.0,1.0,1.0,0.0
-0.6962025316455696,-1.0,-1.0,-1.0,-1.0,-1.0,-1.0,1.0,0.0,0.0,1.0,0.0,0.0,0.0,1.0,1.0,0.0
0.26582278481012667,-1.0,-1.0,-1.0,-1.0,-1.0,-1.0,0.0,0.0,1.0,0.0,1.0,0.0,0.0,1.0,1.0,0.0
-0.26582278481012656,-1.0,-1.0,-1.0,-1.0,-1.0,-1.0,0.0,1.0,0.0,0.0,1.0,0.0,0.0,1.0,1.0,0.0
-0.44303797468354433,-1.0,-1.0,-1.0,-1.0,-1.0,-1.0,1.0,0.0,0.0,0.0,1.0,0.0,1.0,0.0,1.0,0.0
0.03797468354430378,0.36909095619110177,-1.0,-1.0,-0.7806552088744709,-0.3012768103756228,0.2576842839378861,1.0,0.0,0.0,1.0,0.0,0.0,0.0,1.0,1.0,0.0
-0.2911392405063291,-1.0,0.5576851704782633,-1.0,0.3443656572600835,0.5473647810035231,0.6599373340577006,0.0,1.0,0.0,1.0,0.0,1.0,0.0,0.0,1.0,0.0
-0.26582278481012656,-1.0,-1.0,-1.0,-1.0,-1.0,-1.0,1.0,0.0,0.0,0.0,1.0,0.0,0.0,1.0,1.0,0.0
-0.4683544303797469,-1.0,-1.0,-1.0,-1.0,-1.0,-1.0,1.0,0.0,0.0,0.0,1.0,0.0,0.0,1.0,1.0,0.0
-0.49367088607594933,-0.21887545108419082,0.04965771355734927,-1.0,-0.24446295258768158,0.29034883846478987,0.2985001993479246,1.0,0.0,0.0,1.0,0.0,0.0,0.0,1.0,1.0,0.0
-0.5696202531645569,-1.0,0.25941025381670535,0.20896464771583712,-1.0,-0.27753070257468304,0.3144045233157535,1.0,0.0,0.0,1.0,0.0,0.0,0.0,1.0,1.0,0.0
-0.5189873417721519,0.15054299919964675,-0.2744314567057531,0.3409810595049243,-1.0,-1.0,0.2829781771684947,1.0,0.0,0.0,1.0,0.0,0.0,0.0,1.0,1.0,0.0
-0.6455696202531646,-1.0,-1.0,-1.0,-1.0,-1.0,-1.0,0.0,0.0,1.0,1.0,0.0,0.0,0.0,1.0,1.0,0.0
-0.3417721518987342,-1.0,-1.0,-1.0,-1.0,-1.0,-1.0,1.0,0.0,0.0,0.0,1.0,0.0,0.0,1.0,1.0,0.0
0.03797468354430378,-1.0,-1.0,-1.0,-1.0,-1.0,-1.0,0.0,1.0,0.0,0.0,1.0,0.0,0.0,1.0,1.0,0.0
-0.5949367088607596,-0.32729663573877876,-1.0,-0.43931011029966616,0.3130331408499871,-1.0,0.263321918892786,1.0,0.0,0.0,1.0,0.0,0.0,0.0,1.0,1.0,0.0
-0.21518987341772156,-1.0,-1.0,-1.0,-1.0,-1.0,-1.0,0.0,0.0,1.0,0.0,1.0,1.0,0.0,0.0,1.0,0.0
0.240506329113924,-1.0,-0.2329717599790495,-0.017385690167839973,-0.21498650520515272,-1.0,0.012913153525569543,1.0,0.0,0.0,1.0,0.0,0.0,1.0,0.0,1.0,0.0
0.03797468354430378,0.40644608224046186,-1.0,-1.0,-1.0,-0.21130136025986412,0.29382427401442257,1.0,0.0,0.0,1.0,0.0,0.0,0.0,1.0,1.0,0.0
-0.620253164556962,-1.0,-1.0,-1.0,-1.0,-1.0,-1.0,1.0,0.0,0.0,0.0,1.0,0.0,0.0,1.0,1.0,0.0
-0.3417721518987342,-1.0,-1.0,-1.0,-1.0,-1.0,-1.0,0.0,1.0,0.0,0.0,1.0,1.0,0.0,0.0,1.0,0.0
-0.9240506329113924,-1.0,-1.0,-1.0,-1.0,-1.0,-1.0,0.0,0.0,1.0,0.0,1.0,0.0,0.0,1.0,1.0,0.0
-0.620253164556962,-1.0,-1.0,-1.0,-1.0,-1.0,-1.0,0.0,1.0,0.0,0.0,1.0,1.0,0.0,0.0,1.0,0.0
0.620253164556962,-1.0,-1.0,-1.0,-1.0,-1.0,-1.0,1.0,0.0,0.0,0.0,1.0,0.0,0.0,1.0,1.0,0.0
0.21518987341772156,-1.0,-1.0,-1.0,-1.0,-1.0,-1.0,0.0,0.0,1.0,0.0,1.0,0.0,0.0,1.0,1.0,0.0
0.06329113924050622,-1.0,0.31302726600259834,-1.0,-1.0,-0.23254297751680364,0.29891965093869466,1.0,0.0,0.0,1.0,0.0,0.0,0.0,1.0,1.0,0.0
-0.4177215189873418,0.5736606547435164,-0.2051925602989485,-0.37442921457910205,0.050728898766614794,-1.0,0.46122562514817167,0.0,0.0,1.0,1.0,0.0,0.0,0.0,1.0,1.0,0.0
-0.21518987341772156,-1.0,0.2660897976776304,-1.0,-1.0,0.08182850102200478,0.2953245456106577,1.0,0.0,0.0,1.0,0.0,0.0,0.0,1.0,1.0,0.0
-0.11392405063291144,-1.0,-1.0,-1.0,-1.0,-1.0,-1.0,1.0,0.0,0.0,0.0,1.0,0.0,0.0,1.0,1.0,0.0
-0.3924050632911392,-1.0,-1.0,-1.0,-1.0,-1.0,-1.0,1.0,0.0,0.0,0.0,1.0,0.0,1.0,0.0,1.0,0.0
0.11392405063291133,-1.0,-1.0,-1.0,-1.0,-1.0,-1.0,1.0,0.0,0.0,1.0,0.0,1.0,0.0,0.0,1.0,0.0
0.5443037974683544,-1.0,0.2588184142062677,0.44593290376255457,-1.0,-0.14636646153228838,0.4094566379886537,1.0,0.0,0.0,1.0,0.0,1.0,0.0,0.0,1.0,0.0
0.3924050632911391,-1.0,0.07415950601317745,-0.852735061170152,-1.0,0.27359659913521384,0.2760197159940232,1.0,0.0,0.0,1.0,0.0,0.0,0.0,1.0,1.0,0.0
0.240506329113924,0.7098151590670454,0.39322614971207015,0.2235270390511186,0.2906953488609503,-0.3431387535006696,0.6541104149524521,0.0,1.0,0.0,1.0,0.0,0.0,0.0,1.0,1.0,0.0
-0.012658227848101333,0.16130510622586658,0.42502679571076873,-1.0,-1.0,0.2969379509356682,0.485459899982043,0.0,1.0,0.0,1.0,0.0,1.0,0.0,0.0,1.0,0.0
-0.44303797468354433,0.4372658207485314,-0.24850990987970567,-0.3247957777941519,-0.02063131571710808,-1.0,0.3474810535889217,1.0,0.0,0.0,1.0,0.0,0.0,0.0,1.0,1.0,0.0
-0.6455696202531646,-0.10623216221710607,-1.0,-1.0,-1.0,-1.0,-0.18469350100939452,1.0,0.0,0.0,1.0,0.0,0.0,0.0,1.0,1.0,0.0
0.5443037974683544,-1.0,-0.0064784493259452125,0.4841582622190266,-1.0,-0.4287989852180887,0.36141176259905716,1.0,0.0,0.0,1.0,0.0,0.0,0.0,1.0,1.0,0.0
-0.2911392405063291,0.5653069257715526,-0.45000744077727617,-0.7054701223403039,-0.5212452626117072,-0.8602553620751245,0.4310616946102166,0.0,0.0,1.0,1.0,0.0,0.0,0.0,1.0,1.0,0.0
-0.1392405063291139,-0.8551412152377926,-0.12648235905280358,-1.0,0.33312133155778656,-1.0,0.2933934474557045,1.0,0.0,0.0,1.0,0.0,0.0,0.0,1.0,1.0,0.0
-0.5189873417721519,0.3506894628866053,-1.0,-1.0,-0.2685470822285979,-0.48288339142554504,0.24643536373456643,1.0,0.0,0.0,1.0,0.0,0.0,0.0,1.0,1.0,0.0
-0.44303797468354433,-1.0,-1.0,-0.34328207546548817,-1.0,-1.0,-0.41072159229986427,1.0,0.0,0.0,1.0,0.0,1.0,0.0,0.0,1.0,0.0
-0.44303797468354433,-0.5408085165037282,0.2747437402910682,-1.0,-0.3347045997837631,-1.0,0.26103572755089166,1.0,0.0,0.0,1.0,0.0,0.0,0.0,1.0,1.0,0.0
-0.6455696202531646,0.3995934338853615,-1.0,-0.130122117763107,-1.0,-1.0,0.2901308349499321,0.0,0.0,1.0,1.0,0.0,0.0,0.0,1.0,1.0,0.0
-0.06329113924050633,-1.0,-1.0,-1.0,-1.0,-1.0,-1.0,1.0,0.0,0.0,0.0,1.0,0.0,0.0,1.0,1.0,0.0
-0.36708860759493667,-1.0,-1.0,-1.0,-1.0,-1.0,-1.0,0.0,0.0,1.0,0.0,1.0,0.0,0.0,1.0,1.0,0.0
-0.620253164556962,-1.0,-1.0,-1.0,-1.0,-1.0,-1.0,0.0,1.0,0.0,0.0,1.0,1.0,0.0,0.0,1.0,0.0
-0.44303797468354433,0.007376426520468993,-0.8654440222251701,0.3796525309809662,-1.0,-1.0,0.2707504172839674,1.0,0.0,0.0,1.0,0.0,0.0,0.0,1.0,1.0,0.0
-0.5443037974683544,-0.015769174431463306,-0.09841578220421965,0.3081018853116462,-0.5038728988504453,-0.8602553620751245,0.2480835642409187,1.0,0.0,0.0,1.0,0.0,0.0,0.0,1.0,1.0,0.0
-0.4683544303797469,-0.4639587993442762,0.4610062494599112,-1.0,0.4437715233059507,0.1861301322908646,0.5614675203626605,0.0,1.0,0.0,1.0,0.0,0.0,0.0,1.0,1.0,0.0
-0.11392405063291144,-1.0,-1.0,-1.0,-1.0,-1.0,-1.0,1.0,0.0,0.0,0.0,1.0,0.0,1.0,0.0,1.0,0.0
-0.3924050632911392,0.3857269629390707,-1.0,-1.0,-0.30190047148617816,-1.0,0.27196083830957996,1.0,0.0,0.0,1.0,0.0,0.0,0.0,1.0,1.0,0.0
-0.44303797468354433,0.16371189348347936,-1.0,-1.0,-0.06518331659938703,0.4178396141280425,0.39432429391624035,1.0,0.0,0.0,1.0,0.0,0.0,0.0,1.0,1.0,0.0
0.21518987341772156,-1.0,-1.0,-1.0,-1.0,-1.0,-1.0,1.0,0.0,0.0,0.0,1.0,0.0,0.0,1.0,1.0,0.0
-0.21518987341772156,-1.0,0.2151302464767304,-1.0,-0.19991095170540252,0.1709731959419074,0.29871004050405636,1.0,0.0,0.0,1.0,0.0,0.0,0.0,1.0,1.0,0.0
-0.4683544303797469,0.40694485825383975,-0.2567717202028965,0.30077500762674614,-1.0,-1.0,0.3725515115111344,0.0,0.0,1.0,1.0,0.0,0.0,0.0,1.0,1.0,0.0
-0.26582278481012656,-0.37393074834497464,0.6495029517535129,-0.5865750491295142,0.7474443230680323,0.538075052726581,0.8103181584003027,0.0,1.0,0.0,1.0,0.0,0.0,0.0,1.0,1.0,0.0
0.16455696202531644,0.13466292862793372,-1.0,0.5603099448920819,-0.7232176899759744,-0.7785099892122169,0.42671792930310004,0.0,0.0,1.0,1.0,0.0,0.0,0.0,1.0,1.0,0.0
-0.5443037974683544,-1.0,-1.0,-1.0,0.2734925445434577,-1.0,0.21598744819935756,1.0,0.0,0.0,1.0,0.0,1.0,0.0,0.0,1.0,0.0
-0.1392405063291139,-1.0,-1.0,-1.0,-1.0,-1.0,-1.0,0.0,0.0,1.0,0.0,1.0,0.0,0.0,1.0,1.0,0.0
-0.08860759493670889,0.022019639760848975,0.583033800286813,-1.0,0.6450334763400001,-1.0,0.6984110611240153,0.0,1.0,0.0,1.0,0.0,1.0,0.0,0.0,0.0,1.0
0.11392405063291133,0.6147705589224242,-1.0,-0.0052419051913918935,-1.0,-1.0,0.48180279414514127,0.0,0.0,1.0,1.0,0.0,1.0,0.0,0.0,1.0,0.0
-0.4683544303797469,0.6119877341773854,-1.0,0.017142821066741032,-1.0,-1.0,0.4803524354676971,0.0,0.0,1.0,1.0,0.0,1.0,0.0,0.0,1.0,0.0
0.139240506329114,0.5990843898773375,-0.6222536135015577,-1.0,-1.0,-1.0,0.4592481935745596,0.0,0.0,1.0,1.0,0.0,0.0,0.0,1.0,1.0,0.0
-0.49367088607594933,0.3862776537726158,-1.0,-0.0072182766241952745,0.06081469113432347,-1.0,0.32944092117096035,1.0,0.0,0.0,1.0,0.0,0.0,0.0,1.0,1.0,0.0
-0.012658227848101333,-1.0,-1.0,-1.0,-1.0,-1.0,-1.0,0.0,0.0,1.0,0.0,1.0,0.0,0.0,1.0,1.0,0.0
-0.21518987341772156,0.06064560594164736,-0.08577072969444355,0.3924381847143481,-1.0,-0.5165629810276651,0.3132420765976227,1.0,0.0,0.0,1.0,0.0,0.0,0.0,1.0,1.0,0.0
0.139240506329114,-1.0,-1.0,-1.0,-1.0,-1.0,-1.0,1.0,0.0,0.0,0.0,1.0,0.0,0.0,1.0,1.0,0.0
-0.620253164556962,0.2236342109339562,0.43556225082514555,-1.0,-1.0,-1.0,0.44673962084792285,1.0,0.0,0.0,1.0,0.0,0.0,0.0,1.0,1.0,0.0
-0.31645569620253167,-1.0,-1.0,-1.0,-1.0,-1.0,-1.0,0.0,0.0,1.0,0.0,1.0,0.0,0.0,1.0,1.0,0.0
-0.4177215189873418,-1.0,-0.7308880444503403,-1.0,-1.0,0.2710329637331357,0.2029270551336151,1.0,0.0,0.0,1.0,0.0,0.0,1.0,0.0,1.0,0.0
0.012658227848101333,-1.0,-1.0,-1.0,-1.0,-1.0,-1.0,1.0,0.0,0.0,0.0,1.0,0.0,0.0,1.0,1.0,0.0
-0.2405063291139241,-0.17424122981986145,-1.0,0.5351142108749614,-1.0,-0.6387653512873415,0.3850863982553101,0.0,0.0,1.0,1.0,0.0,0.0,1.0,0.0,1.0,0.0
-0.6455696202531646,-1.0,-1.0,-1.0,-1.0,-1.0,-1.0,0.0,1.0,0.0,0.0,1.0,0.0,0.0,1.0,1.0,0.0
-0.3417721518987342,-0.6636483178693894,0.29047081793593876,-1.0,-1.0,-1.0,0.26830627263791507,1.0,0.0,0.0,1.0,0.0,0.0,1.0,0.0,1.0,0.0
-0.44303797468354433,-1.0,-1.0,-1.0,-1.0,-1.0,-1.0,1.0,0.0,0.0,0.0,1.0,0.0,0.0,1.0,1.0,0.0
-0.8734177215189873,-1.0,-1.0,-1.0,-1.0,-1.0,-1.0,1.0,0.0,0.0,1.0,0.0,0.0,0.0,1.0,1.0,0.0
-0.4177215189873418,-0.5187895331071819,-0.7867338209790253,-0.852735061170152,-1.0,0.32866331945863814,0.25949622520548155,1.0,0.0,0.0,1.0,0.0,0.0,0.0,1.0,1.0,0.0
-0.8987341772151899,-1.0,-1.0,-1.0,-1.0,-1.0,-1.0,0.0,1.0,0.0,1.0,0.0,0.0,0.0,1.0,1.0,0.0
0.4430379746835442,-1.0,-1.0,-1.0,-1.0,-1.0,-1.0,0.0,1.0,0.0,1.0,0.0,0.0,0.0,1.0,1.0,0.0
-0.44303797468354433,-0.14088059653679108,-0.24450722700311545,-1.0,-1.0,0.2533230936839179,0.22235333751358932,1.0,0.0,0.0,1.0,0.0,0.0,0.0,1.0,1.0,0.0
-0.16455696202531644,-1.0,-1.0,-1.0,-1.0,-1.0,-1.0,0.0,0.0,1.0,0.0,1.0,0.0,0.0,1.0,1.0,0.0
-0.08860759493670889,0.4099127715713735,-1.0,0.3003085784669668,-1.0,-1.0,0.3676482285063507,0.0,0.0,1.0,1.0,0.0,0.0,0.0,1.0,1.0,0.0
0.08860759493670889,-1.0,0.2949507838778478,-1.0,-1.0,0.4280740047852698,0.44712514306443696,1.0,0.0,0.0,1.0,0.0,0.0,0.0,1.0,1.0,0.0
0.21518987341772156,-1.0,-1.0,-1.0,-1.0,-1.0,-1.0,0.0,1.0,0.0,0.0,1.0,1.0,0.0,0.0,1.0,0.0
-0.2911392405063291,-1.0,0.4030572753066226,-0.658061401139107,-1.0,-1.0,0.3784394119812444,1.0,0.0,0.0,1.0,0.0,0.0,0.0,1.0,1.0,0.0
-0.36708860759493667,0.07697121021425968,-0.05509843262346248,-0.20590070458336207,-1.0,0.1763497517977317,0.2444942783140054,1.0,0.0,0.0,1.0,0.0,0.0,1.0,0.0,1.0,0.0
0.5443037974683544,-0.8551412152377926,0.24468294833034876,-1.0,0.6476002584894676,-0.8602553620751245,0.6013359014809183,0.0,1.0,0.0,1.0,0.0,1.0,0.0,0.0,1.0,0.0
-0.3924050632911392,-1.0,-0.534512796009096,0.4090244661727316,-1.0,-0.3861971921026601,0.2717193681429104,1.0,0.0,0.0,1.0,0.0,0.0,0.0,1.0,1.0,0.0
-0.2911392405063291,-0.7704042582518641,-1.0,-1.0,0.3316068648800077,-0.7205107241502491,0.27268341910299565,1.0,0.0,0.0,1.0,0.0,0.0,0.0,1.0,1.0,0.0
-0.4683544303797469,-1.0,-1.0,-1.0,-1.0,-1.0,-1.0,1.0,0.0,0.0,1.0,0.0,0.0,0.0,1.0,1.0,0.0
0.49367088607594933,-1.0,-1.0,-1.0,-1.0,-1.0,-1.0,0.0,1.0,0.0,0.0,1.0,1.0,0.0,0.0,1.0,0.0
-0.6455696202531646,0.3548854828441499,-1.0,-0.658061401139107,-1.0,-1.0,0.23710638299925568,1.0,0.0,0.0,1.0,0.0,1.0,0.0,0.0,1.0,0.0
-0.44303797468354433,0.2902413476897834,-0.3098243083711406,-1.0,-0.3209297429561534,-0.6755229990923698,0.2018843505956851,1.0,0.0,0.0,1.0,0.0,0.0,1.0,0.0,1.0,0.0
-0.189873417721519,0.24306228809839592,-1.0,0.3107856060099097,-0.37397903613286987,-0.7785099892122169,0.2933934474557045,0.0,0.0,1.0,1.0,0.0,0.0,0.0,1.0,1.0,0.0
0.08860759493670889,-1.0,-1.0,-1.0,0.4157443438937978,-0.4172753404995585,0.3544953811851115,1.0,0.0,0.0,1.0,0.0,0.0,0.0,1.0,1.0,0.0
-0.21518987341772156,-1.0,-1.0,-1.0,0.3009985633157719,0.08182850102200478,0.2944686937979426,1.0,0.0,0.0,1.0,0.0,0.0,0.0,1.0,1.0,0.0
-0.4683544303797469,0.5294799935322174,-1.0,-0.7054701223403039,-0.7806552088744709,0.42891791098241305,0.5068876988771229,0.0,0.0,1.0,1.0,0.0,0.0,0.0,1.0,1.0,0.0
-0.4683544303797469,-1.0,-1.0,-1.0,-1.0,-1.0,-1.0,1.0,0.0,0.0,0.0,1.0,0.0,0.0,1.0,1.0,0.0
-0.3924050632911392,-1.0,-0.12433732903026706,-1.0,0.3336236116542357,-1.0,0.29382427401442257,1.0,0.0,0.0,1.0,0.0,0.0,0.0,1.0,1.0,0.0
-0.06329113924050633,-1.0,-1.0,0.4164509526320108,-0.7232176899759744,-1.0,0.2717193681429104,1.0,0.0,0.0,1.0,0.0,0.0,0.0,1.0,1.0,0.0
-0.7721518987341772,-1.0,-1.0,-1.0,-1.0,-1.0,-1.0,1.0,0.0,0.0,1.0,0.0,0.0,0.0,1.0,1.0,0.0
0.139240506329114,-1.0,-1.0,0.37146113873948483,-0.7806552088744709,-1.0,0.23122194451370714,1.0,0.0,0.0,1.0,0.0,0.0,0.0,1.0,1.0,0.0
-0.16455696202531644,-1.0,0.48572124340494427,-1.0,0.9275197100742449,0.2421542069244682,0.8696820810887005,0.0,1.0,0.0,1.0,0.0,0.0,0.0,1.0,1.0,0.0
-0.31645569620253167,-1.0,-1.0,-1.0,-1.0,-1.0,-1.0,0.0,1.0,0.0,0.0,1.0,1.0,0.0,0.0,1.0,0.0
-0.36708860759493667,-1.0,-1.0,-1.0,-1.0,-1.0,-1.0,0.0,1.0,0.0,0.0,1.0,0.0,0.0,1.0,1.0,0.0
-0.5443037974683544,0.3879210728606033,-1.0,-0.43931011029966616,-1.0,-1.0,0.2692876939616151,1.0,0.0,0.0,1.0,0.0,0.0,0.0,1.0,1.0,0.0
-0.012658227848101333,0.2871711784078981,-1.0,-1.0,0.030037547079654336,-1.0,0.23359755994066989,1.0,0.0,0.0,1.0,0.0,0.0,0.0,1.0,1.0,0.0
-0.31645569620253167,-1.0,-1.0,-1.0,0.5038283456551969,0.31402051063773806,0.49483252142516987,0.0,1.0,0.0,1.0,0.0,0.0,0.0,1.0,1.0,0.0
0.31645569620253156,-1.0,0.30525215112027015,0.5589321294475109,-1.0,0.8107362334410957,0.7618888686182299,0.0,1.0,0.0,1.0,0.0,1.0,0.0,0.0,0.0,1.0
-0.9746835443037974,-1.0,-1.0,-1.0,-1.0,-1.0,-1.0,1.0,0.0,0.0,0.0,1.0,1.0,0.0,0.0,1.0,0.0
-0.5189873417721519,-1.0,-1.0,-1.0,-1.0,-1.0,-1.0,0.0,1.0,0.0,0.0,1.0,0.0,0.0,1.0,1.0,0.0
-1.0,-1.0,-1.0,-1.0,-1.0,-1.0,-1.0,0.0,0.0,1.0,1.0,0.0,0.0,0.0,1.0,1.0,0.0
-1.0,-1.0,-1.0,-1.0,-1.0,-1.0,-1.0,1.0,0.0,0.0,0.0,1.0,0.0,0.0,1.0,1.0,0.0
-0.4177215189873418,-0.4484711928323267,-0.5020837155287093,-1.0,0.3251699362322904,-1.0,0.2714775917362522,1.0,0.0,0.0,1.0,0.0,0.0,0.0,1.0,1.0,0.0
-0.6708860759493671,-1.0,-1.0,-1.0,-1.0,-1.0,-1.0,1.0,0.0,0.0,0.0,1.0,0.0,0.0,1.0,1.0,0.0
-0.21518987341772156,-1.0,-1.0,-1.0,-1.0,-1.0,-1.0,0.0,1.0,0.0,0.0,1.0,1.0,0.0,0.0,1.0,0.0
-0.26582278481012656,0.6921936291175079,-0.13757813564685917,-1.0,-1.0,-0.7785099892122169,0.5485674446162765,0.0,0.0,1.0,1.0,0.0,0.0,0.0,1.0,1.0,0.0
-0.3417721518987342,-1.0,-1.0,0.3850475822548409,-0.8616088449879872,-0.05418253212523094,0.27123550831185184,1.0,0.0,0.0,1.0,0.0,0.0,0.0,1.0,1.0,0.0
0.36708860759493667,0.3843438536524524,-1.0,-0.191242589706499,-0.45932089796816633,-1.0,0.27696231702976926,1.0,0.0,0.0,1.0,0.0,1.0,0.0,0.0,1.0,0.0
-0.6708860759493671,0.12528974109601387,-0.5963320666755103,0.45196378720740005,-1.0,0.32894006472669846,0.4373465549995752,0.0,0.0,1.0,1.0,0.0,0.0,0.0,1.0,1.0,0.0
-0.31645569620253167,-1.0,-0.18089548522761634,0.37997370775709216,-1.0,-1.0,0.25664110392811845,1.0,0.0,0.0,1.0,0.0,0.0,1.0,0.0,1.0,0.0
-0.44303797468354433,0.38462120877001005,-1.0,-1.0,-1.0,-1.0,0.2630692473235283,1.0,0.0,0.0,1.0,0.0,0.0,0.0,1.0,1.0,0.0
-0.9240506329113924,-1.0,-1.0,-1.0,-1.0,-1.0,-1.0,1.0,0.0,0.0,1.0,0.0,0.0,0.0,1.0,1.0,0.0
-0.3924050632911392,0.3589989111030514,0.32873777074176114,-0.852735061170152,-1.0,-1.0,0.4072144748787183,1.0,0.0,0.0,1.0,0.0,0.0,0.0,1.0,1.0,0.0
-0.26582278481012656,-1.0,-1.0,-1.0,-1.0,-1.0,-1.0,1.0,0.0,0.0,0.0,1.0,0.0,0.0,1.0,1.0,0.0
-0.5443037974683544,0.433131637046547,-0.8654440222251701,0.16173529199337877,0.3230655032259302,-1.0,0.4434308176165995,0.0,0.0,1.0,1.0,0.0,0.0,0.0,1.0,1.0,0.0
-0.3417721518987342,-1.0,-1.0,-1.0,-1.0,-1.0,-1.0,0.0,0.0,1.0,0.0,1.0,0.0,0.0,1.0,1.0,0.0
-0.6455696202531646,0.25882254572586816,-1.0,-0.852735061170152,-1.0,0.3149119294641678,0.3338520543637926,1.0,0.0,0.0,1.0,0.0,1.0,0.0,0.0,1.0,0.0
0.012658227848101333,0.41927734214661005,0.014438885428365467,-1.0,-1.0,-0.32112320478997136,0.33558832020034934,1.0,0.0,0.0,1.0,0.0,0.0,0.0,1.0,1.0,0.0
-0.189873417721519,0.6714080270538647,0.5767410373419408,0.025815796582679074,-0.18930724404587485,-0.2417085965696424,0.6756376630831913,0.0,1.0,0.0,1.0,0.0,0.0,0.0,1.0,1.0,0.0
0.03797468354430378,-1.0,-1.0,-1.0,-1.0,-1.0,-1.0,0.0,1.0,0.0,0.0,1.0,0.0,0.0,1.0,1.0,0.0
-0.11392405063291144,0.5044834060644237,-0.24058541196433603,-0.13732478708612594,-1.0,-1.0,0.38694373333288823,0.0,0.0,1.0,1.0,0.0,0.0,0.0,1.0,1.0,0.0
-0.6708860759493671,0.19615516820268275,0.2362131413711035,-0.45505497126441197,-0.40188337906966964,-1.0,0.3007958454584503,1.0,0.0,0.0,1.0,0.0,0.0,0.0,1.0,1.0,0.0
-0.3924050632911392,-0.8551412152377926,-1.0,-1.0,0.3056690975315861,-1.0,0.24698634871665126,1.0,0.0,0.0,1.0,0.0,1.0,0.0,0.0,1.0,0.0
-0.08860759493670889,-1.0,-1.0,-1.0,-1.0,0.37320746040770136,0.2985001993479246,1.0,0.0,0.0,1.0,0.0,0.0,0.0,1.0,1.0,0.0
0.7215189873417722,-1.0,-1.0,0.37608716528722197,-1.0,0.10494556339491501,0.2944686937979426,1.0,0.0,0.0,1.0,0.0,0.0,0.0,1.0,1.0,0.0
-0.5443037974683544,-1.0,0.4633970880142977,-1.0,0.9625137934011758,0.8574703749988337,0.9683255047589943,0.0,1.0,0.0,1.0,0.0,0.0,0.0,1.0,1.0,0.0
-0.08860759493670889,-0.27570607618896315,0.5888584839597175,-0.26367530585075993,0.44649773772741486,-1.0,0.6255448474224459,0.0,1.0,0.0,1.0,0.0,0.0,0.0,1.0,1.0,0.0
-0.3417721518987342,-1.0,-1.0,-1.0,-1.0,-1.0,-1.0,1.0,0.0,0.0,0.0,1.0,0.0,0.0,1.0,1.0,0.0
0.21518987341772156,-1.0,-1.0,-1.0,-1.0,-1.0,-1.0,0.0,1.0,0.0,1.0,0.0,0.0,0.0,1.0,1.0,0.0
-0.3417721518987342,0.8094820814132782,-1.0,0.13298088618437176,-1.0,-1.0,0.6573340404774664,0.0,0.0,1.0,1.0,0.0,0.0,0.0,1.0,1.0,0.0
-0.5443037974683544,-1.0,-1.0,-1.0,-1.0,-1.0,-1.0,0.0,1.0,0.0,0.0,1.0,1.0,0.0,0.0,1.0,0.0
-0.4683544303797469,0.34339076063528506,-0.3154514630024463,-0.852735061170152,-0.7806552088744709,-1.0,0.23623521314618867,1.0,0.0,0.0,1.0,0.0,1.0,0.0,0.0,1.0,0.0
-0.2911392405063291,0.5352210060194829,-1.0,-0.619325655453848,-1.0,-1.0,0.4010622964572006,1.0,0.0,0.0,1.0,0.0,0.0,0.0,1.0,1.0,0.0
-1.0,-1.0,-1.0,-1.0,-1.0,-1.0,-1.0,1.0,0.0,0.0,0.0,1.0,1.0,0.0,0.0,1.0,0.0
-0.620253164556962,-1.0,-1.0,-1.0,-1.0,-1.0,-1.0,0.0,1.0,0.0,0.0,1.0,0.0,0.0,1.0,1.0,0.0
0.06329113924050622,-0.8551412152377926,0.7540488615568479,-1.0,-1.0,0.2557232279366932,0.7337564560436085,0.0,1.0,0.0,1.0,0.0,0.0,0.0,1.0,1.0,0.0
-0.5189873417721519,-1.0,-1.0,-1.0,-1.0,-1.0,-1.0,1.0,0.0,0.0,0.0,1.0,0.0,0.0,1.0,1.0,0.0
-0.2405063291139241,-0.6636483178693894,-1.0,0.29463006502628475,0.5574329517764427,-1.0,0.5190857770044102,1.0,0.0,0.0,1.0,0.0,0.0,0.0,1.0,1.0,0.0
0.11392405063291133,-0.8551412152377926,-1.0,0.6233104406599421,-0.5038728988504453,-1.0,0.45770600509855397,0.0,0.0,1.0,1.0,0.0,0.0,0.0,1.0,1.0,0.0
-0.2911392405063291,0.3630329363614362,-1.0,-1.0,-1.0,-1.0,0.24337614800553142,1.0,0.0,0.0,1.0,0.0,0.0,1.0,0.0,1.0,0.0
-0.3924050632911392,-1.0,-1.0,-1.0,-1.0,-1.0,-1.0,1.0,0.0,0.0,0.0,1.0,0.0,1.0,0.0,1.0,0.0
0.5949367088607596,0.5340039961398477,-1.0,-1.0,-1.0,-0.8602553620751245,0.3994618164569277,1.0,0.0,0.0,1.0,0.0,0.0,0.0,1.0,1.0,0.0
-0.3417721518987342,-0.8551412152377926,0.056499769510321096,-1.0,-0.2490529531958,0.6737106378262994,0.5951477066920914,0.0,1.0,0.0,1.0,0.0,0.0,0.0,1.0,1.0,0.0
-0.4683544303797469,-1.0,-1.0,-1.0,-0.7806552088744709,0.3496832666590237,0.27672710334034045,1.0,0.0,0.0,1.0,0.0,0.0,0.0,1.0,1.0,0.0
-0.4683544303797469,-1.0,-1.0,-1.0,-1.0,-1.0,-1.0,1.0,0.0,0.0,0.0,1.0,0.0,0.0,1.0,1.0,0.0
0.139240506329114,-1.0,-1.0,-1.0,-1.0,-1.0,-1.0,1.0,0.0,0.0,0.0,1.0,0.0,1.0,0.0,1.0,0.0
-0.4177215189873418,-1.0,-0.8654440222251701,0.20680036689197023,-1.0,0.1757593885761024,0.23002294263001422,1.0,0.0,0.0,1.0,0.0,0.0,0.0,1.0,1.0,0.0
-0.2405063291139241,-1.0,-1.0,-1.0,-1.0,-1.0,-1.0,0.0,0.0,1.0,0.0,1.0,0.0,0.0,1.0,1.0,0.0
-0.5189873417721519,-1.0,-0.687570694869583,-0.0013434766045952173,-1.0,0.31252599752171695,0.2707504172839674,1.0,0.0,0.0,1.0,0.0,0.0,0.0,1.0,1.0,0.0
-0.11392405063291144,-0.06429458546962297,0.44623359818894515,0.6826109646726486,-1.0,-0.11654444739286807,0.6093136626025268,0.0,1.0,0.0,1.0,0.0,1.0,0.0,0.0,1.0,0.0
0.08860759493670889,0.2266070498307453,0.31985476551453873,-1.0,-1.0,-0.7785099892122169,0.3597441198521545,0.0,0.0,1.0,1.0,0.0,0.0,0.0,1.0,0.0,1.0
-0.6962025316455696,-1.0,-1.0,-1.0,-1.0,-1.0,-1.0,0.0,0.0,1.0,0.0,1.0,0.0,0.0,1.0,1.0,0.0
-0.620253164556962,-1.0,-1.0,-1.0,-1.0,-1.0,-1.0,1.0,0.0,0.0,0.0,1.0,0.0,0.0,1.0,1.0,0.0
0.620253164556962,-1.0,-1.0,-1.0,-1.0,-1.0,-1.0,1.0,0.0,0.0,0.0,1.0,0.0,0.0,1.0,1.0,0.0
-0.5949367088607596,-1.0,-1.0,-1.0,-1.0,-1.0,-1.0,1.0,0.0,0.0,0.0,1.0,0.0,0.0,1.0,1.0,0.0
-0.4177215189873418,-1.0,-1.0,-1.0,-1.0,-1.0,-1.0,1.0,0.0,0.0,0.0,1.0,0.0,0.0,1.0,1.0,0.0
-0.49367088607594933,0.047157890771564404,-0.3675277377538795,0.3444233050507708,-0.3828541075996944,-0.28905434729321333,0.2714775917362522,1.0,0.0,0.0,1.0,0.0,0.0,0.0,1.0,1.0,0.0
-0.26582278481012656,-1.0,0.3183339265180847,-1.0,0.6973715216025513,0.1437924412549587,0.6616637370487108,0.0,1.0,0.0,1.0,0.0,1.0,0.0,0.0,1.0,0.0
-0.3417721518987342,0.08409645887873451,-1.0,-0.7054701223403039,-1.0,0.32219101959465446,0.29382427401442257,1.0,0.0,0.0,1.0,0.0,0.0,0.0,1.0,1.0,0.0
-0.16455696202531644,0.6794721717286725,-1.0,0.42257870419528376,-1.0,-1.0,0.5763076971115964,0.0,0.0,1.0,1.0,0.0,0.0,0.0,1.0,1.0,0.0
-0.21518987341772156,-1.0,-1.0,-1.0,-1.0,-1.0,-1.0,1.0,0.0,0.0,0.0,1.0,0.0,1.0,0.0,1.0,0.0
-0.49367088607594933,-1.0,-1.0,-1.0,-1.0,-1.0,-1.0,0.0,0.0,1.0,1.0,0.0,1.0,0.0,0.0,1.0,0.0
-0.5696202531645569,-1.0,-1.0,0.601277082099348,-0.00913713596583432,-0.7785099892122169,0.4509380835878005,1.0,0.0,0.0,1.0,0.0,0.0,0.0,1.0,1.0,0.0
-0.6962025316455696,-1.0,-1.0,-1.0,-1.0,-1.0,-1.0,1.0,0.0,0.0,1.0,0.0,0.0,0.0,1.0,1.0,0.0
-0.31645569620253167,-1.0,-1.0,-1.0,-1.0,-1.0,-1.0,1.0,0.0,0.0,0.0,1.0,0.0,0.0,1.0,1.0,0.0
-0.1392405063291139,-1.0,0.24784463453619,-1.0,-1.0,0.8740571842890776,0.7826257868861588,0.0,1.0,0.0,1.0,0.0,1.0,0.0,0.0,0.0,1.0
-0.3417721518987342,-1.0,0.5917065715367213,-1.0,0.3877734932171961,-1.0,0.6111959425148026,0.0,1.0,0.0,1.0,0.0,0.0,0.0,1.0,0.0,1.0
-0.26582278481012656,-1.0,0.17891909290583308,0.8052569771224538,0.19321570986799497,0.1218568167855949,0.6580359818167973,0.0,1.0,0.0,1.0,0.0,1.0,0.0,0.0,1.0,0.0
-0.5443037974683544,0.7108650543555994,-1.0,0.07693126107978876,-1.0,-0.03312596205533025,0.5748844495533862,0.0,0.0,1.0,1.0,0.0,0.0,0.0,1.0,1.0,0.0
-0.16455696202531644,-0.5933299775945341,-1.0,-1.0,-1.0,0.38253584031172516,0.308520084830205,1.0,0.0,0.0,1.0,0.0,0.0,0.0,1.0,1.0,0.0
-0.620253164556962,-1.0,-1.0,-1.0,-1.0,0.3558266090010249,0.28206492669822203,1.0,0.0,0.0,1.0,0.0,1.0,0.0,0.0,1.0,0.0
-0.3417721518987342,-0.8551412152377926,-1.0,-1.0,-1.0,0.3261553671937072,0.25427286637886715,1.0,0.0,0.0,1.0,0.0,1.0,0.0,0.0,1.0,0.0
-0.44303797468354433,-1.0,-1.0,-1.0,-1.0,-1.0,-1.0,0.0,0.0,1.0,1.0,0.0,1.0,0.0,0.0,1.0,0.0
-0.31645569620253167,-0.8551412152377926,0.2711615206228344,-0.26367530585075993,0.04654746356879835,-1.0,0.30058828890980704,1.0,0.0,0.0,1.0,0.0,0.0,0.0,1.0,1.0,0.0
-0.44303797468354433,-1.0,-0.2990369087154182,-0.852735061170152,0.6437110696441295,0.6968835421136335,0.7208022962558283,0.0,1.0,0.0,1.0,0.0,1.0,0.0,0.0,1.0,0.0
-0.5189873417721519,-1.0,0.15766935525890302,0.3071997251580041,-1.0,-1.0,0.28770225852659026,1.0,0.0,0.0,1.0,0.0,1.0,0.0,0.0,1.0,0.0
-0.4683544303797469,-1.0,-1.0,0.422841160555957,-1.0,-1.0,0.27672710334034045,1.0,0.0,0.0,1.0,0.0,0.0,0.0,1.0,1.0,0.0
-0.012658227848101333,0.8836228982161534,-0.42841595991199644,0.28977920597488604,0.6327480803398349,-0.19208598012003486,0.7949273829355921,0.0,1.0,0.0,1.0,0.0,0.0,0.0,1.0,1.0,0.0
-0.7215189873417722,-1.0,-1.0,-1.0,-1.0,-1.0,-1.0,0.0,1.0,0.0,1.0,0.0,0.0,0.0,1.0,1.0,0.0
0.012658227848101333,-1.0,0.5846447907927399,0.4098625674447507,-0.487891873354127,-0.2950729702398821,0.5955901312840155,0.0,1.0,0.0,1.0,0.0,0.0,0.0,1.0,1.0,0.0
-0.06329113924050633,0.7485602326306307,0.2956874953573432,-1.0,0.4907930560377567,-0.08836719647032054,0.6860077271198952,0.0,1.0,0.0,1.0,0.0,1.0,0.0,0.0,1.0,0.0
-0.26582278481012656,-1.0,-1.0,-1.0,0.4987378377684146,-0.8602553620751245,0.4311664134654165,1.0,0.0,0.0,1.0,0.0,1.0,0.0,0.0,1.0,0.0
-0.31645569620253167,-1.0,-1.0,-1.0,-1.0,-1.0,-1.0,0.0,0.0,1.0,0.0,1.0,0.0,0.0,1.0,1.0,0.0
-0.31645569620253167,-0.07651953516393095,-0.01723263997605118,0.28830208486650566,0.09341008315253108,-0.8602553620751245,0.2985001993479246,1.0,0.0,0.0,1.0,0.0,0.0,0.0,1.0,1.0,0.0
-0.2911392405063291,-1.0,-1.0,-1.0,-1.0,-1.0,-1.0,0.0,1.0,0.0,0.0,1.0,0.0,0.0,1.0,1.0,0.0
-0.26582278481012656,-0.23979159788240956,-1.0,0.088629173076334,0.28015948225985254,-1.0,0.27743187557035265,1.0,0.0,0.0,1.0,0.0,0.0,0.0,1.0,1.0,0.0
0.3924050632911391,-1.0,-1.0,-1.0,-1.0,-1.0,-1.0,1.0,0.0,0.0,0.0,1.0,0.0,0.0,1.0,1.0,0.0
-0.3924050632911392,-1.0,0.2686422218514901,-1.0,-1.0,-0.8602553620751245,0.24615927292440265,1.0,0.0,0.0,1.0,0.0,1.0,0.0,0.0,1.0,0.0
-0.49367088607594933,-1.0,-1.0,-1.0,-1.0,-1.0,-1.0,1.0,0.0,0.0,0.0,1.0,0.0,0.0,1.0,1.0,0.0
-0.6455696202531646,-1.0,-1.0,-0.15647814463651522,-1.0,-1.0,-0.24310088514610562,1.0,0.0,0.0,1.0,0.0,1.0,0.0,0.0,1.0,0.0
-0.31645569620253167,-1.0,0.24372431308907228,-1.0,-1.0,-1.0,0.22141190018755852,1.0,0.0,0.0,1.0,0.0,0.0,1.0,0.0,1.0,0.0
0.3924050632911391,0.21256760537440655,-0.07889839284730937,-1.0,-0.7806552088744709,-1.0,0.16339586589100752,1.0,0.0,0.0,1.0,0.0,0.0,0.0,1.0,1.0,0.0
-0.4683544303797469,-1.0,-1.0,-1.0,-1.0,-1.0,-1.0,0.0,0.0,1.0,0.0,1.0,0.0,0.0,1.0,1.0,0.0
-0.31645569620253167,0.7044250851566869,0.3819296296897112,0.4984098082317121,-1.0,-1.0,0.6543703204747777,0.0,0.0,1.0,1.0,0.0,0.0,0.0,1.0,1.0,0.0
0.8227848101265822,-1.0,-1.0,-1.0,-1.0,-1.0,-1.0,0.0,1.0,0.0,0.0,1.0,0.0,0.0,1.0,1.0,0.0
-0.08860759493670889,-1.0,-1.0,-1.0,-1.0,-1.0,-1.0,1.0,0.0,0.0,0.0,1.0,0.0,1.0,0.0,1.0,0.0
-0.2911392405063291,0.1364881546437906,0.2881914581844143,-1.0,-1.0,-0.6076872028904432,0.3163263205488358,1.0,0.0,0.0,1.0,0.0,0.0,0.0,1.0,1.0,0.0
0.240506329113924,-1.0,0.736800363659484,-1.0,0.8915454427576468,-1.0,0.894565824300684,0.0,1.0,0.0,1.0,0.0,1.0,0.0,0.0,1.0,0.0
-0.08860759493670889,0.34574084058466203,-1.0,0.1822290855166342,-1.0,-1.0,0.29382427401442257,1.0,0.0,0.0,1.0,0.0,0.0,0.0,1.0,1.0,0.0
-0.4177215189873418,-0.5187895331071819,-0.8654440222251701,-1.0,0.23797030461143054,-0.0523413421951594,0.2232901485933092,1.0,0.0,0.0,1.0,0.0,1.0,0.0,0.0,1.0,0.0
-0.21518987341772156,-1.0,-1.0,-1.0,-1.0,-1.0,-1.0,0.0,1.0,0.0,0.0,1.0,1.0,0.0,0.0,1.0,0.0
-0.2911392405063291,-0.7102824304755853,0.39203611844896824,-1.0,0.42388805976772215,0.4206667790696166,0.5664235700925739,0.0,1.0,0.0,1.0,0.0,0.0,0.0,1.0,1.0,0.0
-0.4683544303797469,-1.0,-1.0,-1.0,-0.8616088449879872,0.1970601200091362,0.1324382340547059,0.0,0.0,1.0,1.0,0.0,1.0,0.0,0.0,1.0,0.0
-0.36708860759493667,-0.08421317882056001,0.2744705196381432,-1.0,-1.0,-1.0,0.2717193681429104,1.0,0.0,0.0,1.0,0.0,1.0,0.0,0.0,1.0,0.0
0.49367088607594933,-1.0,-1.0,-1.0,-1.0,-1.0,-1.0,0.0,0.0,1.0,0.0,1.0,0.0,0.0,1.0,1.0,0.0
-0.21518987341772156,-1.0,-1.0,-1.0,-1.0,-1.0,-1.0,0.0,1.0,0.0,0.0,1.0,0.0,0.0,1.0,1.0,0.0
0.4177215189873418,-1.0,-0.534512796009096,-1.0,0.8248415797305175,0.43374410758664794,0.7661628469168216,0.0,1.0,0.0,1.0,0.0,0.0,0.0,1.0,1.0,0.0
-0.31645569620253167,0.17759805882269863,-0.5176218654293654,-0.2110204317621882,0.3133110201335889,-1.0,0.3260188427478288,0.0,0.0,1.0,1.0,0.0,0.0,0.0,1.0,1.0,0.0
-0.1392405063291139,0.6017491959286778,-1.0,-0.852735061170152,-0.8616088449879872,-1.0,0.4613150228853775,0.0,0.0,1.0,1.0,0.0,0.0,0.0,1.0,1.0,0.0
-0.5949367088607596,-1.0,-1.0,-1.0,-1.0,-1.0,-1.0,0.0,0.0,1.0,0.0,1.0,0.0,0.0,1.0,1.0,0.0
-0.2405063291139241,-0.4340525761212535,0.8240766997480233,-1.0,0.5293895696122777,-1.0,0.8224596774881376,0.0,1.0,0.0,1.0,0.0,0.0,0.0,1.0,1.0,0.0
-0.4683544303797469,-1.0,-1.0,-1.0,-1.0,-1.0,-1.0,0.0,0.0,1.0,0.0,1.0,0.0,0.0,1.0,1.0,0.0
-0.06329113924050633,-1.0,0.3176784731935438,-1.0,-0.18589423387542536,0.22806226128124174,0.3791283923881734,1.0,0.0,0.0,1.0,0.0,0.0,0.0,1.0,1.0,0.0
-0.5443037974683544,-1.0,-1.0,-1.0,-1.0,-1.0,-1.0,0.0,0.0,1.0,0.0,1.0,0.0,0.0,1.0,1.0,0.0
-0.6455696202531646,-1.0,-1.0,-1.0,-1.0,-1.0,-1.0,0.0,1.0,0.0,0.0,1.0,0.0,0.0,1.0,1.0,0.0
-0.3417721518987342,-0.5933299775945341,-1.0,0.2734674362055378,-0.7806552088744709,0.1943826716791215,0.270020458493869,1.0,0.0,0.0,1.0,0.0,0.0,1.0,0.0,1.0,0.0
-0.06329113924050633,-1.0,-1.0,-1.0,-1.0,-1.0,-1.0,0.0,1.0,0.0,1.0,0.0,0.0,0.0,1.0,1.0,0.0
-0.3417721518987342,-1.0,-1.0,-1.0,-1.0,-1.0,-1.0,1.0,0.0,0.0,1.0,0.0,0.0,0.0,1.0,1.0,0.0
-0.5949367088607596,-0.3959497317415208,-1.0,-1.0,0.25541015400221423,0.04011144392268706,0.2563794145649989,1.0,0.0,0.0,1.0,0.0,0.0,0.0,1.0,1.0,0.0
-0.4683544303797469,-1.0,-1.0,-1.0,-1.0,-1.0,-1.0,1.0,0.0,0.0,0.0,1.0,0.0,0.0,1.0,1.0,0.0
-0.8227848101265822,-1.0,-1.0,-1.0,-1.0,-1.0,-1.0,1.0,0.0,0.0,1.0,0.0,0.0,0.0,1.0,1.0,0.0
-0.2405063291139241,-1.0,-0.11395393210487581,-1.0,0.4160765506809887,0.7385084934444635,0.6839060680336302,0.0,1.0,0.0,1.0,0.0,0.0,0.0,1.0,1.0,0.0
-0.1392405063291139,-1.0,0.6558541631784058,-1.0,-0.1927796138817054,0.16792307882367097,0.6400474310145092,0.0,1.0,0.0,1.0,0.0,0.0,0.0,1.0,1.0,0.0
-0.49367088607594933,-1.0,-1.0,-1.0,-1.0,-1.0,-1.0,0.0,0.0,1.0,0.0,1.0,1.0,0.0,0.0,1.0,0.0
0.2911392405063291,-1.0,-1.0,-1.0,-1.0,-1.0,-1.0,0.0,1.0,0.0,0.0,1.0,0.0,0.0,1.0,1.0,0.0
-0.9746835443037974,-1.0,-1.0,-1.0,-1.0,-1.0,-1.0,1.0,0.0,0.0,1.0,0.0,0.0,0.0,1.0,1.0,0.0
0.3417721518987342,0.34640746651003873,-0.3212466169881213,-1.0,-1.0,-0.26663026977783433,0.2480835642409187,1.0,0.0,0.0,1.0,0.0,0.0,0.0,1.0,1.0,0.0
-0.5189873417721519,-0.10050613141739173,-1.0,-1.0,0.3380881606509136,-0.7785099892122169,0.2944686937979426,1.0,0.0,0.0,1.0,0.0,0.0,0.0,1.0,1.0,0.0
0.1898734177215189,-1.0,-0.4743045158486082,-1.0,0.5481449406938774,-1.0,0.4793793631495562,1.0,0.0,0.0,1.0,0.0,0.0,0.0,1.0,1.0,0.0
-0.11392405063291144,-1.0,-1.0,-1.0,-1.0,-1.0,-1.0,0.0,0.0,1.0,0.0,1.0,0.0,0.0,1.0,1.0,0.0
0.03797468354430378,-1.0,-1.0,-1.0,-1.0,-1.0,-1.0,0.0,1.0,0.0,0.0,1.0,0.0,0.0,1.0,1.0,0.0
-0.9746835443037974,-1.0,-1.0,-1.0,-1.0,-1.0,-1.0,1.0,0.0,0.0,0.0,1.0,0.0,0.0,1.0,1.0,0.0
-0.16455696202531644,-1.0,-1.0,-1.0,-1.0,-1.0,-1.0,0.0,1.0,0.0,0.0,1.0,0.0,0.0,1.0,1.0,0.0
-0.08860759493670889,-1.0,-1.0,-1.0,-1.0,-1.0,-1.0,1.0,0.0,0.0,0.0,1.0,0.0,0.0,1.0,1.0,0.0
-0.9240506329113924,-1.0,-1.0,-1.0,-1.0,-1.0,-1.0,1.0,0.0,0.0,0.0,1.0,0.0,0.0,1.0,1.0,0.0
0.06329113924050622,-0.07154341792518581,0.12217667163355861,-1.0,0.42404759332238573,-0.03312596205533025,0.42671792930310004,1.0,0.0,0.0,1.0,0.0,0.0,0.0,1.0,1.0,0.0
-0.21518987341772156,-1.0,-1.0,0.4389977990025098,-1.0,-1.0,0.2912245882145654,1.0,0.0,0.0,1.0,0.0,0.0,0.0,1.0,1.0,0.0
0.5949367088607596,0.6792692388267532,-1.0,-0.1266103287679058,-0.7806552088744709,-1.0,0.535640675793039,0.0,0.0,1.0,1.0,0.0,0.0,0.0,1.0,1.0,0.0
-0.31645569620253167,-1.0,-1.0,-1.0,-1.0,-1.0,-1.0,1.0,0.0,0.0,0.0,1.0,0.0,0.0,1.0,1.0,0.0
-0.3924050632911392,-1.0,-0.3154514630024463,-1.0,-0.11299698542437708,0.40498223203809824,0.3484528857925313,1.0,0.0,0.0,1.0,0.0,0.0,1.0,0.0,1.0,0.0
0.36708860759493667,-1.0,-1.0,-1.0,-1.0,-1.0,-1.0,0.0,1.0,0.0,1.0,0.0,1.0,0.0,0.0,1.0,0.0
-0.189873417721519,-1.0,-1.0,-1.0,-1.0,-1.0,-1.0,1.0,0.0,0.0,0.0,1.0,1.0,0.0,0.0,0.0,1.0
-0.3924050632911392,-1.0,-0.3212466169881213,-0.5331811885673919,-1.0,-1.0,-0.29204212903330695,1.0,0.0,0.0,1.0,0.0,0.0,0.0,1.0,1.0,0.0
-0.6708860759493671,-1.0,-1.0,-1.0,-1.0,-1.0,-1.0,0.0,1.0,0.0,0.0,1.0,1.0,0.0,0.0,1.0,0.0
-0.5189873417721519,-1.0,-1.0,-1.0,-1.0,-1.0,-1.0,0.0,1.0,0.0,0.0,1.0,1.0,0.0,0.0,1.0,0.0
-0.3924050632911392,-1.0,-1.0,-1.0,-1.0,-1.0,-1.0,0.0,0.0,1.0,0.0,1.0,0.0,0.0,1.0,1.0,0.0
-0.4177215189873418,-1.0,-1.0,-0.41094024468060797,-1.0,0.45628066834134007,0.3791283923881734,1.0,0.0,0.0,1.0,0.0,0.0,0.0,1.0,1.0,0.0
-0.08860759493670889,-1.0,0.34365472573838596,-0.852735061170152,-0.4343312963306818,0.6021087948535857,0.5741935429221083,0.0,1.0,0.0,1.0,0.0,0.0,0.0,1.0,1.0,0.0
0.16455696202531644,0.6131053146503112,-0.02221043173582371,0.04683641929791582,-1.0,0.06308362026986836,0.5086389574818442,0.0,1.0,0.0,1.0,0.0,0.0,0.0,1.0,1.0,0.0
-0.012658227848101333,-1.0,-1.0,-1.0,-1.0,-1.0,-1.0,0.0,0.0,1.0,0.0,1.0,0.0,0.0,1.0,1.0,0.0
-0.5443037974683544,-0.26303631529358906,-1.0,0.30077500762674614,0.023031346353778792,-0.2153744057808865,0.24998862605774574,1.0,0.0,0.0,1.0,0.0,0.0,0.0,1.0,1.0,0.0
-1.0,-1.0,-1.0,-1.0,-1.0,-1.0,-1.0,1.0,0.0,0.0,1.0,0.0,0.0,0.0,1.0,1.0,0.0
-0.4177215189873418,-1.0,0.20326878303152074,-1.0,-0.17599189543729488,-1.0,0.20396408763331642,1.0,0.0,0.0,1.0,0.0,0.0,0.0,1.0,1.0,0.0
-0.26582278481012656,0.7274138477895089,-1.0,-1.0,-0.487891873354127,-1.0,0.5763565856029778,0.0,0.0,1.0,1.0,0.0,0.0,0.0,1.0,0.0,1.0
-0.012658227848101333,-1.0,0.5247179433981433,-1.0,0.09004027770682299,0.10325844981634358,0.5293653920885302,0.0,1.0,0.0,1.0,0.0,0.0,0.0,1.0,1.0,0.0
-0.620253164556962,0.6042835848754846,-1.0,-1.0,-0.18253858794414057,-0.7785099892122169,0.46876458343054206,1.0,0.0,0.0,1.0,0.0,0.0,0.0,1.0,1.0,0.0
-0.3924050632911392,-0.6636483178693894,0.11670804967080883,-1.0,-1.0,0.22204363833457297,0.2612911069207595,1.0,0.0,0.0,1.0,0.0,0.0,0.0,1.0,1.0,0.0
0.16455696202531644,-1.0,-1.0,-1.0,-1.0,-1.0,-1.0,0.0,0.0,1.0,0.0,1.0,0.0,0.0,1.0,1.0,0.0
-0.189873417721519,-1.0,-0.12648235905280358,-1.0,0.8024443168687962,-0.8602553620751245,0.7231026297362948,0.0,1.0,0.0,1.0,0.0,0.0,0.0,1.0,1.0,0.0
-0.36708860759493667,-1.0,-0.20198383861853442,-1.0,0.2922442800822116,0.41479166702908454,0.43127107483016314,1.0,0.0,0.0,1.0,0.0,0.0,0.0,1.0,1.0,0.0
-0.31645569620253167,-1.0,-1.0,-1.0,-1.0,-1.0,-1.0,1.0,0.0,0.0,0.0,1.0,0.0,1.0,0.0,1.0,0.0
-0.26582278481012656,-1.0,-1.0,-1.0,-1.0,-1.0,-1.0,1.0,0.0,0.0,0.0,1.0,0.0,1.0,0.0,1.0,0.0
-0.2911392405063291,-1.0,0.573779925543366,-0.07438062671825996,-1.0,-0.017116849277658552,0.5570835540372348,0.0,1.0,0.0,1.0,0.0,0.0,0.0,1.0,1.0,0.0
-0.2911392405063291,-1.0,0.6259490995163481,-1.0,0.04442344105761098,-1.0,0.6047778526284655,0.0,1.0,0.0,1.0,0.0,0.0,0.0,1.0,1.0,0.0
-0.21518987341772156,0.3666887797386742,-0.7308880444503403,-0.10042851953193221,0.12995090014823263,-1.0,0.3260188427478288,0.0,0.0,1.0,1.0,0.0,0.0,0.0,1.0,1.0,0.0
-0.03797468354430378,-1.0,0.6331478017333405,-1.0,-0.47309575479577604,0.15193936367218042,0.6167337792958039,0.0,1.0,0.0,1.0,0.0,0.0,0.0,1.0,1.0,0.0
0.8481012658227849,-0.40789510005579643,-1.0,0.39870056978356616,-0.7806552088744709,-0.09279833959192818,0.28137710633298174,1.0,0.0,0.0,1.0,0.0,0.0,0.0,1.0,1.0,0.0
-0.3924050632911392,0.41548608986856306,-0.5020837155287093,-0.852735061170152,-1.0,-0.7205107241502491,0.2946830172281585,1.0,0.0,0.0,1.0,0.0,0.0,0.0,1.0,1.0,0.0
0.03797468354430378,-1.0,-1.0,-1.0,-1.0,-1.0,-1.0,0.0,0.0,1.0,0.0,1.0,0.0,0.0,1.0,1.0,0.0
-0.3924050632911392,-1.0,-1.0,-1.0,-1.0,0.33680475793401166,0.2640779304761438,1.0,0.0,0.0,1.0,0.0,0.0,0.0,1.0,1.0,0.0
-0.16455696202531644,-1.0,-0.16448093094058824,-0.26367530585075993,0.8063129628359358,0.8371180086300694,0.8643184619923518,0.0,1.0,0.0,1.0,0.0,1.0,0.0,0.0,1.0,0.0
-0.012658227848101333,-1.0,-0.20198383861853442,-1.0,0.14598543126808927,0.7035920355695064,0.6254315169894453,0.0,1.0,0.0,1.0,0.0,1.0,0.0,0.0,1.0,0.0
-0.21518987341772156,0.3470719727945557,-1.0,-1.0,0.0017311923196254853,-1.0,0.26953226188623813,0.0,0.0,1.0,1.0,0.0,0.0,1.0,0.0,0.0,1.0
0.36708860759493667,-1.0,-1.0,-1.0,-1.0,-1.0,-1.0,0.0,1.0,0.0,0.0,1.0,1.0,0.0,0.0,1.0,0.0
-0.4177215189873418,-0.5654236457133779,-1.0,-1.0,0.3127548742780599,0.3479290451839767,0.39722334841700824,1.0,0.0,0.0,1.0,0.0,0.0,0.0,1.0,1.0,0.0
0.5949367088607596,-1.0,-1.0,-1.0,-1.0,-1.0,-1.0,1.0,0.0,0.0,0.0,1.0,0.0,1.0,0.0,1.0,0.0
-0.9493670886075949,-1.0,-1.0,-1.0,-1.0,-1.0,-1.0,1.0,0.0,0.0,0.0,1.0,0.0,1.0,0.0,1.0,0.0
-0.06329113924050633,-0.5408085165037282,-0.399956818234266,-1.0,-0.1927796138817054,0.5486709052135021,0.4717494010513492,0.0,1.0,0.0,1.0,0.0,0.0,0.0,1.0,1.0,0.0
-0.21518987341772156,-1.0,0.5512881193687658,-1.0,0.02656517724382379,0.3365386075374379,0.5754255536147797,0.0,1.0,0.0,1.0,0.0,1.0,0.0,0.0,1.0,0.0
-0.3924050632911392,-0.2569782954639235,-0.5963320666755103,0.2261911290921088,-1.0,0.22157313894688024,0.2717193681429104,1.0,0.0,0.0,1.0,0.0,0.0,0.0,1.0,1.0,0.0
-0.08860759493670889,-1.0,0.5529235396721353,-1.0,-0.1546342450073407,0.17985608184756252,0.5499199114492679,0.0,1.0,0.0,1.0,0.0,0.0,0.0,1.0,1.0,0.0
-0.26582278481012656,-1.0,-1.0,-1.0,-1.0,-1.0,-1.0,1.0,0.0,0.0,0.0,1.0,0.0,1.0,0.0,1.0,0.0
-0.5189873417721519,-1.0,-1.0,-1.0,-1.0,-1.0,-1.0,1.0,0.0,0.0,1.0,0.0,0.0,0.0,1.0,1.0,0.0
-0.49367088607594933,-1.0,-1.0,-1.0,-1.0,-1.0,-1.0,1.0,0.0,0.0,0.0,1.0,0.0,0.0,1.0,1.0,0.0
-0.3417721518987342,-1.0,-0.1725147632671038,-1.0,-0.25375096367024685,-1.0,-0.1004622086019139,0.0,1.0,0.0,1.0,0.0,0.0,0.0,1.0,1.0,0.0
-1.0,-1.0,-1.0,-1.0,-1.0,-1.0,-1.0,1.0,0.0,0.0,1.0,0.0,1.0,0.0,0.0,1.0,0.0
-0.06329113924050633,0.4719292163776265,-0.687570694869583,-0.24463645026862124,-1.0,-1.0,0.34893695038886774,0.0,0.0,1.0,1.0,0.0,0.0,0.0,1.0,1.0,0.0
-1.0,-1.0,-1.0,-1.0,-1.0,-1.0,-1.0,1.0,0.0,0.0,1.0,0.0,0.0,0.0,1.0,1.0,0.0
0.31645569620253156,-1.0,-1.0,-1.0,-1.0,-1.0,-1.0,0.0,0.0,1.0,0.0,1.0,0.0,0.0,1.0,1.0,0.0
-0.16455696202531644,0.3611807494927515,0.02361176862268244,0.34020848266470227,-0.18253858794414057,-0.2513108349509553,0.3960941802327762,1.0,0.0,0.0,1.0,0.0,0.0,0.0,1.0,1.0,0.0
-0.3417721518987342,-1.0,0.5131563400086179,-0.41094024468060797,-0.6422640538624581,-1.0,0.4875742359363533,0.0,1.0,0.0,1.0,0.0,1.0,0.0,0.0,1.0,0.0
-0.5443037974683544,-1.0,-1.0,-1.0,-1.0,-1.0,-1.0,1.0,0.0,0.0,0.0,1.0,0.0,1.0,0.0,1.0,0.0
-0.5443037974683544,-1.0,-1.0,-1.0,-1.0,-1.0,-1.0,1.0,0.0,0.0,0.0,1.0,0.0,0.0,1.0,1.0,0.0
-0.21518987341772156,0.4442574232646057,-1.0,-1.0,-1.0,-1.0,0.3174701680069736,0.0,0.0,1.0,1.0,0.0,0.0,0.0,1.0,1.0,0.0
-0.11392405063291144,0.07937338666668725,-1.0,0.26315453167805947,-1.0,-0.16470718131487705,0.22515007233224127,0.0,0.0,1.0,1.0,0.0,0.0,0.0,1.0,1.0,0.0
0.06329113924050622,-1.0,0.4582676233076872,-0.7665905942836959,0.6072457380547065,0.5731595880569791,0.6987714892388528,0.0,1.0,0.0,1.0,0.0,0.0,0.0,1.0,1.0,0.0
-0.012658227848101333,-1.0,-1.0,-1.0,-1.0,-1.0,-1.0,0.0,0.0,1.0,1.0,0.0,0.0,0.0,1.0,1.0,0.0
-0.4177215189873418,-1.0,0.11171425038716642,0.26918601380216267,-0.5402745340816825,-0.46794256496556785,0.2545374613846978,1.0,0.0,0.0,1.0,0.0,1.0,0.0,0.0,1.0,0.0
-0.8987341772151899,-1.0,-1.0,-1.0,-1.0,-1.0,-1.0,0.0,0.0,1.0,1.0,0.0,0.0,0.0,1.0,1.0,0.0
-0.3924050632911392,-0.7102824304755853,0.3446095886663729,0.3881583024951567,-0.21498650520515272,-1.0,0.4245625567558593,1.0,0.0,0.0,1.0,0.0,0.0,0.0,1.0,1.0,0.0
-0.7215189873417722,-1.0,-1.0,-1.0,-1.0,-1.0,-1.0,1.0,0.0,0.0,1.0,0.0,0.0,0.0,1.0,1.0,0.0
-0.4177215189873418,-1.0,-1.0,0.31122961536053273,0.6821630965340779,-1.0,0.6252046538078564,1.0,0.0,0.0,1.0,0.0,1.0,0.0,0.0,1.0,0.0
-0.3417721518987342,0.20874456491694504,-1.0,0.12778604555348294,-0.7806552088744709,0.11874310398959254,0.2705074081100842,1.0,0.0,0.0,1.0,0.0,0.0,0.0,1.0,1.0,0.0
0.36708860759493667,-1.0,-1.0,-1.0,-1.0,-1.0,-1.0,0.0,1.0,0.0,0.0,1.0,0.0,0.0,1.0,1.0,0.0
0.06329113924050622,-1.0,-1.0,-1.0,-1.0,-1.0,-1.0,0.0,0.0,1.0,0.0,1.0,0.0,0.0,1.0,1.0,0.0
-0.3417721518987342,-1.0,-1.0,-1.0,-1.0,-1.0,-1.0,1.0,0.0,0.0,0.0,1.0,1.0,0.0,0.0,1.0,0.0
-0.5443037974683544,0.4622158268417469,-1.0,0.13502377112556174,0.0017311923196254853,-1.0,0.3878656589276379,0.0,0.0,1.0,1.0,0.0,1.0,0.0,0.0,1.0,0.0
-0.5189873417721519,-1.0,-1.0,-1.0,-1.0,-1.0,-1.0,0.0,1.0,0.0,0.0,1.0,1.0,0.0,0.0,1.0,0.0
-0.49367088607594933,-1.0,0.17301547503028059,0.1370471997241529,-1.0,-1.0,0.22911871640787962,1.0,0.0,0.0,1.0,0.0,0.0,0.0,1.0,1.0,0.0
-0.26582278481012656,-1.0,-1.0,-1.0,-1.0,-1.0,-1.0,0.0,1.0,0.0,0.0,1.0,1.0,0.0,0.0,1.0,0.0
-0.3924050632911392,-1.0,-1.0,0.4223159232131788,-1.0,-0.7785099892122169,0.27672710334034045,1.0,0.0,0.0,1.0,0.0,0.0,0.0,1.0,1.0,0.0
-0.6455696202531646,-0.8551412152377926,-0.8654440222251701,0.3869194745132021,0.20597450224807057,-1.0,0.33593368382940003,1.0,0.0,0.0,1.0,0.0,0.0,0.0,1.0,1.0,0.0
-0.44303797468354433,-0.13748235824173838,-1.0,0.14103714603665773,0.2179667022950793,-1.0,0.2545374613846978,1.0,0.0,0.0,1.0,0.0,0.0,0.0,1.0,1.0,0.0
-0.7468354430379747,-1.0,-1.0,-1.0,-1.0,-1.0,-1.0,1.0,0.0,0.0,0.0,1.0,1.0,0.0,0.0,1.0,0.0
0.08860759493670889,-1.0,-0.45000744077727617,-0.24463645026862124,0.3228008825999982,-0.8602553620751245,0.2755466619768592,1.0,0.0,0.0,1.0,0.0,0.0,0.0,1.0,1.0,0.0
0.16455696202531644,0.37843271473575957,-1.0,0.20387993057201603,-1.0,-0.7785099892122169,0.32104772756210265,0.0,0.0,1.0,1.0,0.0,0.0,0.0,1.0,1.0,0.0
-0.31645569620253167,0.35805681912269116,0.36156401008619765,-1.0,-1.0,-0.7785099892122169,0.426503485330997,1.0,0.0,0.0,1.0,0.0,0.0,0.0,1.0,1.0,0.0
0.36708860759493667,0.48484577226788805,-1.0,-0.852735061170152,-0.6786656890936953,-1.0,0.3552763764236293,0.0,0.0,1.0,1.0,0.0,0.0,0.0,1.0,1.0,0.0
0.012658227848101333,-1.0,-1.0,-1.0,-1.0,-1.0,-1.0,0.0,1.0,0.0,0.0,1.0,1.0,0.0,0.0,1.0,0.0
-0.06329113924050633,-1.0,-1.0,-1.0,-1.0,-1.0,-1.0,1.0,0.0,0.0,0.0,1.0,0.0,0.0,1.0,1.0,0.0
-0.012658227848101333,-1.0,-0.7867338209790253,-1.0,0.3603466827564017,0.6328809652040077,0.5906207024463122,0.0,1.0,0.0,1.0,0.0,0.0,0.0,1.0,1.0,0.0
-0.31645569620253167,-1.0,0.3974798703531539,0.6073062588522742,-1.0,-1.0,0.5425932800212867,0.0,1.0,0.0,1.0,0.0,1.0,0.0,0.0,0.0,1.0
-0.08860759493670889,-0.08684198141166655,-0.553014717094753,-1.0,-1.0,0.3579931732125121,0.30285907632306674,1.0,0.0,0.0,1.0,0.0,0.0,0.0,1.0,1.0,0.0
0.7721518987341771,-1.0,0.486272991503121,-1.0,0.5148538345276312,-0.20339411557579412,0.5876033050932261,0.0,1.0,0.0,1.0,0.0,1.0,0.0,0.0,1.0,0.0
-0.3924050632911392,-0.4484711928323267,0.02261370348397551,-1.0,-1.0,0.28697172606584287,0.27388166736646213,1.0,0.0,0.0,1.0,0.0,0.0,0.0,1.0,1.0,0.0
-1.0,-1.0,-1.0,-1.0,-1.0,-1.0,-1.0,1.0,0.0,0.0,0.0,1.0,0.0,1.0,0.0,1.0,0.0
-0.3924050632911392,-1.0,-1.0,0.21181648109778606,0.3383332880396408,-1.0,0.33748012407112005,0.0,0.0,1.0,1.0,0.0,0.0,0.0,1.0,1.0,0.0
-0.5443037974683544,-1.0,-1.0,0.359081419927634,-0.18253858794414057,0.014181036357477472,0.27696231702976926,1.0,0.0,0.0,1.0,0.0,0.0,0.0,1.0,1.0,0.0
-0.06329113924050633,-1.0,-1.0,-1.0,-1.0,-1.0,-1.0,1.0,0.0,0.0,0.0,1.0,0.0,0.0,1.0,1.0,0.0
-0.4683544303797469,-1.0,-1.0,-1.0,-1.0,-1.0,-1.0,1.0,0.0,0.0,0.0,1.0,0.0,1.0,0.0,1.0,0.0
0.012658227848101333,-1.0,-1.0,-1.0,-1.0,-1.0,-1.0,0.0,1.0,0.0,0.0,1.0,1.0,0.0,0.0,1.0,0.0
0.08860759493670889,-1.0,-1.0,-1.0,-1.0,-1.0,-1.0,0.0,1.0,0.0,0.0,1.0,0.0,0.0,1.0,1.0,0.0
-0.5949367088607596,-1.0,-1.0,-1.0,-1.0,-1.0,-1.0,1.0,0.0,0.0,0.0,1.0,0.0,0.0,1.0,1.0,0.0
-0.5443037974683544,-1.0,-1.0,-1.0,-1.0,-1.0,-1.0,0.0,1.0,0.0,0.0,1.0,1.0,0.0,0.0,1.0,0.0
-0.012658227848101333,0.7932617063655021,-1.0,0.20534516670331993,-1.0,-1.0,0.6459402733793107,0.0,0.0,1.0,1.0,0.0,0.0,0.0,1.0,1.0,0.0
-1.0,-1.0,-1.0,-1.0,-1.0,-1.0,-1.0,0.0,0.0,1.0,1.0,0.0,1.0,0.0,0.0,1.0,0.0
-0.5443037974683544,-1.0,-1.0,-1.0,0.3209386524022846,-0.8602553620751245,0.26154614464588355,1.0,0.0,0.0,1.0,0.0,0.0,1.0,0.0,1.0,0.0
-0.36708860759493667,-1.0,0.010218648744562797,0.38315905073603007,-1.0,-1.0,0.2865880492117525,1.0,0.0,0.0,1.0,0.0,0.0,0.0,1.0,1.0,0.0
0.31645569620253156,-0.20445683437311757,-1.0,-1.0,-0.2490529531958,0.5034040078569755,0.4308520841755783,1.0,0.0,0.0,1.0,0.0,0.0,0.0,1.0,1.0,0.0
0.16455696202531644,-1.0,-1.0,-1.0,-1.0,-1.0,-1.0,1.0,0.0,0.0,0.0,1.0,0.0,0.0,1.0,1.0,0.0
-0.3924050632911392,-1.0,-1.0,-1.0,-1.0,-1.0,-1.0,0.0,1.0,0.0,0.0,1.0,1.0,0.0,0.0,1.0,0.0
-0.3924050632911392,-1.0,-1.0,-0.03701117768351392,0.45919612395899256,-1.0,0.4047052226752319,1.0,0.0,0.0,1.0,0.0,0.0,1.0,0.0,1.0,0.0
-0.5949367088607596,-1.0,0.39675308836659906,-1.0,-1.0,-1.0,0.37169533939352095,1.0,0.0,0.0,1.0,0.0,0.0,0.0,1.0,1.0,0.0
-0.08860759493670889,-0.8551412152377926,0.6623010269993963,0.24089336366530878,0.12358963252867672,0.9048044378300755,0.8735360572625137,0.0,1.0,0.0,1.0,0.0,0.0,0.0,1.0,1.0,0.0
0.4683544303797469,-1.0,-1.0,-1.0,-1.0,0.3258747702157401,0.25374257209786033,1.0,0.0,0.0,1.0,0.0,0.0,0.0,1.0,1.0,0.0
-0.26582278481012656,-1.0,-1.0,-1.0,-1.0,-1.0,-1.0,0.0,0.0,1.0,0.0,1.0,0.0,0.0,1.0,1.0,0.0
-0.26582278481012656,-1.0,-1.0,-1.0,-1.0,-1.0,-1.0,1.0,0.0,0.0,0.0,1.0,0.0,0.0,1.0,1.0,0.0
-0.31645569620253167,-1.0,-1.0,-1.0,-1.0,-1.0,-1.0,1.0,0.0,0.0,0.0,1.0,0.0,1.0,0.0,1.0,0.0
-0.16455696202531644,-1.0,-0.8654440222251701,-1.0,0.8092760720387824,0.4051718031814733,0.7497636724581622,0.0,1.0,0.0,1.0,0.0,0.0,0.0,1.0,1.0,0.0
-0.44303797468354433,-1.0,-1.0,-1.0,-1.0,-1.0,-1.0,1.0,0.0,0.0,0.0,1.0,0.0,0.0,1.0,1.0,0.0
-0.03797468354430378,-1.0,0.0003736705620103198,0.3646727530646936,-1.0,-1.0,0.2714775917362522,1.0,0.0,0.0,1.0,0.0,0.0,0.0,1.0,1.0,0.0
0.03797468354430378,-1.0,0.5692218598754508,-1.0,-0.18253858794414057,-1.0,0.5445092827931568,0.0,1.0,0.0,1.0,0.0,0.0,0.0,1.0,1.0,0.0
-0.012658227848101333,0.3969972880722581,-1.0,-1.0,-0.6786656890936953,-1.0,0.2753096940518822,1.0,0.0,0.0,1.0,0.0,0.0,0.0,1.0,1.0,0.0
-0.16455696202531644,0.45482072763519876,-1.0,0.14879904657953125,-0.37397903613286987,-1.0,0.3667696985133764,0.0,0.0,1.0,1.0,0.0,0.0,0.0,1.0,1.0,0.0
0.08860759493670889,-0.7704042582518641,0.49664299646259646,-0.25079509588414395,-0.6114869098077889,0.06717734256606134,0.48920265913548655,0.0,1.0,0.0,1.0,0.0,0.0,0.0,1.0,1.0,0.0
0.3924050632911391,-1.0,-1.0,-1.0,-1.0,-1.0,-1.0,0.0,0.0,1.0,0.0,1.0,0.0,0.0,1.0,1.0,0.0
-0.36708860759493667,-1.0,-1.0,-1.0,-1.0,-1.0,-1.0,0.0,0.0,1.0,0.0,1.0,0.0,0.0,1.0,1.0,0.0
0.5189873417721518,-1.0,-1.0,-1.0,-1.0,-1.0,-1.0,0.0,1.0,0.0,0.0,1.0,0.0,0.0,1.0,1.0,0.0
-0.3924050632911392,-0.14784747667959774,-1.0,-0.658061401139107,0.33211296460103745,-0.19208598012003486,0.2980798228355881,1.0,0.0,0.0,1.0,0.0,0.0,0.0,1.0,1.0,0.0
-0.2911392405063291,-1.0,-1.0,-1.0,-1.0,-1.0,-1.0,0.0,1.0,0.0,0.0,1.0,1.0,0.0,0.0,1.0,0.0
0.139240506329114,-1.0,-0.8654440222251701,0.15902877899804402,0.22151623992572467,-0.4172753404995585,0.25025923032049513,1.0,0.0,0.0,1.0,0.0,0.0,0.0,1.0,1.0,0.0
-0.21518987341772156,-1.0,-1.0,-1.0,-1.0,-1.0,-1.0,1.0,0.0,0.0,0.0,1.0,0.0,0.0,1.0,1.0,0.0
-0.2911392405063291,-1.0,-1.0,-1.0,-1.0,-1.0,-1.0,1.0,0.0,0.0,0.0,1.0,0.0,1.0,0.0,1.0,0.0
-0.3924050632911392,0.08641856110671231,0.08315524251061657,-1.0,0.4198577203888856,-1.0,0.41466414246197214,1.0,0.0,0.0,1.0,0.0,0.0,0.0,1.0,1.0,0.0
0.31645569620253156,0.4857019268876699,-0.7867338209790253,-0.08271339656191012,-1.0,-1.0,0.3667696985133764,0.0,0.0,1.0,1.0,0.0,0.0,0.0,1.0,1.0,0.0
0.7721518987341771,-1.0,-1.0,-1.0,-1.0,-1.0,-1.0,0.0,1.0,0.0,0.0,1.0,0.0,0.0,1.0,1.0,0.0
0.4683544303797469,-1.0,-1.0,0.36639029190067585,-1.0,-1.0,0.22607327351218043,1.0,0.0,0.0,1.0,0.0,1.0,0.0,0.0,1.0,0.0
-0.08860759493670889,-1.0,-1.0,-1.0,-1.0,-1.0,-1.0,1.0,0.0,0.0,0.0,1.0,0.0,0.0,1.0,1.0,0.0
0.3924050632911391,-1.0,-1.0,-1.0,-1.0,-1.0,-1.0,0.0,1.0,0.0,0.0,1.0,0.0,0.0,1.0,1.0,0.0
-0.49367088607594933,-0.4340525761212535,-1.0,-0.130122117763107,0.49407639102139145,-1.0,0.4342815264210518,0.0,0.0,1.0,1.0,0.0,0.0,1.0,0.0,0.0,1.0
-0.189873417721519,0.3101599410407203,0.46184118942171626,-1.0,0.20502148739307113,0.6077367638179831,0.6491370412067796,0.0,1.0,0.0,1.0,0.0,0.0,0.0,1.0,0.0,1.0
-0.4683544303797469,-1.0,-1.0,-0.3247957777941519,0.33979776575259524,-0.36785647232007146,0.28947155819687853,1.0,0.0,0.0,1.0,0.0,0.0,0.0,1.0,1.0,0.0
-0.31645569620253167,-1.0,-1.0,-1.0,-1.0,-1.0,-1.0,0.0,1.0,0.0,0.0,1.0,0.0,0.0,1.0,1.0,0.0
0.11392405063291133,-1.0,-1.0,0.362244630670816,-1.0,-0.08836719647032054,0.24890235148852158,1.0,0.0,0.0,1.0,0.0,1.0,0.0,0.0,1.0,0.0
0.8987341772151898,-1.0,-1.0,-1.0,-1.0,-1.0,-1.0,0.0,0.0,1.0,0.0,1.0,0.0,0.0,1.0,1.0,0.0
-0.31645569620253167,-1.0,-0.033900312058651294,-0.0771220634248504,0.04227657915691263,0.668748641552785,0.5966038281436528,0.0,1.0,0.0,1.0,0.0,0.0,0.0,1.0,1.0,0.0
-0.8481012658227848,-1.0,-1.0,-1.0,-1.0,-1.0,-1.0,1.0,0.0,0.0,1.0,0.0,0.0,0.0,1.0,1.0,0.0
-0.49367088607594933,-1.0,-1.0,-1.0,-1.0,-1.0,-1.0,0.0,1.0,0.0,0.0,1.0,1.0,0.0,0.0,1.0,0.0
-0.5189873417721519,-1.0,-1.0,-1.0,-1.0,-1.0,-1.0,1.0,0.0,0.0,0.0,1.0,0.0,0.0,1.0,1.0,0.0
-0.2405063291139241,-1.0,-1.0,-1.0,-1.0,-1.0,-1.0,0.0,0.0,1.0,1.0,0.0,0.0,0.0,1.0,1.0,0.0
-0.21518987341772156,0.0022581204875098404,-1.0,0.37868607716759684,-0.20730647247606515,-1.0,0.28137710633298174,0.0,0.0,1.0,1.0,0.0,1.0,0.0,0.0,1.0,0.0
-0.9493670886075949,-1.0,-1.0,-1.0,-1.0,-1.0,-1.0,1.0,0.0,0.0,0.0,1.0,0.0,0.0,1.0,1.0,0.0
-0.8987341772151899,-1.0,-1.0,-1.0,-1.0,-1.0,-1.0,1.0,0.0,0.0,1.0,0.0,0.0,0.0,1.0,1.0,0.0
0.26582278481012667,0.715809682898626,0.2934689198738558,-1.0,-0.6114869098077889,0.42414588000569164,0.6464824441566719,0.0,1.0,0.0,1.0,0.0,0.0,0.0,1.0,1.0,0.0
-0.8481012658227848,-1.0,-1.0,-1.0,-1.0,-1.0,-1.0,1.0,0.0,0.0,0.0,1.0,0.0,0.0,1.0,1.0,0.0
0.4683544303797469,-1.0,-1.0,-1.0,-1.0,-1.0,-1.0,1.0,0.0,0.0,0.0,1.0,0.0,0.0,1.0,1.0,0.0
-1.0,-1.0,-1.0,-1.0,-1.0,-1.0,-1.0,1.0,0.0,0.0,0.0,1.0,0.0,0.0,1.0,1.0,0.0
0.4683544303797469,-1.0,0.2990889908786811,-0.7054701223403039,-0.7232176899759744,-1.0,0.27719724086861364,1.0,0.0,0.0,1.0,0.0,0.0,0.0,1.0,1.0,0.0
-0.7974683544303798,-1.0,-1.0,-1.0,-1.0,-1.0,-1.0,1.0,0.0,0.0,1.0,0.0,0.0,0.0,1.0,1.0,0.0
-0.31645569620253167,0.6471439596610287,-1.0,-1.0,-0.2490529531958,-0.2950729702398821,0.5078003608022179,1.0,0.0,0.0,1.0,0.0,0.0,1.0,0.0,1.0,0.0
-0.44303797468354433,-0.8551412152377926,-0.7867338209790253,0.1679195488917904,-1.0,0.24677943137480596,0.2571634074633109,1.0,0.0,0.0,1.0,0.0,0.0,0.0,1.0,1.0,0.0
0.139240506329114,-1.0,-0.00881731185770429,-0.18657298641838826,0.5630756108617578,0.3613177768717557,0.5598219969055735,0.0,1.0,0.0,1.0,0.0,0.0,0.0,1.0,1.0,0.0
-0.5443037974683544,0.10832205013701102,-0.06271208460874866,-1.0,0.2031017011302012,-1.0,0.25898028261425443,1.0,0.0,0.0,1.0,0.0,0.0,0.0,1.0,1.0,0.0
-0.5949367088607596,-1.0,-1.0,-1.0,-1.0,-1.0,-1.0,1.0,0.0,0.0,0.0,1.0,0.0,1.0,0.0,1.0,0.0
0.03797468354430378,0.36395291018926,-1.0,-1.0,-1.0,-0.4172753404995585,0.24890235148852158,1.0,0.0,0.0,1.0,0.0,1.0,0.0,0.0,1.0,0.0
-0.5443037974683544,-0.6636483178693894,0.32157840162743434,-1.0,-1.0,-0.8602553620751245,0.29891965093869466,1.0,0.0,0.0,1.0,0.0,0.0,0.0,1.0,1.0,0.0
-0.4177215189873418,-1.0,-1.0,-1.0,0.32438337093510894,-1.0,0.26458027772622783,1.0,0.0,0.0,1.0,0.0,0.0,0.0,1.0,1.0,0.0
-0.5696202531645569,-1.0,0.375700542043224,-0.26367530585075993,-1.0,-1.0,0.35589887712725665,1.0,0.0,0.0,1.0,0.0,0.0,0.0,1.0,1.0,0.0
-0.3924050632911392,-1.0,0.09727952423939534,-1.0,0.6845130444522296,0.22668921014354848,0.6361581132911196,0.0,1.0,0.0,1.0,0.0,1.0,0.0,0.0,1.0,0.0
-0.21518987341772156,-1.0,0.6395478158294399,0.043734781775552234,0.5250138886571152,0.20943897817822266,0.6950312798124834,0.0,1.0,0.0,1.0,0.0,0.0,0.0,1.0,1.0,0.0
0.5696202531645569,-1.0,-0.3913276979777265,-1.0,0.6184559323470249,-0.36785647232007146,0.5478875960345237,0.0,1.0,0.0,1.0,0.0,0.0,0.0,1.0,1.0,0.0
-1.0,-1.0,-1.0,-1.0,-1.0,-1.0,-1.0,1.0,0.0,0.0,1.0,0.0,0.0,0.0,1.0,1.0,0.0
-0.49367088607594933,-1.0,0.0910504365929079,0.5792192730105663,0.2707621603434376,0.7363572975449764,0.7143945822217652,0.0,1.0,0.0,1.0,0.0,0.0,0.0,1.0,1.0,0.0
-0.5696202531645569,-1.0,0.0175449235613665,0.41913693527056783,-1.0,-1.0,0.31382418596927875,1.0,0.0,0.0,1.0,0.0,0.0,0.0,1.0,1.0,0.0
-0.1392405063291139,-1.0,-1.0,-1.0,-1.0,-1.0,-1.0,0.0,0.0,1.0,0.0,1.0,0.0,0.0,1.0,1.0,0.0
0.8987341772151898,-1.0,-1.0,-1.0,-1.0,-1.0,-1.0,0.0,0.0,1.0,0.0,1.0,0.0,0.0,1.0,1.0,0.0
-0.5189873417721519,-1.0,0.2763750376375236,-1.0,-1.0,-1.0,0.2534768707710904,1.0,0.0,0.0,1.0,0.0,1.0,0.0,0.0,1.0,0.0
-0.5189873417721519,-1.0,-1.0,-1.0,-1.0,-1.0,-1.0,0.0,1.0,0.0,0.0,1.0,1.0,0.0,0.0,1.0,0.0
-0.36708860759493667,0.25882254572586816,-1.0,0.34743694986243523,0.3285430262449318,-1.0,0.4241285425192336,0.0,0.0,1.0,1.0,0.0,0.0,0.0,1.0,1.0,0.0
-0.189873417721519,-1.0,-1.0,-1.0,-1.0,-1.0,-1.0,0.0,1.0,0.0,0.0,1.0,1.0,0.0,0.0,1.0,0.0
-0.3924050632911392,-0.02540161897517723,-1.0,-0.22716427574925402,0.2482315786330893,-1.0,0.2379735899734854,1.0,0.0,0.0,1.0,0.0,0.0,1.0,0.0,1.0,0.0
0.1898734177215189,-1.0,0.23353091228310774,-1.0,-1.0,-0.14636646153228838,0.23271016964440183,1.0,0.0,0.0,1.0,0.0,1.0,0.0,0.0,1.0,0.0
0.21518987341772156,0.6076474407896508,-1.0,0.09486007116558381,-0.8616088449879872,-1.0,0.48099840193443866,0.0,0.0,1.0,1.0,0.0,0.0,0.0,1.0,0.0,1.0
-0.189873417721519,-1.0,-0.24450722700311545,-1.0,0.6117184262934137,-0.04691656031443692,0.5482278233784204,0.0,1.0,0.0,1.0,0.0,1.0,0.0,0.0,0.0,1.0
-0.16455696202531644,-1.0,0.7198083535451305,-1.0,0.3588049281219401,0.21093423024446079,0.7214199602172282,0.0,1.0,0.0,1.0,0.0,0.0,0.0,1.0,1.0,0.0
-0.5696202531645569,-1.0,-1.0,-1.0,-1.0,-1.0,-1.0,1.0,0.0,0.0,0.0,1.0,1.0,0.0,0.0,1.0,0.0
-0.4683544303797469,0.27014852585822124,-1.0,0.28481499889987094,-0.4343312963306818,-1.0,0.2912245882145654,0.0,0.0,1.0,1.0,0.0,0.0,1.0,0.0,1.0,0.0
-0.31645569620253167,-1.0,-1.0,-1.0,-1.0,-1.0,-1.0,0.0,0.0,1.0,0.0,1.0,0.0,0.0,1.0,1.0,0.0
-0.8481012658227848,-1.0,-1.0,-1.0,-1.0,-1.0,-1.0,0.0,0.0,1.0,0.0,1.0,0.0,0.0,1.0,1.0,0.0
0.620253164556962,-0.23979159788240956,0.4304884236275861,0.15993478632815594,-1.0,-0.4063749077027098,0.4367374788549785,1.0,0.0,0.0,1.0,0.0,0.0,0.0,1.0,1.0,0.0
-0.36708860759493667,-0.48068668872744935,0.29297244072380035,-1.0,-1.0,-1.0,0.2724428630192193,1.0,0.0,0.0,1.0,0.0,0.0,0.0,1.0,1.0,0.0
-0.9493670886075949,-1.0,-1.0,-1.0,-1.0,-1.0,-1.0,1.0,0.0,0.0,0.0,1.0,0.0,0.0,1.0,1.0,0.0
-0.3924050632911392,-1.0,-1.0,-1.0,-1.0,-1.0,-1.0,1.0,0.0,0.0,0.0,1.0,1.0,0.0,0.0,1.0,0.0
-0.5443037974683544,-1.0,-1.0,0.5444911210381829,-1.0,-1.0,0.38588461576938227,1.0,0.0,0.0,1.0,0.0,0.0,0.0,1.0,1.0,0.0
-0.11392405063291144,0.11039124575754489,0.39337439198109747,-0.1266103287679058,-1.0,-1.0,0.4031351607605127,1.0,0.0,0.0,1.0,0.0,0.0,0.0,1.0,1.0,0.0
0.139240506329114,-0.22907196358276727,0.7267420635327875,0.35551060651284305,-0.0597129406238629,-0.026568997277109152,0.7170536879547951,0.0,1.0,0.0,1.0,0.0,1.0,0.0,0.0,1.0,0.0
-0.5949367088607596,-1.0,-1.0,-1.0,-1.0,-1.0,-1.0,0.0,0.0,1.0,0.0,1.0,0.0,0.0,1.0,1.0,0.0
-0.6708860759493671,-1.0,0.245636872814333,-1.0,-1.0,-1.0,0.2232901485933092,1.0,0.0,0.0,1.0,0.0,0.0,1.0,0.0,1.0,0.0
-0.9493670886075949,-1.0,-1.0,-1.0,-1.0,-1.0,-1.0,1.0,0.0,0.0,1.0,0.0,0.0,0.0,1.0,1.0,0.0
0.4430379746835442,-1.0,-1.0,-1.0,-1.0,-1.0,-1.0,0.0,1.0,0.0,1.0,0.0,0.0,0.0,1.0,1.0,0.0
-0.6708860759493671,-0.30361240807011936,-0.1445533737642838,0.4841582622190266,-1.0,-1.0,0.34990140778026446,1.0,0.0,0.0,1.0,0.0,0.0,0.0,1.0,1.0,0.0
-0.44303797468354433,-1.0,-0.48769763572672786,0.3307115543085757,-0.5848265349639614,-1.0,0.20118603233832277,1.0,0.0,0.0,1.0,0.0,0.0,0.0,1.0,1.0,0.0
-0.31645569620253167,-0.7704042582518641,0.28614264505705234,-0.619325655453848,-1.0,-1.0,0.2648309558308517,1.0,0.0,0.0,1.0,0.0,0.0,0.0,1.0,1.0,0.0
-0.26582278481012656,0.29369575774983114,-1.0,-0.1266103287679058,-0.487891873354127,-1.0,0.20636211511482583,1.0,0.0,0.0,1.0,0.0,0.0,1.0,0.0,1.0,0.0
-0.44303797468354433,-1.0,-1.0,-1.0,-1.0,-1.0,-1.0,1.0,0.0,0.0,0.0,1.0,0.0,0.0,1.0,1.0,0.0
-0.36708860759493667,-1.0,-1.0,-1.0,-1.0,-1.0,-1.0,0.0,0.0,1.0,0.0,1.0,0.0,0.0,1.0,1.0,0.0
-0.03797468354430378,-1.0,-0.8654440222251701,-1.0,0.33135333312144577,-1.0,0.2714775917362522,1.0,0.0,0.0,1.0,0.0,0.0,0.0,1.0,1.0,0.0
-0.03797468354430378,-1.0,-1.0,-1.0,0.38293427830580895,-1.0,0.3204872940244494,1.0,0.0,0.0,1.0,0.0,0.0,0.0,1.0,1.0,0.0
-0.36708860759493667,-0.4205648609511705,-0.7308880444503403,-1.0,0.28882062867348957,-1.0,0.23594393628112487,1.0,0.0,0.0,1.0,0.0,0.0,1.0,0.0,1.0,0.0
-0.2911392405063291,-1.0,-1.0,-1.0,-1.0,-1.0,-1.0,1.0,0.0,0.0,0.0,1.0,0.0,0.0,1.0,1.0,0.0
-0.189873417721519,-1.0,-1.0,-1.0,-1.0,-1.0,-1.0,1.0,0.0,0.0,0.0,1.0,0.0,1.0,0.0,1.0,0.0
-0.4683544303797469,0.19340529891784075,-1.0,-0.363531523479411,-1.0,-1.0,0.10027140891516373,1.0,0.0,0.0,1.0,0.0,1.0,0.0,0.0,1.0,0.0
-0.16455696202531644,-1.0,-0.2990369087154182,-1.0,0.12573265381549148,0.2168067491945005,0.2579441894602117,1.0,0.0,0.0,1.0,0.0,1.0,0.0,0.0,1.0,0.0
-0.26582278481012656,-1.0,0.36433724642011867,-1.0,0.5039352566259117,0.40649383346703427,0.5842561992870925,0.0,1.0,0.0,1.0,0.0,0.0,0.0,1.0,1.0,0.0
-0.4683544303797469,-1.0,-1.0,0.31906708424337693,0.21113629047585958,-1.0,0.3024482126487391,1.0,0.0,0.0,1.0,0.0,0.0,0.0,1.0,1.0,0.0
-0.36708860759493667,0.47733435516894884,-1.0,-0.37442921457910205,0.314142344997544,-1.0,0.4406621285017269,1.0,0.0,0.0,1.0,0.0,0.0,0.0,1.0,1.0,0.0
-0.9746835443037974,-1.0,-1.0,-1.0,-1.0,-1.0,-1.0,1.0,0.0,0.0,0.0,1.0,0.0,0.0,1.0,1.0,0.0
-0.03797468354430378,-0.12127369161112489,-1.0,0.46590411074942195,-1.0,-1.0,0.32764748676776456,0.0,0.0,1.0,1.0,0.0,0.0,0.0,1.0,0.0,1.0
-1.0,-1.0,-1.0,-1.0,-1.0,-1.0,-1.0,0.0,1.0,0.0,1.0,0.0,0.0,0.0,1.0,1.0,0.0
-0.6708860759493671,-0.32729663573877876,0.30687856720861606,0.4819852610665458,0.4430478681714345,0.04917404360888722,0.5551265753015104,0.0,1.0,0.0,1.0,0.0,0.0,0.0,1.0,1.0,0.0
-0.03797468354430378,0.4637398959510497,-0.26540084045943624,0.08350944589750786,-0.7232176899759744,-1.0,0.36837725681771083,0.0,0.0,1.0,1.0,0.0,0.0,0.0,1.0,1.0,0.0
0.4683544303797469,-1.0,0.16356722383883393,-1.0,0.3053803682939378,0.249258260505149,0.40422350246668115,1.0,0.0,0.0,1.0,0.0,0.0,0.0,1.0,1.0,0.0
0.8734177215189873,-1.0,0.02261370348397551,0.35261010553316785,-1.0,-1.0,0.26830627263791507,1.0,0.0,0.0,1.0,0.0,0.0,0.0,1.0,1.0,0.0
-0.31645569620253167,-1.0,-1.0,-1.0,-1.0,-1.0,-1.0,1.0,0.0,0.0,0.0,1.0,0.0,0.0,1.0,1.0,0.0
0.08860759493670889,-1.0,-1.0,-1.0,-1.0,-1.0,-1.0,1.0,0.0,0.0,0.0,1.0,0.0,1.0,0.0,1.0,0.0
0.1898734177215189,-1.0,-1.0,-1.0,-1.0,-1.0,-1.0,0.0,1.0,0.0,0.0,1.0,0.0,0.0,1.0,1.0,0.0
0.5443037974683544,-0.11817753053138169,-1.0,0.37771520694675154,-1.0,-0.09963319400218829,0.27625580354258283,1.0,0.0,0.0,1.0,0.0,0.0,0.0,1.0,1.0,0.0
-0.3924050632911392,-1.0,-1.0,-1.0,-1.0,-1.0,-1.0,1.0,0.0,0.0,0.0,1.0,0.0,1.0,0.0,1.0,0.0
0.4177215189873418,-1.0,-1.0,-1.0,-1.0,-1.0,-1.0,0.0,1.0,0.0,0.0,1.0,0.0,0.0,1.0,1.0,0.0
-0.03797468354430378,0.09765713165137568,-0.8654440222251701,0.36501737341105134,-1.0,-1.0,0.27625580354258283,1.0,0.0,0.0,1.0,0.0,0.0,0.0,1.0,1.0,0.0
-1.0,-1.0,-1.0,-1.0,-1.0,-1.0,-1.0,1.0,0.0,0.0,0.0,1.0,0.0,0.0,1.0,1.0,0.0
0.5443037974683544,-1.0,-1.0,-1.0,-1.0,-1.0,-1.0,0.0,1.0,0.0,0.0,1.0,1.0,0.0,0.0,1.0,0.0
-0.36708860759493667,0.5047955600439005,-0.8654440222251701,0.2511415708417959,-1.0,-1.0,0.4181705366520967,1.0,0.0,0.0,1.0,0.0,0.0,0.0,1.0,1.0,0.0
-0.189873417721519,0.3954239778783091,-1.0,-1.0,-1.0,-1.0,0.2729236720284265,1.0,0.0,0.0,1.0,0.0,0.0,1.0,0.0,1.0,0.0
0.11392405063291133,-1.0,-1.0,0.4050690094291176,-0.17279732755673072,-0.7205107241502491,0.27672710334034045,1.0,0.0,0.0,1.0,0.0,0.0,0.0,1.0,1.0,0.0
-0.3417721518987342,-1.0,-1.0,-1.0,-1.0,-1.0,-1.0,0.0,1.0,0.0,0.0,1.0,0.0,0.0,1.0,1.0,0.0
0.16455696202531644,-1.0,-1.0,0.6170947346430278,0.15416147452614193,-1.0,0.47929804914913476,1.0,0.0,0.0,1.0,0.0,0.0,0.0,1.0,1.0,0.0
-0.31645569620253167,-1.0,-1.0,-1.0,-1.0,-1.0,-1.0,1.0,0.0,0.0,0.0,1.0,0.0,0.0,1.0,1.0,0.0
0.012658227848101333,-1.0,-1.0,-0.852735061170152,0.1347621265219643,0.31132235874588576,0.3095135246556546,0.0,0.0,1.0,1.0,0.0,0.0,0.0,1.0,1.0,0.0
-0.3924050632911392,-0.04611033444082724,-0.3043556864083907,0.5455242656781853,-1.0,-1.0,0.40325639489566223,1.0,0.0,0.0,1.0,0.0,1.0,0.0,0.0,1.0,0.0
-0.012658227848101333,0.3583713218914597,-1.0,-1.0,-0.2585621900439785,-1.0,0.25025923032049513,1.0,0.0,0.0,1.0,0.0,1.0,0.0,0.0,1.0,0.0
0.26582278481012667,-1.0,-1.0,0.013572007651950324,0.31163791341782243,-1.0,0.28137710633298174,1.0,0.0,0.0,1.0,0.0,1.0,0.0,0.0,1.0,0.0
-0.2911392405063291,-1.0,-1.0,-1.0,-1.0,-1.0,-1.0,0.0,0.0,1.0,0.0,1.0,0.0,0.0,1.0,1.0,0.0
-0.2911392405063291,-1.0,-0.10218528398147164,-1.0,-1.0,0.8960491091395482,0.7944764198424934,0.0,1.0,0.0,1.0,0.0,1.0,0.0,0.0,1.0,0.0
-0.189873417721519,-0.14784747667959774,0.11854809417600398,0.2974882928461491,-0.7232176899759744,-1.0,0.2806867953635208,1.0,0.0,0.0,1.0,0.0,1.0,0.0,0.0,1.0,0.0
-0.5189873417721519,-1.0,-1.0,0.009940151743722092,-0.03282785418283274,0.24966845168657859,0.2576842839378861,1.0,0.0,0.0,1.0,0.0,0.0,0.0,1.0,1.0,0.0
-0.5189873417721519,-1.0,-1.0,0.36501737341105134,-1.0,-1.0,0.224841342433032,1.0,0.0,0.0,1.0,0.0,0.0,1.0,0.0,1.0,0.0
0.16455696202531644,-1.0,-1.0,-1.0,0.18066773416892556,0.2592706900678916,0.2936089824375072,1.0,0.0,0.0,1.0,0.0,0.0,0.0,1.0,1.0,0.0
-0.620253164556962,-0.06909909707364958,0.15003574098845784,0.07958702562224951,-0.6422640538624581,-1.0,0.22699202551254238,1.0,0.0,0.0,1.0,0.0,0.0,1.0,0.0,1.0,0.0
-0.36708860759493667,-1.0,-1.0,-1.0,-1.0,-1.0,-1.0,0.0,0.0,1.0,0.0,1.0,0.0,0.0,1.0,1.0,0.0
0.5443037974683544,0.55599585421344,-1.0,-1.0,-1.0,-0.5570199784244338,0.4202881689203908,0.0,0.0,1.0,1.0,0.0,0.0,0.0,1.0,1.0,0.0
-0.21518987341772156,-1.0,-1.0,-1.0,-1.0,-1.0,-1.0,0.0,1.0,0.0,0.0,1.0,0.0,0.0,1.0,1.0,0.0
-0.11392405063291144,-1.0,-1.0,-1.0,-1.0,-1.0,-1.0,0.0,1.0,0.0,0.0,1.0,0.0,0.0,1.0,1.0,0.0
-0.5189873417721519,-1.0,-1.0,-1.0,-1.0,-1.0,-1.0,1.0,0.0,0.0,0.0,1.0,0.0,1.0,0.0,1.0,0.0
-0.9240506329113924,-1.0,-1.0,-1.0,-1.0,-1.0,-1.0,1.0,0.0,0.0,1.0,0.0,1.0,0.0,0.0,1.0,0.0
-0.3924050632911392,-1.0,-1.0,0.14398118940725824,-1.0,0.2702944687823994,0.2650813047454863,1.0,0.0,0.0,1.0,0.0,0.0,0.0,1.0,1.0,0.0
0.2911392405063291,0.5510550318857601,-1.0,-0.385916249737544,-1.0,-1.0,0.4168208625468337,0.0,0.0,1.0,1.0,0.0,0.0,0.0,1.0,1.0,0.0
0.11392405063291133,-1.0,0.5068177221103183,-0.558205183510456,0.33857811484289857,0.8742052492153143,0.8209344899957609,0.0,1.0,0.0,1.0,0.0,0.0,0.0,1.0,1.0,0.0
0.08860759493670889,-1.0,-1.0,-1.0,-1.0,-1.0,-1.0,1.0,0.0,0.0,0.0,1.0,0.0,0.0,1.0,1.0,0.0
-0.012658227848101333,-0.37393074834497464,-0.10029138367294643,-1.0,0.3018826514011044,-1.0,0.27435886579108937,1.0,0.0,0.0,1.0,0.0,0.0,0.0,1.0,1.0,0.0
-0.5949367088607596,-1.0,-0.3333832713674393,-1.0,0.32699329349882134,-0.6755229990923698,0.2753096940518822,1.0,0.0,0.0,1.0,0.0,0.0,0.0,1.0,1.0,0.0
-0.5189873417721519,-1.0,-1.0,-1.0,-1.0,-1.0,-1.0,0.0,0.0,1.0,0.0,1.0,1.0,0.0,0.0,1.0,0.0
-0.7721518987341772,-1.0,-1.0,-1.0,-1.0,-1.0,-1.0,0.0,1.0,0.0,1.0,0.0,1.0,0.0,0.0,1.0,0.0
-0.31645569620253167,-1.0,-1.0,-0.7665905942836959,0.37817561253651455,-1.0,0.3163263205488358,1.0,0.0,0.0,1.0,0.0,0.0,0.0,1.0,1.0,0.0
-0.2911392405063291,-1.0,0.4639129619343094,-1.0,-0.8616088449879872,0.6986148633222748,0.6721207485061063,0.0,1.0,0.0,1.0,0.0,0.0,0.0,1.0,1.0,0.0
0.1898734177215189,-0.8551412152377926,0.28118825714827644,-0.28458972591597387,-0.1276125013172802,0.6436137184128261,0.5955459349998025,0.0,1.0,0.0,1.0,0.0,0.0,0.0,1.0,1.0,0.0
-0.3924050632911392,-1.0,-1.0,-1.0,-1.0,-1.0,-1.0,1.0,0.0,0.0,0.0,1.0,0.0,1.0,0.0,1.0,0.0
-0.5949367088607596,-1.0,-1.0,-1.0,-1.0,-1.0,-1.0,1.0,0.0,0.0,0.0,1.0,0.0,0.0,1.0,1.0,0.0
-0.4683544303797469,-0.48068668872744935,0.4165349620524956,-1.0,-1.0,-1.0,0.39253782207802046,1.0,0.0,0.0,1.0,0.0,0.0,0.0,1.0,1.0,0.0
-0.08860759493670889,0.4425838443477166,0.21660928785528455,-1.0,-0.5848265349639614,0.44243410430663377,0.5136624457482752,0.0,1.0,0.0,1.0,0.0,0.0,0.0,1.0,1.0,0.0
-1.0,-1.0,-1.0,-1.0,-1.0,-1.0,-1.0,1.0,0.0,0.0,0.0,1.0,0.0,0.0,1.0,1.0,0.0
-0.3417721518987342,-1.0,-0.33974853807377825,-1.0,0.32438337093510894,-1.0,0.2717193681429104,1.0,0.0,0.0,1.0,0.0,0.0,0.0,1.0,1.0,0.0
0.139240506329114,0.416440370295625,-1.0,0.5366548876551276,-1.0,-1.0,0.47242513298114597,0.0,0.0,1.0,1.0,0.0,0.0,0.0,1.0,1.0,0.0
-0.31645569620253167,-0.6636483178693894,-1.0,0.4445165092036556,0.08574642978544778,-1.0,0.340198753687325,0.0,0.0,1.0,1.0,0.0,0.0,0.0,1.0,1.0,0.0
0.21518987341772156,-1.0,-1.0,-1.0,-1.0,-1.0,-1.0,1.0,0.0,0.0,0.0,1.0,0.0,0.0,1.0,1.0,0.0
-0.31645569620253167,-0.050510224330065134,-1.0,-1.0,-1.0,0.34075541790920183,0.28947155819687853,1.0,0.0,0.0,1.0,0.0,0.0,0.0,1.0,1.0,0.0
-0.49367088607594933,-1.0,0.22312896471105326,-0.852735061170152,-1.0,0.1970601200091362,0.3018302520716756,1.0,0.0,0.0,1.0,0.0,0.0,0.0,1.0,1.0,0.0
-0.5189873417721519,-1.0,-1.0,-1.0,-1.0,-1.0,-1.0,1.0,0.0,0.0,0.0,1.0,0.0,0.0,1.0,1.0,0.0
0.1898734177215189,-1.0,-1.0,-0.398060034713992,-0.7232176899759744,0.3610821147804866,0.2912245882145654,1.0,0.0,0.0,1.0,0.0,0.0,0.0,1.0,1.0,0.0
0.1898734177215189,-1.0,0.14847232387864162,-1.0,0.18651693694269644,-0.26139338063776196,0.2717193681429104,1.0,0.0,0.0,1.0,0.0,0.0,0.0,1.0,1.0,0.0
-0.7215189873417722,-1.0,-1.0,-1.0,-1.0,-1.0,-1.0,1.0,0.0,0.0,0.0,1.0,0.0,0.0,1.0,1.0,0.0
0.012658227848101333,-1.0,-1.0,0.21946720092727667,-0.8616088449879872,0.21872684843281043,0.2576842839378861,1.0,0.0,0.0,1.0,0.0,0.0,1.0,0.0,1.0,0.0
-0.16455696202531644,-1.0,0.3894828165625768,0.25751869997618204,0.6193573164199837,0.0620470683920511,0.6303554002781462,0.0,1.0,0.0,1.0,0.0,0.0,0.0,1.0,1.0,0.0
-0.08860759493670889,-0.7102824304755853,-1.0,0.2912461282371064,-0.5613104177489419,0.1345784805411463,0.25532905008367734,1.0,0.0,0.0,1.0,0.0,0.0,0.0,1.0,1.0,0.0
0.620253164556962,-1.0,-1.0,-1.0,-1.0,-1.0,-1.0,0.0,1.0,0.0,0.0,1.0,0.0,0.0,1.0,1.0,0.0
0.06329113924050622,-0.23979159788240956,0.44062304025254595,-1.0,-1.0,-1.0,0.4189534563196031,1.0,0.0,0.0,1.0,0.0,0.0,0.0,1.0,1.0,0.0
-0.189873417721519,-1.0,-0.02095396623702217,-1.0,0.7192857103558903,0.5247038178971519,0.702817809019882,0.0,1.0,0.0,1.0,0.0,1.0,0.0,0.0,1.0,0.0
0.11392405063291133,0.40113578074116885,0.047028464670980874,-0.3338379252482363,-1.0,-1.0,0.3274672118880446,0.0,0.0,1.0,1.0,0.0,0.0,0.0,1.0,1.0,0.0
-0.21518987341772156,-1.0,-1.0,-1.0,-1.0,-1.0,-1.0,0.0,0.0,1.0,0.0,1.0,0.0,0.0,1.0,1.0,0.0
-0.2405063291139241,-0.48068668872744935,0.2048406397318805,-1.0,0.5224975867806436,0.5388576209915426,0.6086545757884152,0.0,1.0,0.0,1.0,0.0,1.0,0.0,0.0,1.0,0.0
-0.4683544303797469,-1.0,-1.0,-1.0,-1.0,-1.0,-1.0,0.0,0.0,1.0,0.0,1.0,0.0,0.0,1.0,1.0,0.0
-0.11392405063291144,-1.0,-1.0,-1.0,-1.0,-1.0,-1.0,1.0,0.0,0.0,0.0,1.0,0.0,0.0,1.0,1.0,0.0
-0.06329113924050633,-1.0,-1.0,-1.0,-1.0,-1.0,-1.0,0.0,1.0,0.0,0.0,1.0,1.0,0.0,0.0,0.0,1.0
-0.11392405063291144,-0.8551412152377926,-1.0,-1.0,-1.0,0.3486827241780561,0.2755466619768592,1.0,0.0,0.0,1.0,0.0,0.0,0.0,1.0,1.0,0.0
-0.2405063291139241,0.3319413041155832,-0.48769763572672786,0.022388973954115654,-0.2585621900439785,-0.05980919208970248,0.28947155819687853,1.0,0.0,0.0,1.0,0.0,0.0,1.0,0.0,1.0,0.0
-0.2911392405063291,-0.2569782954639235,-1.0,0.5302658515630827,-0.09719672610884411,-1.0,0.39008623313173363,0.0,0.0,1.0,1.0,0.0,0.0,0.0,1.0,1.0,0.0
0.1898734177215189,-1.0,-1.0,-1.0,-1.0,-1.0,-1.0,0.0,1.0,0.0,0.0,1.0,1.0,0.0,0.0,1.0,0.0
-0.6455696202531646,-1.0,-1.0,-1.0,-1.0,-1.0,-1.0,1.0,0.0,0.0,0.0,1.0,0.0,0.0,1.0,1.0,0.0
-0.189873417721519,-1.0,-1.0,-0.17753083896430388,0.3485988101717077,-0.35927607543759066,0.3026537551711814,1.0,0.0,0.0,1.0,0.0,0.0,0.0,1.0,1.0,0.0
-0.5189873417721519,-1.0,0.0838864043612757,0.4411743980880509,-0.7806552088744709,0.1458602429317719,0.38681166497215247,1.0,0.0,0.0,1.0,0.0,0.0,0.0,1.0,1.0,0.0
-0.26582278481012656,0.1827584950947696,0.22348482776553769,-1.0,-1.0,-1.0,0.2818359288675667,1.0,0.0,0.0,1.0,0.0,0.0,0.0,1.0,1.0,0.0
0.2911392405063291,-0.057288776938810404,-1.0,-1.0,0.35410691764749336,-1.0,0.31148500728314255,1.0,0.0,0.0,1.0,0.0,0.0,0.0,1.0,1.0,0.0
0.21518987341772156,0.19547108559381954,-1.0,0.08480099028186072,0.15230419384893734,-1.0,0.2717193681429104,1.0,0.0,0.0,1.0,0.0,1.0,0.0,0.0,1.0,0.0
-0.11392405063291144,-1.0,-1.0,-1.0,-1.0,-1.0,-1.0,0.0,1.0,0.0,0.0,1.0,1.0,0.0,0.0,1.0,0.0
-0.9746835443037974,-1.0,-1.0,-1.0,-1.0,-1.0,-1.0,0.0,0.0,1.0,0.0,1.0,0.0,0.0,1.0,1.0,0.0
-0.7974683544303798,-1.0,-1.0,-1.0,-1.0,-1.0,-1.0,1.0,0.0,0.0,1.0,0.0,0.0,0.0,1.0,1.0,0.0
0.11392405063291133,-1.0,-1.0,-1.0,-1.0,-1.0,-1.0,0.0,1.0,0.0,1.0,0.0,0.0,0.0,1.0,1.0,0.0
-0.5443037974683544,0.38682689732240716,-0.399956818234266,-0.2920451714698181,-1.0,-1.0,0.27672710334034045,1.0,0.0,0.0,1.0,0.0,0.0,0.0,1.0,1.0,0.0
-0.16455696202531644,0.40744244670415797,0.2552289761901523,0.2745244453357698,-0.3828541075996944,-1.0,0.43986363237688764,0.0,0.0,1.0,1.0,0.0,1.0,0.0,0.0,1.0,0.0
-0.5696202531645569,-1.0,-1.0,-1.0,-1.0,-1.0,-1.0,1.0,0.0,0.0,0.0,1.0,0.0,1.0,0.0,1.0,0.0
-0.11392405063291144,0.642918634093006,0.024604728546544274,-1.0,-1.0,-1.0,0.5125043605687367,1.0,0.0,0.0,1.0,0.0,1.0,0.0,0.0,1.0,0.0
0.012658227848101333,-1.0,0.7043460182292529,-0.04635151241033164,0.39656539884242203,-1.0,0.705518076128187,0.0,1.0,0.0,1.0,0.0,0.0,0.0,1.0,1.0,0.0
-0.8227848101265822,-1.0,-1.0,-1.0,-1.0,-1.0,-1.0,1.0,0.0,0.0,0.0,1.0,0.0,0.0,1.0,1.0,0.0
-0.2911392405063291,-1.0,-0.22564548516224592,-1.0,0.3171612596463158,-0.6076872028904432,0.2724428630192193,1.0,0.0,0.0,1.0,0.0,0.0,0.0,1.0,1.0,0.0
-0.08860759493670889,-1.0,-1.0,-1.0,-1.0,-1.0,-1.0,1.0,0.0,0.0,0.0,1.0,0.0,0.0,1.0,1.0,0.0
-0.4177215189873418,-1.0,-1.0,-0.5865750491295142,-0.3143830504493078,0.06919344832830521,0.042434654909338176,1.0,0.0,0.0,1.0,0.0,0.0,0.0,1.0,1.0,0.0
0.26582278481012667,-1.0,-0.09841578220421965,-1.0,0.09507389472310401,0.8174172582504482,0.7263350463527543,0.0,1.0,0.0,1.0,0.0,1.0,0.0,0.0,1.0,0.0
-0.44303797468354433,-1.0,0.6200007579355278,-0.29977178285108796,0.5591425568781243,0.23915465685967252,0.6922836394299825,0.0,1.0,0.0,1.0,0.0,1.0,0.0,0.0,1.0,0.0
-0.08860759493670889,-0.4484711928323267,0.4171914497997642,-0.852735061170152,0.4519796682174271,0.5279246417588939,0.6194435182536935,0.0,1.0,0.0,1.0,0.0,1.0,0.0,0.0,1.0,0.0
0.240506329113924,-1.0,-0.18089548522761634,0.14004666220565287,-0.7806552088744709,0.4665997937285795,0.42084155296962034,1.0,0.0,0.0,1.0,0.0,0.0,0.0,1.0,1.0,0.0
-0.5443037974683544,0.39436848548115155,-1.0,-0.7665905942836959,-1.0,-0.3960337232426189,0.27696231702976926,1.0,0.0,0.0,1.0,0.0,0.0,0.0,1.0,1.0,0.0
-0.3417721518987342,0.2725315283072036,-1.0,-1.0,-1.0,0.23742037609112887,0.29744751488910315,1.0,0.0,0.0,1.0,0.0,0.0,0.0,1.0,1.0,0.0
-0.3924050632911392,0.07817574986242226,-1.0,-0.42465199542280296,-1.0,0.29101752530043634,0.27220200301106146,1.0,0.0,0.0,1.0,0.0,0.0,0.0,1.0,1.0,0.0
-0.06329113924050633,0.19819408242775594,-0.3043556864083907,0.2812697228848282,-0.5212452626117072,-1.0,0.2668246019327365,1.0,0.0,0.0,1.0,0.0,0.0,1.0,0.0,1.0,0.0
-0.5443037974683544,-1.0,-1.0,-1.0,-1.0,-1.0,-1.0,0.0,1.0,0.0,0.0,1.0,0.0,0.0,1.0,1.0,0.0
0.1898734177215189,0.33371690570915824,-1.0,-0.17753083896430388,-0.7232176899759744,-0.1957853297117753,0.24726124518980264,1.0,0.0,0.0,1.0,0.0,0.0,0.0,1.0,1.0,0.0
0.06329113924050622,-1.0,-1.0,-1.0,-1.0,-1.0,-1.0,1.0,0.0,0.0,0.0,1.0,0.0,0.0,1.0,1.0,0.0
-0.03797468354430378,-1.0,0.34593855492575765,-0.3247957777941519,-1.0,-1.0,0.3260188427478288,1.0,0.0,0.0,1.0,0.0,0.0,0.0,1.0,1.0,0.0
0.11392405063291133,-1.0,-1.0,-1.0,-1.0,-1.0,-1.0,1.0,0.0,0.0,0.0,1.0,0.0,0.0,1.0,1.0,0.0
0.11392405063291133,-0.07154341792518581,-1.0,0.21809649683768728,-1.0,0.42603409973173667,0.4031351607605127,1.0,0.0,0.0,1.0,0.0,0.0,0.0,1.0,1.0,0.0
-0.36708860759493667,-1.0,-1.0,-1.0,-1.0,-1.0,-1.0,0.0,1.0,0.0,0.0,1.0,0.0,0.0,1.0,1.0,0.0
-0.3417721518987342,-1.0,-1.0,-1.0,-1.0,-1.0,-1.0,1.0,0.0,0.0,0.0,1.0,0.0,1.0,0.0,1.0,0.0
-0.189873417721519,-1.0,0.38978495396498203,-1.0,0.6005737167312668,0.17218043844815223,0.6098885002974568,0.0,1.0,0.0,1.0,0.0,0.0,0.0,1.0,1.0,0.0
-0.2911392405063291,-1.0,0.00914909649701734,0.3274491731719267,-1.0,-1.0,0.2480835642409187,1.0,0.0,0.0,1.0,0.0,0.0,0.0,1.0,1.0,0.0
-0.6455696202531646,-1.0,-1.0,-1.0,-1.0,-1.0,-1.0,1.0,0.0,0.0,0.0,1.0,0.0,1.0,0.0,1.0,0.0
0.7721518987341771,-1.0,-1.0,-1.0,-1.0,-1.0,-1.0,0.0,1.0,0.0,0.0,1.0,0.0,0.0,1.0,1.0,0.0
-0.21518987341772156,-1.0,0.4183675618973053,-0.10042851953193221,-0.6114869098077889,-1.0,0.40216250216539096,1.0,0.0,0.0,1.0,0.0,0.0,0.0,1.0,1.0,0.0
-0.31645569620253167,-1.0,-1.0,-1.0,-1.0,-1.0,-1.0,0.0,1.0,0.0,0.0,1.0,0.0,0.0,1.0,1.0,0.0
-0.8734177215189873,-1.0,-1.0,-1.0,-1.0,-1.0,-1.0,0.0,1.0,0.0,0.0,1.0,1.0,0.0,0.0,1.0,0.0
-0.3417721518987342,-1.0,0.21917080040864234,0.6272552707139218,-0.5212452626117072,0.2549263537920279,0.5366667638831213,0.0,1.0,0.0,1.0,0.0,0.0,0.0,1.0,1.0,0.0
0.8227848101265822,-1.0,-1.0,-1.0,-1.0,-1.0,-1.0,0.0,0.0,1.0,0.0,1.0,0.0,0.0,1.0,1.0,0.0
-0.3417721518987342,0.1827584950947696,0.5778327500299103,0.35040844441169616,0.07135055773542098,0.27176876344083145,0.6241043264499919,0.0,1.0,0.0,1.0,0.0,1.0,0.0,0.0,1.0,0.0
-0.31645569620253167,-1.0,-0.3098243083711406,-0.3247957777941519,-1.0,0.1331228143174623,0.10726818212173739,1.0,0.0,0.0,1.0,0.0,0.0,0.0,1.0,1.0,0.0
-0.189873417721519,0.08641856110671231,-0.3675277377538795,0.35370243902908904,-1.0,-1.0,0.27196083830957996,1.0,0.0,0.0,1.0,0.0,0.0,0.0,1.0,1.0,0.0
-0.5949367088607596,0.07697121021425968,-1.0,0.237782643424993,-0.5402745340816825,-1.0,0.1922341215697405,0.0,0.0,1.0,1.0,0.0,0.0,0.0,1.0,1.0,0.0
-0.5443037974683544,-1.0,-0.42841595991199644,-0.08556522994385873,0.5306089913167138,-0.3431387535006696,0.47158009316180394,1.0,0.0,0.0,1.0,0.0,0.0,0.0,1.0,1.0,0.0
0.11392405063291133,-1.0,-1.0,-1.0,-1.0,-1.0,-1.0,1.0,0.0,0.0,0.0,1.0,0.0,1.0,0.0,1.0,0.0
-0.5189873417721519,-1.0,-1.0,-1.0,-1.0,-1.0,-1.0,1.0,0.0,0.0,0.0,1.0,0.0,0.0,1.0,1.0,0.0
0.3924050632911391,0.3016781430595834,-1.0,0.3012404150350836,-1.0,-1.0,0.30971159290318373,1.0,0.0,0.0,1.0,0.0,0.0,0.0,1.0,1.0,0.0
-0.6708860759493671,-1.0,0.373250489640393,-1.0,-1.0,-1.0,0.3486143772643635,1.0,0.0,0.0,1.0,0.0,0.0,1.0,0.0,1.0,0.0
0.16455696202531644,-1.0,-1.0,-1.0,-1.0,-1.0,-1.0,0.0,0.0,1.0,0.0,1.0,0.0,0.0,1.0,1.0,0.0
-0.2911392405063291,-1.0,0.35481430619229526,-1.0,-1.0,-0.6387653512873415,0.3313944057831548,1.0,0.0,0.0,1.0,0.0,0.0,0.0,1.0,1.0,0.0
-0.08860759493670889,-1.0,-0.6222536135015577,-1.0,-0.8616088449879872,0.4616494844464627,0.3830761089306518,0.0,1.0,0.0,1.0,0.0,0.0,0.0,1.0,1.0,0.0
-0.4683544303797469,0.3506894628866053,-1.0,0.05734887294491897,-0.07080780777595519,-1.0,0.2944686937979426,1.0,0.0,0.0,1.0,0.0,0.0,0.0,1.0,1.0,0.0
-0.49367088607594933,0.6099231843343877,-1.0,-1.0,-0.1083536079323586,-1.0,0.47585115878713924,1.0,0.0,0.0,1.0,0.0,0.0,0.0,1.0,1.0,0.0
-0.8987341772151899,-1.0,-1.0,-1.0,-1.0,-1.0,-1.0,1.0,0.0,0.0,1.0,0.0,0.0,0.0,1.0,1.0,0.0
-0.8987341772151899,-1.0,-1.0,-1.0,-1.0,-1.0,-1.0,1.0,0.0,0.0,1.0,0.0,1.0,0.0,0.0,1.0,0.0
0.012658227848101333,-1.0,-1.0,-1.0,-1.0,-1.0,-1.0,0.0,1.0,0.0,0.0,1.0,1.0,0.0,0.0,1.0,0.0
-0.3924050632911392,-1.0,-1.0,-1.0,-1.0,-1.0,-1.0,0.0,1.0,0.0,0.0,1.0,0.0,0.0,1.0,1.0,0.0
-0.5443037974683544,-1.0,0.2162405826317031,-1.0,-1.0,-0.10432198431045847,0.2226661196528228,1.0,0.0,0.0,1.0,0.0,0.0,1.0,0.0,1.0,0.0
-0.5949367088607596,-1.0,-1.0,-0.021592924618517917,-1.0,0.3412763714190281,0.2912245882145654,1.0,0.0,0.0,1.0,0.0,0.0,1.0,0.0,1.0,0.0
-1.0,-1.0,-1.0,-1.0,-1.0,-1.0,-1.0,0.0,0.0,1.0,1.0,0.0,0.0,0.0,1.0,1.0,0.0
-0.5696202531645569,-1.0,-1.0,-1.0,-1.0,-1.0,-1.0,1.0,0.0,0.0,0.0,1.0,0.0,0.0,1.0,1.0,0.0
-0.4177215189873418,-1.0,-0.2938599821371666,0.4355670236963538,-0.5402745340816825,-0.8602553620751245,0.29829012696182167,1.0,0.0,0.0,1.0,0.0,0.0,0.0,1.0,1.0,0.0
-0.3924050632911392,-0.043944646144286614,0.23951463662514794,-0.45505497126441197,-1.0,-1.0,0.24917450095814808,1.0,0.0,0.0,1.0,0.0,0.0,1.0,0.0,1.0,0.0
0.31645569620253156,-1.0,-1.0,-1.0,-1.0,-1.0,-1.0,1.0,0.0,0.0,0.0,1.0,0.0,1.0,0.0,1.0,0.0
-0.36708860759493667,-1.0,-1.0,-1.0,-1.0,-1.0,-1.0,1.0,0.0,0.0,0.0,1.0,0.0,1.0,0.0,1.0,0.0
0.26582278481012667,-1.0,-1.0,-1.0,-1.0,-1.0,-1.0,1.0,0.0,0.0,0.0,1.0,0.0,0.0,1.0,1.0,0.0
-0.49367088607594933,-1.0,-1.0,-1.0,-1.0,-1.0,-1.0,1.0,0.0,0.0,1.0,0.0,0.0,0.0,1.0,1.0,0.0
-0.5696202531645569,-1.0,-1.0,-1.0,-1.0,-1.0,-1.0,0.0,1.0,0.0,0.0,1.0,0.0,0.0,1.0,1.0,0.0
-0.26582278481012656,-1.0,-1.0,-1.0,-1.0,-1.0,-1.0,1.0,0.0,0.0,0.0,1.0,0.0,1.0,0.0,1.0,0.0
-0.21518987341772156,0.7037640184503495,-1.0,0.1581188915390508,-1.0,-1.0,0.5665265356209195,0.0,0.0,1.0,1.0,0.0,0.0,0.0,1.0,1.0,0.0
-0.21518987341772156,-0.09220091735077918,-1.0,0.6535227548075753,-0.07464746905468156,-0.35927607543759066,0.49905844528648013,0.0,0.0,1.0,1.0,0.0,0.0,0.0,1.0,1.0,0.0
-0.31645569620253167,-1.0,-1.0,-1.0,-1.0,-1.0,-1.0,1.0,0.0,0.0,0.0,1.0,0.0,1.0,0.0,1.0,0.0
0.012658227848101333,-1.0,-1.0,-1.0,-1.0,-1.0,-1.0,0.0,0.0,1.0,0.0,1.0,0.0,0.0,1.0,1.0,0.0
-0.36708860759493667,-1.0,-1.0,-1.0,-1.0,-1.0,-1.0,0.0,1.0,0.0,0.0,1.0,1.0,0.0,0.0,1.0,0.0
-0.6455696202531646,-1.0,-1.0,-1.0,-1.0,-1.0,-1.0,1.0,0.0,0.0,0.0,1.0,0.0,0.0,1.0,1.0,0.0
0.139240506329114,-1.0,-1.0,-1.0,-1.0,-1.0,-1.0,1.0,0.0,0.0,0.0,1.0,0.0,1.0,0.0,1.0,0.0
-0.5189873417721519,-1.0,-0.6521778432041954,-0.658061401139107,0.2568890958242076,0.10410377137393612,0.2717193681429104,1.0,0.0,0.0,1.0,0.0,0.0,0.0,1.0,1.0,0.0
-0.6455696202531646,-1.0,-1.0,-1.0,-1.0,-1.0,-1.0,1.0,0.0,0.0,0.0,1.0,0.0,0.0,1.0,1.0,0.0
-0.3417721518987342,-1.0,-1.0,-1.0,-1.0,-1.0,-1.0,1.0,0.0,0.0,0.0,1.0,0.0,0.0,1.0,1.0,0.0
-0.4177215189873418,-1.0,0.23046843128090178,-1.0,-0.2845281077249162,0.05678282947290603,0.2717193681429104,1.0,0.0,0.0,1.0,0.0,0.0,0.0,1.0,1.0,0.0
-0.36708860759493667,-0.14088059653679108,-1.0,-1.0,-1.0,0.3420552863458901,0.2832058078475965,1.0,0.0,0.0,1.0,0.0,0.0,1.0,0.0,1.0,0.0
-0.8734177215189873,-1.0,-1.0,-1.0,-1.0,-1.0,-1.0,0.0,0.0,1.0,1.0,0.0,0.0,0.0,1.0,1.0,0.0
-0.4683544303797469,0.2347128267998022,0.09522529087045872,-1.0,-1.0,0.006115605006896452,0.2731636225586538,1.0,0.0,0.0,1.0,0.0,0.0,0.0,1.0,1.0,0.0
-0.3924050632911392,-1.0,-1.0,0.362244630670816,-0.27373324999522164,-1.0,0.23359755994066989,1.0,0.0,0.0,1.0,0.0,1.0,0.0,0.0,1.0,0.0
-0.11392405063291144,-0.09770089399064286,0.656581145716288,-1.0,0.3568050159106644,0.5260607557918602,0.7130151901105424,0.0,1.0,0.0,1.0,0.0,1.0,0.0,0.0,1.0,0.0
0.3924050632911391,-1.0,0.06633089510487356,-1.0,0.232634877091898,-0.7205107241502491,0.255592184247051,1.0,0.0,0.0,1.0,0.0,0.0,0.0,1.0,1.0,0.0
-0.6455696202531646,0.20938661473194053,-1.0,-0.363531523479411,0.2435610444172751,-0.7785099892122169,0.2865880492117525,1.0,0.0,0.0,1.0,0.0,1.0,0.0,0.0,1.0,0.0
-0.620253164556962,-0.2453649161795992,0.30757145280511056,-1.0,-1.0,-1.0,0.29209509507457176,1.0,0.0,0.0,1.0,0.0,1.0,0.0,0.0,1.0,0.0
-0.3417721518987342,-1.0,-1.0,-1.0,-1.0,-1.0,-1.0,0.0,1.0,0.0,0.0,1.0,0.0,0.0,1.0,1.0,0.0
-0.49367088607594933,-1.0,-1.0,-1.0,0.16142250136579173,0.38401438258314946,0.3658871012374201,1.0,0.0,0.0,1.0,0.0,1.0,0.0,0.0,1.0,0.0
-0.189873417721519,0.6345383135440372,-1.0,-1.0,-0.017695141726769226,-0.6755229990923698,0.5014628884518497,0.0,0.0,1.0,1.0,0.0,0.0,0.0,1.0,0.0,1.0
-0.31645569620253167,-1.0,-1.0,-1.0,-1.0,-1.0,-1.0,0.0,0.0,1.0,1.0,0.0,0.0,0.0,1.0,1.0,0.0
0.36708860759493667,-1.0,-1.0,-1.0,-1.0,-1.0,-1.0,0.0,1.0,0.0,1.0,0.0,0.0,0.0,1.0,1.0,0.0
0.08860759493670889,-1.0,-1.0,-1.0,-1.0,-1.0,-1.0,1.0,0.0,0.0,0.0,1.0,1.0,0.0,0.0,1.0,0.0
0.26582278481012667,-1.0,-1.0,-1.0,-1.0,-1.0,-1.0,0.0,1.0,0.0,0.0,1.0,0.0,0.0,1.0,1.0,0.0
-0.5949367088607596,-1.0,-1.0,-1.0,-1.0,-1.0,-1.0,1.0,0.0,0.0,0.0,1.0,0.0,1.0,0.0,1.0,0.0
0.2911392405063291,0.08985404203759484,-1.0,-0.852735061170152,-1.0,0.41261209016721323,0.36514846927468536,1.0,0.0,0.0,1.0,0.0,1.0,0.0,0.0,1.0,0.0
-0.9746835443037974,-1.0,-1.0,-1.0,-1.0,-1.0,-1.0,0.0,0.0,1.0,1.0,0.0,0.0,0.0,1.0,1.0,0.0
0.03797468354430378,-1.0,-1.0,-1.0,-1.0,-1.0,-1.0,0.0,0.0,1.0,0.0,1.0,0.0,0.0,1.0,1.0,0.0
-0.16455696202531644,-0.21887545108419082,0.17162722185373758,-1.0,-0.2490529531958,0.15589260594349064,0.2764915990842052,1.0,0.0,0.0,1.0,0.0,0.0,0.0,1.0,1.0,0.0
-0.7468354430379747,-1.0,-1.0,-1.0,-1.0,-1.0,-1.0,1.0,0.0,0.0,1.0,0.0,0.0,0.0,1.0,1.0,0.0
-0.189873417721519,-1.0,-0.24058541196433603,-0.7665905942836959,0.2900723959903946,-1.0,0.24643536373456643,1.0,0.0,0.0,1.0,0.0,0.0,0.0,1.0,1.0,0.0
-0.5443037974683544,-1.0,-0.3333832713674393,-1.0,0.3235936946266791,-0.6387653512873415,0.2724428630192193,1.0,0.0,0.0,1.0,0.0,0.0,0.0,1.0,1.0,0.0
-0.36708860759493667,-1.0,0.09453568715463834,0.39633661330114456,-1.0,-1.0,0.3159435078276387,0.0,0.0,1.0,1.0,0.0,0.0,0.0,1.0,0.0,1.0
-0.4177215189873418,-1.0,0.1889433951924715,0.6726501531694689,0.3610038075395192,-0.5570199784244338,0.5812308437190754,1.0,0.0,0.0,1.0,0.0,0.0,0.0,1.0,1.0,0.0
-0.6708860759493671,-1.0,-1.0,-1.0,-1.0,-1.0,-1.0,0.0,0.0,1.0,0.0,1.0,0.0,0.0,1.0,1.0,0.0
-0.9240506329113924,-1.0,-1.0,-1.0,-1.0,-1.0,-1.0,1.0,0.0,0.0,0.0,1.0,0.0,1.0,0.0,1.0,0.0
-0.5189873417721519,0.10091413861792087,0.07339070009005155,-1.0,0.0206402251632396,-1.0,0.2226661196528228,1.0,0.0,0.0,1.0,0.0,0.0,0.0,1.0,1.0,0.0
0.4430379746835442,-1.0,-1.0,-1.0,-1.0,-1.0,-1.0,0.0,1.0,0.0,0.0,1.0,1.0,0.0,0.0,1.0,0.0
-0.2405063291139241,-1.0,0.5961366340184544,-0.658061401139107,-0.011949242073952537,0.6744594645982547,0.7112165667517725,0.0,1.0,0.0,1.0,0.0,1.0,0.0,0.0,1.0,0.0
0.26582278481012667,-0.6636483178693894,0.04525563735546623,-1.0,0.5685631711754637,0.22576861997721864,0.5409523418880113,0.0,1.0,0.0,1.0,0.0,1.0,0.0,0.0,1.0,0.0
-0.44303797468354433,-1.0,-1.0,-1.0,-1.0,-1.0,-1.0,1.0,0.0,0.0,0.0,1.0,0.0,0.0,1.0,1.0,0.0
-0.06329113924050633,-0.30361240807011936,0.2588184142062677,-0.4905470142953362,0.35410691764749336,0.848004395941603,0.7764636038574992,0.0,1.0,0.0,1.0,0.0,0.0,0.0,1.0,1.0,0.0
0.03797468354430378,0.4824297100940238,0.2869134862096707,0.05140559318356708,-1.0,-1.0,0.45834253547654136,0.0,0.0,1.0,1.0,0.0,0.0,0.0,1.0,1.0,0.0
-0.26582278481012656,-0.0595980496109102,0.44690959391045215,-1.0,-1.0,-0.7205107241502491,0.4308520841755783,1.0,0.0,0.0,1.0,0.0,0.0,0.0,1.0,1.0,0.0
-0.5949367088607596,-1.0,-1.0,-0.25713760857903223,0.5645011671737405,-0.08618761960844923,0.5029773485037516,1.0,0.0,0.0,1.0,0.0,0.0,0.0,1.0,1.0,0.0
-0.49367088607594933,-1.0,-0.10995124922828536,0.3995803159554794,-0.3419656266234128,-0.061720191195029916,0.3077215887053657,1.0,0.0,0.0,1.0,0.0,0.0,0.0,1.0,1.0,0.0
-0.21518987341772156,-1.0,-1.0,-1.0,-1.0,-1.0,-1.0,1.0,0.0,0.0,0.0,1.0,0.0,1.0,0.0,1.0,0.0
0.08860759493670889,-0.19986352748682001,-0.5734676419580506,-1.0,0.2798313700528299,-0.23254297751680364,0.25025923032049513,1.0,0.0,0.0,1.0,0.0,0.0,0.0,1.0,1.0,0.0
-0.5696202531645569,-0.6255454734896567,0.2869134862096707,-1.0,-1.0,-1.0,0.2650813047454863,1.0,0.0,0.0,1.0,0.0,0.0,0.0,1.0,1.0,0.0
-0.189873417721519,0.4782217749754274,-1.0,-0.658061401139107,-1.0,-1.0,0.34909803250330795,0.0,0.0,1.0,1.0,0.0,0.0,0.0,1.0,0.0,1.0
-0.189873417721519,-1.0,-1.0,-1.0,-1.0,-1.0,-1.0,1.0,0.0,0.0,0.0,1.0,0.0,0.0,1.0,1.0,0.0
-0.3924050632911392,-1.0,-1.0,-1.0,-1.0,-1.0,-1.0,0.0,0.0,1.0,0.0,1.0,0.0,0.0,1.0,1.0,0.0
-0.012658227848101333,-1.0,-1.0,-1.0,-1.0,-1.0,-1.0,0.0,1.0,0.0,0.0,1.0,1.0,0.0,0.0,1.0,0.0
0.21518987341772156,-1.0,-1.0,0.32119381268187763,0.09672395562764535,-1.0,0.2605239402070212,1.0,0.0,0.0,1.0,0.0,0.0,1.0,0.0,1.0,0.0
-0.4683544303797469,-1.0,-1.0,-1.0,-1.0,-1.0,-1.0,0.0,1.0,0.0,0.0,1.0,1.0,0.0,0.0,1.0,0.0
-0.5696202531645569,0.032739274060491264,-1.0,0.45893763755628525,-0.3828541075996944,-1.0,0.33850415878634776,0.0,0.0,1.0,1.0,0.0,0.0,0.0,1.0,1.0,0.0
0.06329113924050622,-1.0,0.46267255361255955,-1.0,0.2672958192305801,0.0681879155898868,0.5020412451217435,0.0,1.0,0.0,1.0,0.0,0.0,0.0,1.0,1.0,0.0
0.31645569620253156,-1.0,0.4103887713674417,-1.0,0.44232158060065907,0.24843536590914317,0.5438727524151696,0.0,1.0,0.0,1.0,0.0,0.0,0.0,1.0,0.0,1.0
0.26582278481012667,-1.0,-1.0,-1.0,-1.0,-1.0,-1.0,1.0,0.0,0.0,0.0,1.0,0.0,0.0,1.0,1.0,0.0
-0.21518987341772156,0.45698845810723476,-0.48769763572672786,0.06596323116238967,-0.27905773174939197,-1.0,0.36171340929347484,0.0,0.0,1.0,1.0,0.0,1.0,0.0,0.0,1.0,0.0
-0.21518987341772156,0.06959443085128547,-1.0,0.2103953493980728,0.34341264240508407,-1.0,0.3667696985133764,0.0,0.0,1.0,1.0,0.0,0.0,0.0,1.0,1.0,0.0
0.06329113924050622,-1.0,-1.0,-1.0,-1.0,-1.0,-1.0,0.0,1.0,0.0,0.0,1.0,0.0,0.0,1.0,1.0,0.0
-0.49367088607594933,-1.0,-1.0,-1.0,-1.0,-1.0,-1.0,0.0,1.0,0.0,0.0,1.0,0.0,0.0,1.0,1.0,0.0
-0.08860759493670889,-1.0,0.2297812686452887,-1.0,0.4318659858804452,0.35534197199812145,0.5058999211693496,0.0,1.0,0.0,1.0,0.0,0.0,0.0,1.0,1.0,0.0
0.36708860759493667,-1.0,0.37779919212482604,-1.0,-0.7232176899759744,0.3020584521072389,0.4340754283781705,0.0,1.0,0.0,1.0,0.0,0.0,0.0,1.0,1.0,0.0
-0.5189873417721519,-1.0,-1.0,0.382842656936758,-0.8616088449879872,-0.283210201982813,0.250529451019313,1.0,0.0,0.0,1.0,0.0,0.0,0.0,1.0,1.0,0.0
-0.2405063291139241,-1.0,-1.0,0.41482291097248103,-1.0,-0.4063749077027098,0.27388166736646213,1.0,0.0,0.0,1.0,0.0,0.0,0.0,1.0,1.0,0.0
-0.49367088607594933,-1.0,-1.0,-1.0,-1.0,-1.0,-1.0,1.0,0.0,0.0,0.0,1.0,0.0,1.0,0.0,1.0,0.0
-0.06329113924050633,-1.0,-1.0,-1.0,-1.0,-1.0,-1.0,0.0,1.0,0.0,0.0,1.0,1.0,0.0,0.0,1.0,0.0
-0.08860759493670889,-1.0,-0.5963320666755103,0.37997370775709216,-1.0,-0.08403135417588359,0.2650813047454863,1.0,0.0,0.0,1.0,0.0,0.0,0.0,1.0,1.0,0.0
0.012658227848101333,0.5235768060957331,-0.2839027615450932,-1.0,-1.0,0.43374410758664794,0.5083598349267144,1.0,0.0,0.0,1.0,0.0,1.0,0.0,0.0,1.0,0.0
-0.44303797468354433,0.10091413861792087,-0.8654440222251701,0.3731248778362677,-0.4464353799519486,-0.3076776303962323,0.29252886243144127,0.0,0.0,1.0,1.0,0.0,0.0,1.0,0.0,1.0,0.0
-0.8734177215189873,-1.0,-1.0,-1.0,-1.0,-1.0,-1.0,0.0,0.0,1.0,0.0,1.0,0.0,0.0,1.0,1.0,0.0
-0.26582278481012656,-1.0,-1.0,-1.0,-1.0,-1.0,-1.0,0.0,0.0,1.0,0.0,1.0,0.0,0.0,1.0,1.0,0.0
-0.44303797468354433,-0.4988709397562451,-1.0,0.3677543954435718,-1.0,-0.10196395864476704,0.25427286637886715,1.0,0.0,0.0,1.0,0.0,1.0,0.0,0.0,1.0,0.0
-0.8987341772151899,-1.0,-1.0,-1.0,-1.0,-1.0,-1.0,1.0,0.0,0.0,1.0,0.0,0.0,0.0,1.0,1.0,0.0
-0.03797468354430378,-1.0,-1.0,-1.0,-1.0,-1.0,-1.0,0.0,0.0,1.0,0.0,1.0,0.0,0.0,1.0,1.0,0.0
-0.8734177215189873,-1.0,-1.0,-1.0,-1.0,-1.0,-1.0,1.0,0.0,0.0,0.0,1.0,0.0,0.0,1.0,1.0,0.0
-0.44303797468354433,0.035703679088540996,-0.45000744077727617,-1.0,0.03457538407335736,0.17338049494453656,0.2408361162931747,1.0,0.0,0.0,1.0,0.0,0.0,1.0,0.0,1.0,0.0
0.03797468354430378,-1.0,-1.0,-1.0,-1.0,-1.0,-1.0,0.0,1.0,0.0,0.0,1.0,1.0,0.0,0.0,1.0,0.0
-0.5696202531645569,0.5244303963242167,-1.0,-1.0,-0.23558788112085693,-0.4287989852180887,0.3983458678786005,1.0,0.0,0.0,1.0,0.0,0.0,0.0,1.0,1.0,0.0
-0.44303797468354433,-0.03967945625997338,-1.0,-0.182003812532737,0.2906953488609503,-1.0,0.27099311708899076,1.0,0.0,0.0,1.0,0.0,0.0,0.0,1.0,1.0,0.0
-0.1392405063291139,-1.0,-1.0,-1.0,-1.0,-1.0,-1.0,0.0,0.0,1.0,0.0,1.0,0.0,0.0,1.0,1.0,0.0
-0.36708860759493667,0.4108927829822655,-1.0,0.22552823183998116,-1.0,-1.0,0.3474810535889217,0.0,0.0,1.0,1.0,0.0,0.0,0.0,1.0,0.0,1.0
-0.620253164556962,-1.0,-1.0,-1.0,-1.0,-1.0,-1.0,1.0,0.0,0.0,0.0,1.0,1.0,0.0,0.0,1.0,0.0
-0.3924050632911392,-1.0,-1.0,-1.0,-1.0,-1.0,-1.0,0.0,1.0,0.0,0.0,1.0,1.0,0.0,0.0,1.0,0.0
-0.36708860759493667,-1.0,-1.0,-1.0,-1.0,-1.0,-1.0,0.0,1.0,0.0,0.0,1.0,1.0,0.0,0.0,1.0,0.0
-0.31645569620253167,-0.8551412152377926,0.14046059916249742,0.4087443627742866,-1.0,-1.0,0.33748012407112005,1.0,0.0,0.0,1.0,0.0,0.0,0.0,1.0,1.0,0.0
-0.2911392405063291,-1.0,-1.0,-1.0,0.25090643898817766,0.5210044683054118,0.48498684596487873,1.0,0.0,0.0,1.0,0.0,0.0,0.0,1.0,1.0,0.0
-0.44303797468354433,-0.7704042582518641,-0.09655812935016594,0.27557622172610907,-1.0,-1.0,0.1889056838905807,1.0,0.0,0.0,1.0,0.0,0.0,1.0,0.0,1.0,0.0
-0.5189873417721519,-1.0,-0.15178861775088115,0.42073237503538574,-1.0,-0.5807660862253737,0.29403932273558775,1.0,0.0,0.0,1.0,0.0,0.0,0.0,1.0,1.0,0.0
-0.620253164556962,-1.0,-1.0,-1.0,-1.0,-1.0,-1.0,1.0,0.0,0.0,0.0,1.0,0.0,0.0,1.0,1.0,0.0
-0.5949367088607596,-1.0,-1.0,-1.0,-1.0,-1.0,-1.0,1.0,0.0,0.0,0.0,1.0,1.0,0.0,0.0,1.0,0.0
-0.6708860759493671,-1.0,-1.0,-1.0,-1.0,0.4762832454623134,0.39596830325818133,1.0,0.0,0.0,1.0,0.0,0.0,0.0,1.0,1.0,0.0
-0.31645569620253167,-1.0,-1.0,-1.0,-1.0,-1.0,-1.0,0.0,1.0,0.0,0.0,1.0,0.0,0.0,1.0,0.0,1.0
0.08860759493670889,-1.0,0.2012858930445678,-1.0,-1.0,0.5750449462206961,0.5235869976719665,0.0,1.0,0.0,1.0,0.0,1.0,0.0,0.0,0.0,1.0
-0.8734177215189873,-1.0,-1.0,-1.0,-1.0,-1.0,-1.0,1.0,0.0,0.0,0.0,1.0,0.0,0.0,1.0,1.0,0.0
-0.36708860759493667,0.20221318803234833,-0.7867338209790253,0.3757600545267661,-0.09503825932377863,-1.0,0.3274672118880446,0.0,0.0,1.0,1.0,0.0,0.0,0.0,1.0,1.0,0.0
-0.9493670886075949,-1.0,-1.0,-1.0,-1.0,-1.0,-1.0,1.0,0.0,0.0,0.0,1.0,0.0,0.0,1.0,1.0,0.0
0.03797468354430378,0.34905290753516605,-1.0,-0.558205183510456,-1.0,-1.0,0.23271016964440183,1.0,0.0,0.0,1.0,0.0,1.0,0.0,0.0,1.0,0.0
-0.2911392405063291,-1.0,0.5976428821143038,-1.0,0.7015462310421985,0.8892623361656562,0.8928822478226277,0.0,1.0,0.0,1.0,0.0,1.0,0.0,0.0,1.0,0.0
-0.26582278481012656,0.5074302110713749,-0.40898743448058295,-1.0,-0.47309575479577604,-1.0,0.37967778951508313,1.0,0.0,0.0,1.0,0.0,0.0,0.0,1.0,1.0,0.0
-0.5443037974683544,-1.0,-1.0,-1.0,-1.0,-1.0,-1.0,0.0,1.0,0.0,0.0,1.0,0.0,0.0,1.0,1.0,0.0
0.36708860759493667,-1.0,-1.0,-1.0,-1.0,-1.0,-1.0,1.0,0.0,0.0,0.0,1.0,0.0,0.0,1.0,1.0,0.0
-0.08860759493670889,-1.0,-1.0,0.5550260213177107,-0.0597129406238629,-0.038187539100768886,0.42205337293099987,1.0,0.0,0.0,1.0,0.0,0.0,0.0,1.0,1.0,0.0
-0.5443037974683544,-1.0,-1.0,-1.0,-1.0,-1.0,-1.0,1.0,0.0,0.0,1.0,0.0,0.0,0.0,1.0,1.0,0.0
0.6455696202531644,0.6968491623107729,-0.8654440222251701,-0.45505497126441197,-1.0,-1.0,0.5486239893804752,0.0,0.0,1.0,1.0,0.0,0.0,0.0,1.0,1.0,0.0
-0.21518987341772156,-1.0,-1.0,-1.0,0.3441278296762278,-0.3281979270406924,0.28947155819687853,1.0,0.0,0.0,1.0,0.0,0.0,0.0,1.0,1.0,0.0
0.012658227848101333,-1.0,-1.0,-1.0,-1.0,-1.0,-1.0,1.0,0.0,0.0,0.0,1.0,0.0,0.0,1.0,1.0,0.0
-0.5189873417721519,-0.6255454734896567,0.2623426848332051,-1.0,-0.03760074042528205,0.22760561579467975,0.35713781355009666,1.0,0.0,0.0,1.0,0.0,0.0,0.0,1.0,1.0,0.0
-0.2911392405063291,-0.5408085165037282,-1.0,0.7594680228287085,-1.0,-0.5357783611674942,0.5796038803261085,1.0,0.0,0.0,1.0,0.0,0.0,0.0,1.0,1.0,0.0
-0.2405063291139241,-1.0,-1.0,-1.0,-1.0,-1.0,-1.0,1.0,0.0,0.0,0.0,1.0,0.0,0.0,1.0,1.0,0.0
-0.03797468354430378,-1.0,0.2744705196381432,-0.21626658464956294,-0.17279732755673072,-1.0,0.27696231702976926,1.0,0.0,0.0,1.0,0.0,0.0,0.0,1.0,1.0,0.0
-0.620253164556962,0.2248284259001314,-1.0,-0.03930804758854023,0.05684130163020984,-1.0,0.23181862941739362,1.0,0.0,0.0,1.0,0.0,1.0,0.0,0.0,1.0,0.0
-0.31645569620253167,-1.0,-0.7308880444503403,-1.0,-0.7806552088744709,0.3767291027194255,0.30285907632306674,1.0,0.0,0.0,1.0,0.0,0.0,0.0,1.0,1.0,0.0
-0.8227848101265822,-1.0,-1.0,-1.0,-1.0,-1.0,-1.0,1.0,0.0,0.0,1.0,0.0,0.0,0.0,1.0,1.0,0.0
-0.5696202531645569,-0.7704042582518641,-0.3154514630024463,-0.025885159429180238,0.2612613048412311,-1.0,0.24505089380751643,1.0,0.0,0.0,1.0,0.0,0.0,0.0,1.0,1.0,0.0
0.4430379746835442,0.3016781430595834,-1.0,-0.852735061170152,0.03569390931272509,-1.0,0.24505089380751643,1.0,0.0,0.0,1.0,0.0,0.0,1.0,0.0,1.0,0.0
-0.11392405063291144,-1.0,0.2845917187632876,-1.0,-1.0,0.5756966119068634,0.5401856498339992,0.0,1.0,0.0,1.0,0.0,0.0,0.0,1.0,1.0,0.0
-0.06329113924050633,-1.0,-1.0,-1.0,-1.0,-1.0,-1.0,0.0,1.0,0.0,0.0,1.0,0.0,0.0,1.0,1.0,0.0
0.08860759493670889,-1.0,-1.0,0.5095095695006642,-0.7806552088744709,-1.0,0.3548081633243447,1.0,0.0,0.0,1.0,0.0,0.0,0.0,1.0,1.0,0.0
-0.31645569620253167,0.047157890771564404,-1.0,0.4430906085698798,-0.5402745340816825,-1.0,0.3260188427478288,0.0,0.0,1.0,1.0,0.0,0.0,0.0,1.0,0.0,1.0
0.3924050632911391,-1.0,-1.0,-1.0,-1.0,-1.0,-1.0,0.0,0.0,1.0,0.0,1.0,0.0,0.0,1.0,1.0,0.0
-0.9240506329113924,-1.0,-1.0,-1.0,-1.0,-1.0,-1.0,0.0,0.0,1.0,1.0,0.0,0.0,0.0,1.0,1.0,0.0
-0.5696202531645569,-1.0,-1.0,-1.0,0.49730660416253714,-1.0,0.4296950889652562,1.0,0.0,0.0,1.0,0.0,0.0,0.0,1.0,1.0,0.0
-0.5189873417721519,-1.0,-1.0,-1.0,-1.0,-1.0,-1.0,1.0,0.0,0.0,0.0,1.0,0.0,0.0,1.0,1.0,0.0
-0.03797468354430378,-0.3637342358463982,-1.0,0.40705594278665513,-1.0,-0.7785099892122169,0.2680601258366466,1.0,0.0,0.0,1.0,0.0,0.0,0.0,1.0,1.0,0.0
-0.44303797468354433,-0.30361240807011936,-1.0,-1.0,0.297422535187265,-1.0,0.24643536373456643,1.0,0.0,0.0,1.0,0.0,0.0,1.0,0.0,1.0,0.0
-0.49367088607594933,-1.0,-1.0,-1.0,-1.0,-1.0,-1.0,0.0,0.0,1.0,1.0,0.0,0.0,0.0,1.0,1.0,0.0
-0.6708860759493671,0.058016803350540824,-1.0,0.5063463587574821,-1.0,-0.4540329883045867,0.3770539358898706,0.0,0.0,1.0,1.0,0.0,0.0,0.0,1.0,1.0,0.0
-0.6455696202531646,-0.08161703300745626,-0.0536108909241495,-1.0,0.43521140849658724,-1.0,0.3984701852427044,1.0,0.0,0.0,1.0,0.0,0.0,1.0,0.0,1.0,0.0
0.3417721518987342,-1.0,-1.0,-1.0,-1.0,-1.0,-1.0,0.0,1.0,0.0,0.0,1.0,0.0,0.0,1.0,1.0,0.0
0.06329113924050622,0.7386622679107968,-1.0,-0.23283016877370677,-1.0,0.51405923398759,0.6573340404774664,0.0,0.0,1.0,1.0,0.0,0.0,0.0,1.0,1.0,0.0
-0.06329113924050633,-0.4340525761212535,-1.0,-0.03930804758854023,0.4162424470204369,-1.0,0.3682316740148377,0.0,0.0,1.0,1.0,0.0,0.0,0.0,1.0,1.0,0.0
-0.5189873417721519,-1.0,-1.0,-1.0,0.7152098277760743,-0.0037209261330621857,0.6426199371645132,1.0,0.0,0.0,1.0,0.0,0.0,0.0,1.0,1.0,0.0
-0.36708860759493667,-1.0,-1.0,-1.0,-1.0,-1.0,-1.0,1.0,0.0,0.0,0.0,1.0,0.0,1.0,0.0,1.0,0.0
-0.1392405063291139,-1.0,-1.0,-1.0,-1.0,-1.0,-1.0,1.0,0.0,0.0,0.0,1.0,0.0,1.0,0.0,1.0,0.0
-0.8227848101265822,-1.0,-1.0,-1.0,-1.0,-1.0,-1.0,1.0,0.0,0.0,0.0,1.0,0.0,0.0,1.0,1.0,0.0
-0.49367088607594933,-1.0,-1.0,-1.0,-1.0,-1.0,-1.0,1.0,0.0,0.0,0.0,1.0,0.0,0.0,1.0,1.0,0.0
-0.11392405063291144,-1.0,-1.0,-1.0,-1.0,-1.0,-1.0,0.0,1.0,0.0,0.0,1.0,1.0,0.0,0.0,1.0,0.0
-0.9240506329113924,-1.0,-1.0,-1.0,-1.0,-1.0,-1.0,1.0,0.0,0.0,1.0,0.0,0.0,1.0,0.0,1.0,0.0
-0.5696202531645569,-0.7704042582518641,-1.0,-1.0,-1.0,0.31550402650097786,0.2444942783140054,1.0,0.0,0.0,1.0,0.0,0.0,1.0,0.0,1.0,0.0
-0.620253164556962,-0.27570607618896315,0.298847993651133,-0.852735061170152,0.6895538418299654,0.583591344402254,0.716773058849512,0.0,1.0,0.0,1.0,0.0,0.0,0.0,1.0,1.0,0.0
-0.44303797468354433,-1.0,0.37159977185476656,-1.0,0.7183749513957083,0.4363581979681532,0.7104197646107306,0.0,1.0,0.0,1.0,0.0,1.0,0.0,0.0,1.0,0.0
0.21518987341772156,-1.0,-1.0,-1.0,-1.0,-1.0,-1.0,0.0,1.0,0.0,0.0,1.0,1.0,0.0,0.0,1.0,0.0
0.139240506329114,-1.0,0.46535015802087654,-1.0,0.3538804216129492,0.2916840015970559,0.5492448773851248,0.0,1.0,0.0,1.0,0.0,0.0,0.0,1.0,1.0,0.0
0.08860759493670889,-1.0,-1.0,-1.0,-1.0,-1.0,-1.0,1.0,0.0,0.0,0.0,1.0,0.0,0.0,1.0,1.0,0.0
-0.49367088607594933,-1.0,-1.0,-1.0,-1.0,-1.0,-1.0,1.0,0.0,0.0,0.0,1.0,0.0,1.0,0.0,1.0,0.0
-1.0,-1.0,-1.0,-1.0,-1.0,-1.0,-1.0,0.0,1.0,0.0,1.0,0.0,0.0,0.0,1.0,1.0,0.0
0.49367088607594933,0.1699976921372257,0.45256245427117703,-1.0,-1.0,-0.48288339142554504,0.4544910777955362,1.0,0.0,0.0,1.0,0.0,1.0,0.0,0.0,1.0,0.0
-0.16455696202531644,0.19340529891784075,-1.0,0.32119381268187763,-1.0,0.3954678658615687,0.4306422430194463,0.0,0.0,1.0,1.0,0.0,0.0,0.0,1.0,1.0,0.0
-0.4177215189873418,-0.13413849409826228,-1.0,-1.0,-0.8616088449879872,0.5519911633570695,0.47293036473735794,1.0,0.0,0.0,1.0,0.0,1.0,0.0,0.0,1.0,0.0
-0.06329113924050633,0.29960689666652374,-1.0,0.10328728795319697,-0.8616088449879872,-1.0,0.24393603290457144,1.0,0.0,0.0,1.0,0.0,0.0,1.0,0.0,1.0,0.0
0.06329113924050622,0.40644608224046186,-1.0,-0.1605250936047159,0.14209590112450243,-1.0,0.35038181291755377,0.0,0.0,1.0,1.0,0.0,0.0,0.0,1.0,1.0,0.0
-0.3924050632911392,-0.07401666632198345,-1.0,0.03414856642632902,0.24277188831857233,-1.0,0.2534768707710904,1.0,0.0,0.0,1.0,0.0,0.0,0.0,1.0,1.0,0.0
-0.06329113924050633,0.3399869875056807,-1.0,-0.5865750491295142,-1.0,0.49215406518445337,0.471664765901858,1.0,0.0,0.0,1.0,0.0,0.0,0.0,1.0,1.0,0.0
-0.2911392405063291,-1.0,-1.0,-1.0,-1.0,-1.0,-1.0,1.0,0.0,0.0,0.0,1.0,0.0,0.0,1.0,1.0,0.0
-0.08860759493670889,-1.0,-0.1593040043623366,-0.0072182766241952745,-1.0,0.5224923635909697,0.45697592983158075,1.0,0.0,0.0,1.0,0.0,0.0,0.0,1.0,1.0,0.0
-0.6708860759493671,-1.0,-1.0,-1.0,-1.0,-1.0,-1.0,0.0,1.0,0.0,0.0,1.0,0.0,0.0,1.0,1.0,0.0
-0.2911392405063291,-0.6636483178693894,-1.0,0.6685642888431693,-1.0,-1.0,0.49751240318010015,0.0,0.0,1.0,1.0,0.0,0.0,0.0,1.0,1.0,0.0
0.5949367088607596,-1.0,0.28328974713657007,-1.0,-0.034406172544717895,-0.7205107241502491,0.2905690895592532,1.0,0.0,0.0,1.0,0.0,0.0,0.0,1.0,1.0,0.0
-0.36708860759493667,-0.03344057354545327,-0.3212466169881213,-1.0,-0.016243089995327864,0.30079046744881754,0.29765851731362925,1.0,0.0,0.0,1.0,0.0,0.0,0.0,1.0,1.0,0.0
-1.0,-1.0,-1.0,-1.0,-1.0,-1.0,-1.0,1.0,0.0,0.0,0.0,1.0,0.0,0.0,1.0,1.0,0.0
0.012658227848101333,0.39009238642262245,0.5965012826411755,-0.19601713663564024,-0.5212452626117072,-1.0,0.6059952033380882,0.0,1.0,0.0,1.0,0.0,0.0,0.0,1.0,1.0,0.0
-0.620253164556962,-1.0,-1.0,-1.0,-1.0,-1.0,-1.0,0.0,1.0,0.0,0.0,1.0,1.0,0.0,0.0,1.0,0.0
-0.36708860759493667,-1.0,-1.0,-1.0,-1.0,-1.0,-1.0,1.0,0.0,0.0,0.0,1.0,0.0,0.0,1.0,1.0,0.0
-0.3417721518987342,0.5244303963242167,-1.0,-0.558205183510456,-0.6422640538624581,-1.0,0.3921528189089365,1.0,0.0,0.0,1.0,0.0,0.0,0.0,1.0,1.0,0.0
-0.26582278481012656,0.2002132966904817,-0.5963320666755103,0.3812535814887492,-1.0,-1.0,0.31382418596927875,1.0,0.0,0.0,1.0,0.0,0.0,0.0,1.0,1.0,0.0
-0.3417721518987342,0.5937525417588418,0.756985312603621,-1.0,0.11849794081219467,0.30174220279356856,0.782211152177714,0.0,1.0,0.0,1.0,0.0,0.0,0.0,1.0,1.0,0.0
-0.5189873417721519,-1.0,-0.48769763572672786,0.20607401269065284,0.23346504973511695,-0.7785099892122169,0.2714775917362522,1.0,0.0,0.0,1.0,0.0,0.0,0.0,1.0,1.0,0.0
0.3417721518987342,-1.0,-1.0,-1.0,-1.0,-1.0,-1.0,0.0,1.0,0.0,0.0,1.0,1.0,0.0,0.0,1.0,0.0
-0.189873417721519,-1.0,-1.0,-1.0,-1.0,-1.0,-1.0,0.0,1.0,0.0,0.0,1.0,1.0,0.0,0.0,1.0,0.0
-0.2911392405063291,-0.8551412152377926,0.4177150461842454,0.1370471997241529,-1.0,-0.6387653512873415,0.4181705366520967,1.0,0.0,0.0,1.0,0.0,0.0,0.0,1.0,1.0,0.0
0.16455696202531644,0.2715815855334176,0.09659719228255614,0.4555917668802909,-1.0,0.18443829945816148,0.45103243680482086,1.0,0.0,0.0,1.0,0.0,0.0,0.0,1.0,1.0,0.0
-0.06329113924050633,0.3156290731597684,-0.2888175365077347,0.39603926070264595,0.14980063461237925,-1.0,0.4075702585050258,1.0,0.0,0.0,1.0,0.0,0.0,0.0,1.0,1.0,0.0
-0.08860759493670889,0.5091174551382769,-0.08930034041936386,-1.0,-1.0,-0.1216487427128865,0.40081694163427617,1.0,0.0,0.0,1.0,0.0,0.0,0.0,1.0,1.0,0.0
-0.31645569620253167,-1.0,-0.48769763572672786,0.3741169032819456,-0.22709058882641942,-1.0,0.24998862605774574,1.0,0.0,0.0,1.0,0.0,0.0,0.0,1.0,1.0,0.0
-0.44303797468354433,-0.37393074834497464,-0.553014717094753,-1.0,-1.0,0.28799081279909844,0.22668626655189472,1.0,0.0,0.0,1.0,0.0,0.0,0.0,1.0,1.0,0.0
-0.3417721518987342,0.02044237151630557,0.29763849913498364,-1.0,-1.0,-0.4287989852180887,0.3065175383591958,1.0,0.0,0.0,1.0,0.0,0.0,0.0,1.0,1.0,0.0
0.5443037974683544,0.2113010133131934,0.6607746881519139,-1.0,-0.3921421186822598,0.2661836723210691,0.6608495673735779,0.0,1.0,0.0,1.0,0.0,0.0,0.0,1.0,1.0,0.0
0.16455696202531644,-1.0,-1.0,0.5755440883105445,-0.20730647247606515,-0.5570199784244338,0.4205097153382329,1.0,0.0,0.0,1.0,0.0,0.0,0.0,1.0,1.0,0.0
-0.26582278481012656,0.49701026951014393,-1.0,-0.5865750491295142,-0.8616088449879872,-1.0,0.36662288243288343,0.0,0.0,1.0,1.0,0.0,0.0,0.0,1.0,1.0,0.0
0.06329113924050622,-1.0,0.373250489640393,-1.0,0.5758518126032044,0.1388834603944784,0.58778754349471,0.0,1.0,0.0,1.0,0.0,1.0,0.0,0.0,1.0,0.0
-0.16455696202531644,-1.0,0.2825043519646586,-1.0,-0.011949242073952537,0.7821352450263721,0.7080336816400383,0.0,1.0,0.0,1.0,0.0,0.0,0.0,1.0,1.0,0.0
-0.1392405063291139,-0.2569782954639235,0.05052627537259169,0.5620878498023292,-1.0,-1.0,0.4307471924694395,1.0,0.0,0.0,1.0,0.0,0.0,0.0,1.0,1.0,0.0
0.06329113924050622,0.6093565674927452,0.8137000321143169,-1.0,0.5040421103790849,0.2298785699274355,0.8447629900478779,0.0,1.0,0.0,1.0,0.0,0.0,0.0,1.0,1.0,0.0
-1.0,-1.0,-1.0,-1.0,-1.0,-1.0,-1.0,1.0,0.0,0.0,1.0,0.0,1.0,0.0,0.0,1.0,0.0
-0.189873417721519,-1.0,-1.0,-1.0,-1.0,-1.0,-1.0,1.0,0.0,0.0,0.0,1.0,0.0,0.0,1.0,1.0,0.0
0.4683544303797469,-0.1702604037373845,-1.0,-0.619325655453848,0.247846513454832,-1.0,0.21140136898160078,1.0,0.0,0.0,1.0,0.0,1.0,0.0,0.0,1.0,0.0
-0.31645569620253167,-1.0,-1.0,-1.0,-1.0,-1.0,-1.0,0.0,1.0,0.0,1.0,0.0,1.0,0.0,0.0,1.0,0.0
-0.8734177215189873,-1.0,-1.0,-1.0,-1.0,-1.0,-1.0,1.0,0.0,0.0,0.0,1.0,1.0,0.0,0.0,1.0,0.0
-0.5949367088607596,0.3020899403364785,-1.0,-1.0,-1.0,-1.0,0.18778316442898846,1.0,0.0,0.0,1.0,0.0,0.0,0.0,1.0,1.0,0.0
-0.2911392405063291,-1.0,0.571662196447934,-1.0,-0.1546342450073407,0.1763497517977317,0.5658562634702067,0.0,1.0,0.0,1.0,0.0,0.0,0.0,1.0,1.0,0.0
0.26582278481012667,0.003978188225416401,0.228052644205329,-1.0,-0.5212452626117072,-1.0,0.24615927292440265,1.0,0.0,0.0,1.0,0.0,0.0,1.0,0.0,1.0,0.0
0.4430379746835442,-1.0,0.6031517410430716,-0.43931011029966616,0.05380849040844793,0.6657533723266584,0.71193805368998,0.0,1.0,0.0,1.0,0.0,0.0,0.0,1.0,1.0,0.0
-0.620253164556962,-0.027382553715787572,-1.0,-1.0,0.03118171200482056,0.11637584904897325,0.1965835270499643,1.0,0.0,0.0,1.0,0.0,0.0,0.0,1.0,1.0,0.0
0.06329113924050622,0.474108075909516,-1.0,-0.852735061170152,0.14274944093238928,-1.0,0.3894358037355341,0.0,0.0,1.0,1.0,0.0,1.0,0.0,0.0,1.0,0.0
0.3924050632911391,-1.0,0.30148264934301805,0.5619516148525205,-0.7232176899759744,0.45091603530382396,0.566886477655745,0.0,1.0,0.0,1.0,0.0,0.0,0.0,1.0,1.0,0.0
-0.44303797468354433,-1.0,-0.3751413897391659,-1.0,0.033450557250103596,0.3436041459186152,0.31382418596927875,1.0,0.0,0.0,1.0,0.0,0.0,0.0,1.0,1.0,0.0
0.3417721518987342,-1.0,-1.0,-1.0,-1.0,-1.0,-1.0,0.0,1.0,0.0,0.0,1.0,1.0,0.0,0.0,1.0,0.0
-0.5443037974683544,0.34473689765925797,-0.22564548516224592,-0.5331811885673919,-0.22709058882641942,-0.2562890853177435,0.2670723481288735,1.0,0.0,0.0,1.0,0.0,0.0,0.0,1.0,1.0,0.0
-0.11392405063291144,-1.0,-1.0,-1.0,-1.0,-1.0,-1.0,1.0,0.0,0.0,0.0,1.0,0.0,0.0,1.0,1.0,0.0
-0.36708860759493667,-1.0,-1.0,-1.0,-1.0,-1.0,-1.0,0.0,0.0,1.0,0.0,1.0,0.0,0.0,1.0,1.0,0.0
-0.5696202531645569,0.8268511299328254,-1.0,-1.0,-0.8616088449879872,-0.3768183431027897,0.6671461890865737,1.0,0.0,0.0,1.0,0.0,1.0,0.0,0.0,1.0,0.0
-0.3924050632911392,0.3413551563882826,0.12396583860161092,-0.182003812532737,-0.10607179757566865,-1.0,0.33015359740690653,0.0,0.0,1.0,1.0,0.0,1.0,0.0,0.0,1.0,0.0
-0.08860759493670889,0.1471169052497172,-1.0,0.382842656936758,-1.0,-1.0,0.2993381816690297,0.0,0.0,1.0,1.0,0.0,0.0,1.0,0.0,1.0,0.0
-0.2405063291139241,-1.0,0.4030572753066226,-0.19601713663564024,-1.0,0.4690991095726622,0.5185569537219112,0.0,1.0,0.0,1.0,0.0,0.0,0.0,1.0,1.0,0.0
-1.0,-1.0,-1.0,-1.0,-1.0,-1.0,-1.0,0.0,1.0,0.0,1.0,0.0,0.0,0.0,1.0,1.0,0.0
-1.0,-1.0,-1.0,-1.0,-1.0,-1.0,-1.0,1.0,0.0,0.0,0.0,1.0,0.0,0.0,1.0,1.0,0.0
-0.36708860759493667,-1.0,-1.0,-1.0,-1.0,-1.0,-1.0,0.0,0.0,1.0,0.0,1.0,0.0,0.0,1.0,1.0,0.0
-0.11392405063291144,-1.0,-1.0,-1.0,-1.0,-1.0,-1.0,0.0,1.0,0.0,0.0,1.0,1.0,0.0,0.0,1.0,0.0
-0.6455696202531646,-1.0,-1.0,-1.0,-1.0,-1.0,-1.0,1.0,0.0,0.0,0.0,1.0,0.0,0.0,1.0,1.0,0.0
-0.012658227848101333,0.3012655327569349,0.006992149396490621,0.10563491843592177,-1.0,-1.0,0.2892512916546419,1.0,0.0,0.0,1.0,0.0,0.0,0.0,1.0,1.0,0.0
0.7974683544303798,0.4892599601799419,-1.0,-0.619325655453848,-0.4343312963306818,-0.283210201982813,0.3667696985133764,0.0,0.0,1.0,1.0,0.0,0.0,0.0,1.0,1.0,0.0
-0.08860759493670889,-1.0,-1.0,-1.0,-1.0,-1.0,-1.0,0.0,1.0,0.0,0.0,1.0,0.0,0.0,1.0,1.0,0.0
-0.16455696202531644,0.4340088137819864,-1.0,-0.4905470142953362,-0.7232176899759744,-0.7785099892122169,0.311092338408792,1.0,0.0,0.0,1.0,0.0,0.0,0.0,1.0,1.0,0.0
0.8987341772151898,-1.0,0.2040563023341242,-1.0,-0.02511816146215251,-0.014062110593152988,0.2638262595866594,1.0,0.0,0.0,1.0,0.0,0.0,0.0,1.0,1.0,0.0
-0.620253164556962,-1.0,-1.0,-1.0,-1.0,-1.0,-1.0,1.0,0.0,0.0,0.0,1.0,1.0,0.0,0.0,1.0,0.0
-0.11392405063291144,-1.0,-1.0,-1.0,-1.0,-1.0,-1.0,0.0,1.0,0.0,0.0,1.0,1.0,0.0,0.0,1.0,0.0
-0.1392405063291139,0.32688783042389336,-1.0,-1.0,-1.0,-1.0,0.21040411821009242,1.0,0.0,0.0,1.0,0.0,0.0,1.0,0.0,1.0,0.0
-0.4683544303797469,0.41259682195476954,-1.0,0.21946720092727667,-1.0,-1.0,0.34715600547761283,0.0,0.0,1.0,1.0,0.0,1.0,0.0,0.0,1.0,0.0
-0.189873417721519,-1.0,-1.0,-1.0,-1.0,-1.0,-1.0,0.0,1.0,0.0,0.0,1.0,0.0,1.0,0.0,1.0,0.0
-0.08860759493670889,-1.0,-1.0,-1.0,-1.0,-1.0,-1.0,0.0,0.0,1.0,0.0,1.0,0.0,0.0,1.0,1.0,0.0
-0.2405063291139241,-0.6636483178693894,0.2537135645766655,-1.0,-1.0,-0.7205107241502491,0.23330222189384453,1.0,0.0,0.0,1.0,0.0,0.0,0.0,1.0,1.0,0.0
-0.31645569620253167,-1.0,-1.0,-1.0,-0.30190047148617816,0.4846304721787167,0.4076887056483811,1.0,0.0,0.0,1.0,0.0,0.0,0.0,1.0,1.0,0.0
-0.6708860759493671,-1.0,-1.0,-1.0,-1.0,-1.0,-1.0,1.0,0.0,0.0,0.0,1.0,1.0,0.0,0.0,1.0,0.0
-0.2405063291139241,-1.0,-1.0,-1.0,-1.0,-1.0,-1.0,1.0,0.0,0.0,0.0,1.0,1.0,0.0,0.0,1.0,0.0
-0.5189873417721519,-1.0,-1.0,-1.0,-1.0,-1.0,-1.0,0.0,1.0,0.0,0.0,1.0,1.0,0.0,0.0,1.0,0.0
-0.11392405063291144,-1.0,-1.0,-1.0,-1.0,-1.0,-1.0,0.0,1.0,0.0,0.0,1.0,1.0,0.0,0.0,1.0,0.0
-0.4683544303797469,-1.0,-1.0,-1.0,-1.0,-1.0,-1.0,1.0,0.0,0.0,0.0,1.0,0.0,1.0,0.0,1.0,0.0
-0.36708860759493667,-1.0,-1.0,0.4755344157117356,-0.5613104177489419,-0.8602553620751245,0.3256550245627965,1.0,0.0,0.0,1.0,0.0,0.0,0.0,1.0,1.0,0.0
-0.31645569620253167,-1.0,0.7389109659049133,-1.0,-0.4464353799519486,0.5736531229328796,0.7603123205428164,0.0,1.0,0.0,1.0,0.0,1.0,0.0,0.0,1.0,0.0
-0.5189873417721519,0.2277844447782067,-1.0,-1.0,-1.0,0.13959210399270372,0.23181862941739362,1.0,0.0,0.0,1.0,0.0,1.0,0.0,0.0,1.0,0.0
0.03797468354430378,-1.0,-1.0,-1.0,-1.0,-1.0,-1.0,0.0,1.0,0.0,0.0,1.0,1.0,0.0,0.0,1.0,0.0
-0.1392405063291139,-1.0,-1.0,-1.0,-1.0,-1.0,-1.0,0.0,1.0,0.0,0.0,1.0,0.0,0.0,1.0,1.0,0.0
-0.5443037974683544,-1.0,-1.0,-1.0,-1.0,-1.0,-1.0,1.0,0.0,0.0,0.0,1.0,0.0,0.0,1.0,1.0,0.0
-0.26582278481012656,-1.0,-1.0,-1.0,-1.0,-1.0,-1.0,0.0,1.0,0.0,0.0,1.0,1.0,0.0,0.0,1.0,0.0
-0.9746835443037974,-1.0,-1.0,-1.0,-1.0,-1.0,-1.0,1.0,0.0,0.0,1.0,0.0,0.0,0.0,1.0,1.0,0.0
-0.1392405063291139,-1.0,-1.0,-1.0,-1.0,-1.0,-1.0,0.0,0.0,1.0,0.0,1.0,0.0,0.0,1.0,1.0,0.0
-0.4683544303797469,-1.0,-0.3272201111258505,0.6229016701693482,-0.1301559272165851,-1.0,0.4659068682597831,1.0,0.0,0.0,1.0,0.0,0.0,0.0,1.0,1.0,0.0
0.49367088607594933,-1.0,-1.0,-1.0,-1.0,-1.0,-1.0,0.0,1.0,0.0,0.0,1.0,0.0,0.0,1.0,1.0,0.0
0.31645569620253156,0.4872342216980503,-0.7867338209790253,-0.5331811885673919,-1.0,-1.0,0.35821531718370236,0.0,0.0,1.0,1.0,0.0,0.0,0.0,1.0,1.0,0.0
0.5949367088607596,-1.0,0.654816376818004,-0.658061401139107,0.2486159025882162,-1.0,0.6439618768581268,0.0,1.0,0.0,1.0,0.0,1.0,0.0,0.0,1.0,0.0
-0.3924050632911392,-1.0,-1.0,-1.0,-1.0,-1.0,-1.0,0.0,1.0,0.0,0.0,1.0,1.0,0.0,0.0,1.0,0.0
-0.5443037974683544,0.24251591641358305,-0.687570694869583,-1.0,-1.0,0.19166918662461074,0.2630692473235283,1.0,0.0,0.0,1.0,0.0,0.0,0.0,1.0,1.0,0.0
-0.49367088607594933,-1.0,-1.0,-0.7054701223403039,0.13879572296216414,-0.08618761960844923,0.13981879463805802,1.0,0.0,0.0,1.0,0.0,0.0,0.0,1.0,1.0,0.0
0.3924050632911391,0.23809274495016575,-0.8654440222251701,-0.852735061170152,0.23958369709226313,-1.0,0.2907878396361492,1.0,0.0,0.0,1.0,0.0,0.0,0.0,1.0,1.0,0.0
-0.3924050632911392,-1.0,-0.687570694869583,0.23652548947915575,0.14209590112450243,-1.0,0.23330222189384453,1.0,0.0,0.0,1.0,0.0,0.0,0.0,1.0,1.0,0.0
-0.4683544303797469,0.3077714916105583,-1.0,-0.658061401139107,0.11175468788283882,-0.8602553620751245,0.2714775917362522,1.0,0.0,0.0,1.0,0.0,0.0,0.0,1.0,1.0,0.0
-0.3924050632911392,-0.32729663573877876,0.002604996759276501,-1.0,0.2447389607131647,-0.4410214483004983,0.2550655522240399,1.0,0.0,0.0,1.0,0.0,0.0,0.0,1.0,1.0,0.0
-1.0,-1.0,-1.0,-1.0,-1.0,-1.0,-1.0,1.0,0.0,0.0,0.0,1.0,0.0,0.0,1.0,1.0,0.0
0.16455696202531644,0.11039124575754489,0.20048703083956276,-1.0,0.6119674518736098,0.5762650965827731,0.6701883119019689,0.0,1.0,0.0,1.0,0.0,1.0,0.0,0.0,1.0,0.0
-0.31645569620253167,-1.0,-1.0,-1.0,-1.0,-1.0,-1.0,0.0,0.0,1.0,0.0,1.0,0.0,0.0,1.0,1.0,0.0
0.3417721518987342,-0.7102824304755853,0.49854872855554566,-1.0,-0.0886994338144067,-0.48288339142554504,0.48075642093588544,1.0,0.0,0.0,1.0,0.0,0.0,0.0,1.0,1.0,0.0
-0.6455696202531646,-1.0,-1.0,-1.0,-1.0,-1.0,-1.0,1.0,0.0,0.0,0.0,1.0,0.0,1.0,0.0,1.0,0.0
-0.3417721518987342,0.31982804099379947,0.021610480362994844,-0.270420583399818,-1.0,-0.8602553620751245,0.2685521020350963,1.0,0.0,0.0,1.0,0.0,0.0,0.0,1.0,1.0,0.0
0.08860759493670889,-1.0,-0.06271208460874866,-1.0,0.6547571621283017,0.05463803375424603,0.5943487457835144,0.0,1.0,0.0,1.0,0.0,0.0,0.0,1.0,1.0,0.0
-0.5189873417721519,-1.0,-1.0,-1.0,-1.0,-1.0,-1.0,1.0,0.0,0.0,0.0,1.0,0.0,1.0,0.0,1.0,0.0
-0.6708860759493671,-1.0,0.3409558487157409,-1.0,-1.0,-0.6755229990923698,0.3176601437786466,1.0,0.0,0.0,1.0,0.0,0.0,0.0,1.0,1.0,0.0
-0.189873417721519,-1.0,-1.0,-1.0,-1.0,-1.0,-1.0,0.0,1.0,0.0,0.0,1.0,0.0,0.0,1.0,1.0,0.0
-0.5189873417721519,-1.0,-1.0,0.4584945541903809,-0.6786656890936953,-1.0,0.3095135246556546,1.0,0.0,0.0,1.0,0.0,0.0,0.0,1.0,1.0,0.0
-0.4683544303797469,-1.0,-1.0,-1.0,-1.0,-1.0,-1.0,1.0,0.0,0.0,0.0,1.0,0.0,1.0,0.0,1.0,0.0
-0.5189873417721519,0.338954950591543,-1.0,-0.3161228022782141,-0.8616088449879872,-0.09963319400218829,0.2534768707710904,1.0,0.0,0.0,1.0,0.0,0.0,0.0,1.0,1.0,0.0
-0.36708860759493667,-1.0,-0.5020837155287093,0.43358141674889117,-0.40188337906966964,-0.06364947765091877,0.31421127375931923,1.0,0.0,0.0,1.0,0.0,1.0,0.0,0.0,1.0,0.0
-0.2405063291139241,-1.0,-1.0,-1.0,-1.0,-1.0,-1.0,0.0,1.0,0.0,0.0,1.0,1.0,0.0,0.0,1.0,0.0
0.36708860759493667,-1.0,-1.0,-1.0,-1.0,-1.0,-1.0,0.0,1.0,0.0,0.0,1.0,1.0,0.0,0.0,1.0,0.0
-0.4177215189873418,-1.0,-1.0,-1.0,-1.0,-1.0,-1.0,0.0,1.0,0.0,0.0,1.0,1.0,0.0,0.0,1.0,0.0
-0.44303797468354433,-1.0,-1.0,-1.0,-1.0,0.4886779636219911,0.4076887056483811,1.0,0.0,0.0,1.0,0.0,0.0,0.0,1.0,1.0,0.0
-0.08860759493670889,-1.0,0.22560641436773787,-1.0,0.7110490009775532,-0.36785647232007146,0.6534590966862002,0.0,1.0,0.0,1.0,0.0,0.0,0.0,1.0,1.0,0.0
-0.44303797468354433,-1.0,-1.0,-1.0,-1.0,-1.0,-1.0,0.0,1.0,0.0,0.0,1.0,1.0,0.0,0.0,1.0,0.0
-0.4683544303797469,-1.0,-1.0,-1.0,-1.0,-1.0,-1.0,1.0,0.0,0.0,0.0,1.0,0.0,1.0,0.0,1.0,0.0
-0.1392405063291139,-1.0,-1.0,-1.0,-1.0,-1.0,-1.0,0.0,0.0,1.0,0.0,1.0,0.0,0.0,1.0,1.0,0.0
-0.08860759493670889,-1.0,-0.05509843262346248,-1.0,0.03457538407335736,0.22942602451604088,0.26230921706332944,1.0,0.0,0.0,1.0,0.0,0.0,0.0,1.0,1.0,0.0
-0.1392405063291139,-1.0,-1.0,-1.0,-1.0,-1.0,-1.0,0.0,1.0,0.0,0.0,1.0,0.0,0.0,1.0,1.0,0.0
-0.5949367088607596,-1.0,-1.0,0.37345606792195674,-0.29594014131866886,-0.31428835037971126,0.24998862605774574,1.0,0.0,0.0,1.0,0.0,0.0,0.0,1.0,1.0,0.0
-0.4683544303797469,-1.0,-1.0,-1.0,-1.0,-1.0,-1.0,1.0,0.0,0.0,0.0,1.0,0.0,0.0,1.0,1.0,0.0
-0.44303797468354433,-1.0,-1.0,-1.0,-1.0,-1.0,-1.0,1.0,0.0,0.0,0.0,1.0,0.0,0.0,1.0,1.0,0.0
-0.5189873417721519,-1.0,-1.0,-1.0,-1.0,-1.0,-1.0,0.0,1.0,0.0,0.0,1.0,0.0,0.0,1.0,1.0,0.0
0.26582278481012667,-1.0,-1.0,-1.0,-1.0,-1.0,-1.0,0.0,0.0,1.0,0.0,1.0,0.0,0.0,1.0,1.0,0.0
-0.36708860759493667,0.3837880367014095,-1.0,-0.0013434766045952173,0.18012739220707963,-1.0,0.35605418521820686,0.0,0.0,1.0,1.0,0.0,0.0,0.0,1.0,1.0,0.0
-0.5189873417721519,0.34271442654853956,-1.0,-0.182003812532737,-1.0,-0.4540329883045867,0.24253322546309364,1.0,0.0,0.0,1.0,0.0,1.0,0.0,0.0,1.0,0.0
-0.49367088607594933,-1.0,-1.0,-1.0,-1.0,-1.0,-1.0,0.0,1.0,0.0,1.0,0.0,1.0,0.0,0.0,1.0,0.0
-0.5696202531645569,0.4094210371082576,-1.0,0.21740781423484545,0.040106381343727016,-1.0,0.37240908291198216,0.0,0.0,1.0,1.0,0.0,0.0,0.0,1.0,1.0,0.0
-0.5189873417721519,0.3755580194729735,-0.19572125545960828,-0.558205183510456,-1.0,-1.0,0.27220200301106146,1.0,0.0,0.0,1.0,0.0,0.0,0.0,1.0,1.0,0.0
-0.4177215189873418,0.31907084070746206,-1.0,0.4033510076396176,-1.0,-1.0,0.36529642478936664,1.0,0.0,0.0,1.0,0.0,0.0,0.0,1.0,1.0,0.0
0.8481012658227849,0.3969972880722581,-1.0,0.11588959284821154,-0.1546342450073407,-1.0,0.32764748676776456,0.0,0.0,1.0,1.0,0.0,0.0,0.0,1.0,1.0,0.0
-0.4683544303797469,-1.0,-1.0,-1.0,-0.24446295258768158,0.31132235874588576,0.25187483889735773,1.0,0.0,0.0,1.0,0.0,0.0,0.0,1.0,1.0,0.0
-0.4177215189873418,-1.0,-1.0,-1.0,-1.0,-1.0,-1.0,1.0,0.0,0.0,0.0,1.0,1.0,0.0,0.0,1.0,0.0
-0.11392405063291144,-1.0,-1.0,-1.0,-1.0,-1.0,-1.0,0.0,0.0,1.0,0.0,1.0,0.0,0.0,1.0,1.0,0.0
-0.44303797468354433,-1.0,-1.0,-1.0,-1.0,-1.0,-1.0,1.0,0.0,0.0,0.0,1.0,0.0,1.0,0.0,1.0,0.0
-0.31645569620253167,-1.0,-1.0,-1.0,-1.0,-1.0,-1.0,0.0,1.0,0.0,0.0,1.0,1.0,0.0,0.0,1.0,0.0
-0.5443037974683544,-1.0,-1.0,-1.0,-1.0,-1.0,-1.0,0.0,0.0,1.0,0.0,1.0,0.0,0.0,1.0,1.0,0.0
0.06329113924050622,-1.0,-1.0,-1.0,-1.0,-1.0,-1.0,1.0,0.0,0.0,0.0,1.0,0.0,0.0,1.0,1.0,0.0
-0.03797468354430378,0.7003045923198707,-1.0,0.08090256169506405,-0.32769839905788767,-0.03479907452996045,0.567501944440828,0.0,0.0,1.0,1.0,0.0,0.0,0.0,1.0,1.0,0.0
-0.9240506329113924,-1.0,-1.0,-1.0,-1.0,-1.0,-1.0,1.0,0.0,0.0,0.0,1.0,0.0,0.0,1.0,1.0,0.0
0.26582278481012667,-0.6255454734896567,0.30004999898914586,-1.0,0.14534241546900972,0.32976802850279907,0.43469305528263225,0.0,1.0,0.0,1.0,0.0,0.0,0.0,1.0,1.0,0.0
-0.06329113924050633,-1.0,-1.0,-1.0,-1.0,-1.0,-1.0,1.0,0.0,0.0,0.0,1.0,1.0,0.0,0.0,1.0,0.0
-0.189873417721519,-1.0,-1.0,-1.0,-1.0,-1.0,-1.0,0.0,1.0,0.0,0.0,1.0,0.0,0.0,1.0,1.0,0.0
-0.7974683544303798,-1.0,-1.0,-1.0,-1.0,-1.0,-1.0,0.0,0.0,1.0,0.0,1.0,0.0,0.0,1.0,1.0,0.0
-0.5696202531645569,-0.20445683437311757,0.42426997899444396,-0.4905470142953362,-0.21110956333010122,-1.0,0.4113245345837049,1.0,0.0,0.0,1.0,0.0,1.0,0.0,0.0,1.0,0.0
-0.1392405063291139,0.39751910370017707,-1.0,0.17051581415648598,-0.8616088449879872,-1.0,0.3260188427478288,0.0,0.0,1.0,1.0,0.0,0.0,0.0,1.0,1.0,0.0
-0.6708860759493671,-1.0,-1.0,-1.0,-1.0,-1.0,-1.0,1.0,0.0,0.0,0.0,1.0,0.0,0.0,1.0,1.0,0.0
-0.31645569620253167,-1.0,-0.8654440222251701,-0.3531656434132101,-1.0,0.4552486644258533,0.3789907953622811,1.0,0.0,0.0,1.0,0.0,0.0,0.0,1.0,1.0,0.0
-0.5696202531645569,0.526127188192496,-0.534512796009096,-1.0,-1.0,-1.0,0.39343315059228146,0.0,0.0,1.0,1.0,0.0,0.0,0.0,1.0,1.0,0.0
-0.2911392405063291,-1.0,-0.5963320666755103,-0.385916249737544,-1.0,0.502587540282972,0.42347566287052785,1.0,0.0,0.0,1.0,0.0,0.0,1.0,0.0,1.0,0.0
-0.16455696202531644,-1.0,0.3842731982964982,-1.0,0.6929003477146263,0.41497223927234717,0.69265582883775,0.0,1.0,0.0,1.0,0.0,1.0,0.0,0.0,1.0,0.0
0.3924050632911391,-0.4340525761212535,-1.0,-1.0,0.6446112584019721,-0.8602553620751245,0.571103351965853,0.0,0.0,1.0,1.0,0.0,1.0,0.0,0.0,1.0,0.0
-0.2405063291139241,0.1699976921372257,-0.11194227429085435,0.1756150604564275,-1.0,-1.0,0.22515007233224127,0.0,0.0,1.0,1.0,0.0,0.0,0.0,1.0,1.0,0.0
-0.26582278481012656,-0.7704042582518641,0.16692667156818808,0.7876360916332166,0.45114602929007286,-0.5357783611674942,0.6696197261652315,0.0,1.0,0.0,1.0,0.0,0.0,0.0,1.0,1.0,0.0
-0.4683544303797469,-1.0,0.3159197001947496,-0.06118020810482594,0.17575118998553108,0.5094808235868813,0.53289759722892,0.0,1.0,0.0,1.0,0.0,1.0,0.0,0.0,1.0,0.0
-0.36708860759493667,-0.023439284835389596,-0.2525968659253459,-1.0,-1.0,0.3584714863576859,0.31613501027578383,1.0,0.0,0.0,1.0,0.0,0.0,0.0,1.0,1.0,0.0
-0.2911392405063291,-1.0,0.16453301310385116,-1.0,-0.019157831294643102,0.8358911984842887,0.7470476932880914,0.0,1.0,0.0,1.0,0.0,0.0,0.0,1.0,1.0,0.0
0.3924050632911391,-1.0,-1.0,-1.0,-1.0,-1.0,-1.0,0.0,0.0,1.0,0.0,1.0,0.0,0.0,1.0,1.0,0.0
-0.4683544303797469,0.43962243983007854,-0.7867338209790253,-0.0973715114387731,-1.0,-1.0,0.32656327149793496,0.0,0.0,1.0,1.0,0.0,0.0,0.0,1.0,1.0,0.0
-0.7215189873417722,-1.0,-1.0,-1.0,-1.0,-1.0,-1.0,1.0,0.0,0.0,1.0,0.0,0.0,0.0,1.0,1.0,0.0
-0.44303797468354433,-1.0,-1.0,0.44285202528040934,-1.0,-1.0,0.2946830172281585,1.0,0.0,0.0,1.0,0.0,0.0,0.0,1.0,1.0,0.0
0.5949367088607596,-1.0,0.6235191523822785,-0.37442921457910205,-0.6786656890936953,0.3652824520427418,0.6305026415838613,0.0,1.0,0.0,1.0,0.0,0.0,0.0,1.0,1.0,0.0
-0.3417721518987342,-1.0,0.17802244816224388,-0.28458972591597387,0.8568756170968395,-0.33552996763665077,0.7812957689610234,0.0,1.0,0.0,1.0,0.0,1.0,0.0,0.0,1.0,0.0
0.139240506329114,0.43180892978048435,0.10265352117377513,-0.7665905942836959,-1.0,-1.0,0.3577542754327656,0.0,0.0,1.0,1.0,0.0,0.0,0.0,1.0,1.0,0.0
-0.4177215189873418,-1.0,-1.0,-0.45505497126441197,0.31552024027346937,-0.3960337232426189,0.2640779304761438,1.0,0.0,0.0,1.0,0.0,0.0,0.0,1.0,1.0,0.0
-0.8987341772151899,-1.0,-1.0,-1.0,-1.0,-1.0,-1.0,1.0,0.0,0.0,0.0,1.0,0.0,0.0,1.0,1.0,0.0
-0.03797468354430378,-1.0,0.33161068299283514,-1.0,-1.0,0.5101573641416275,0.5092654930247327,0.0,1.0,0.0,1.0,0.0,0.0,0.0,1.0,1.0,0.0
-0.26582278481012656,-0.3191000145820688,-1.0,-0.7665905942836959,-1.0,0.3082814429336733,0.24477278920517387,1.0,0.0,0.0,1.0,0.0,0.0,1.0,0.0,1.0,0.0
0.620253164556962,-1.0,0.2494063745915851,0.5957702926947794,-1.0,-1.0,0.48780772117202686,1.0,0.0,0.0,1.0,0.0,0.0,0.0,1.0,1.0,0.0
0.139240506329114,-1.0,0.27906376818092626,-1.0,0.12644191293806029,0.4389388270731278,0.4727621028808058,0.0,1.0,0.0,1.0,0.0,1.0,0.0,0.0,1.0,0.0
-0.31645569620253167,0.3809865597592428,-0.14220033596201886,-0.5865750491295142,-1.0,-0.8602553620751245,0.28137710633298174,1.0,0.0,0.0,1.0,0.0,0.0,0.0,1.0,1.0,0.0
-0.11392405063291144,-1.0,-1.0,-1.0,0.3556852360093785,-1.0,0.2944686937979426,1.0,0.0,0.0,1.0,0.0,0.0,0.0,1.0,1.0,0.0
0.240506329113924,0.4776897754083653,-1.0,-0.3531656434132101,-0.0727184083180884,-1.0,0.3669164016149582,0.0,0.0,1.0,1.0,0.0,0.0,0.0,1.0,1.0,0.0
-0.03797468354430378,-1.0,0.5193719616029098,-0.182003812532737,0.8579674329768221,-0.6387653512873415,0.8139089654534208,1.0,0.0,0.0,1.0,0.0,1.0,0.0,0.0,1.0,0.0
-0.16455696202531644,-0.20445683437311757,0.25157191528473666,-0.37442921457910205,-0.08663043879110688,-1.0,0.2717193681429104,1.0,0.0,0.0,1.0,0.0,0.0,0.0,1.0,1.0,0.0
-0.44303797468354433,0.5166195905409048,-1.0,-1.0,-1.0,-1.0,0.383479866238857,1.0,0.0,0.0,1.0,0.0,0.0,0.0,1.0,1.0,0.0
-0.2911392405063291,-1.0,-1.0,-1.0,-1.0,-1.0,-1.0,1.0,0.0,0.0,0.0,1.0,0.0,0.0,1.0,1.0,0.0
-0.2911392405063291,-1.0,-1.0,-1.0,-1.0,-1.0,-1.0,1.0,0.0,0.0,0.0,1.0,0.0,0.0,1.0,1.0,0.0
-0.4177215189873418,-1.0,0.19521272073167917,0.018905971409327593,-0.47309575479577604,-0.6076872028904432,0.22297838945417037,1.0,0.0,0.0,1.0,0.0,0.0,1.0,0.0,1.0,0.0
-0.44303797468354433,-1.0,-1.0,0.2339886426589013,0.21661918604587216,-1.0,0.26830627263791507,1.0,0.0,0.0,1.0,0.0,0.0,0.0,1.0,1.0,0.0
0.240506329113924,-1.0,-1.0,-1.0,-1.0,-1.0,-1.0,0.0,0.0,1.0,1.0,0.0,0.0,1.0,0.0,1.0,0.0
-0.8987341772151899,-1.0,-1.0,-1.0,-1.0,-1.0,-1.0,0.0,1.0,0.0,1.0,0.0,0.0,0.0,1.0,1.0,0.0
0.2911392405063291,-1.0,0.39892532187039653,-1.0,-0.24446295258768158,-1.0,0.3798148917655788,1.0,0.0,0.0,1.0,0.0,0.0,0.0,1.0,1.0,0.0
0.2911392405063291,0.40215772434432884,-0.687570694869583,-0.03701117768351392,-0.2685470822285979,-1.0,0.3079215265014559,0.0,0.0,1.0,1.0,0.0,0.0,0.0,1.0,1.0,0.0
-1.0,-1.0,-1.0,-1.0,-1.0,-1.0,-1.0,1.0,0.0,0.0,1.0,0.0,0.0,0.0,1.0,1.0,0.0
0.08860759493670889,0.018853108721271994,-1.0,0.4382672823047542,-0.3080442249399358,-0.33552996763665077,0.32764748676776456,0.0,0.0,1.0,1.0,0.0,0.0,0.0,1.0,1.0,0.0
0.3924050632911391,-1.0,-1.0,-1.0,-1.0,-1.0,-1.0,0.0,1.0,0.0,0.0,1.0,1.0,0.0,0.0,1.0,0.0
-0.4177215189873418,0.2352799561855754,0.0037111150902235934,0.18141350525617694,-0.8616088449879872,-0.06756433650543037,0.2978692864573731,1.0,0.0,0.0,1.0,0.0,0.0,0.0,1.0,1.0,0.0
-0.6708860759493671,-1.0,-1.0,-1.0,-1.0,-1.0,-1.0,0.0,0.0,1.0,0.0,1.0,0.0,0.0,1.0,1.0,0.0
-0.2911392405063291,0.6618465047807303,-1.0,-1.0,-1.0,-1.0,0.5159577223472156,1.0,0.0,0.0,1.0,0.0,1.0,0.0,0.0,1.0,0.0
0.26582278481012667,0.11039124575754489,-1.0,0.4895912844023069,-1.0,-1.0,0.36852272853106305,0.0,0.0,1.0,1.0,0.0,0.0,0.0,1.0,1.0,0.0
-0.06329113924050633,-1.0,0.044363115131003106,-1.0,0.7155804538951984,0.6377815277347116,0.7353553527888212,0.0,1.0,0.0,1.0,0.0,0.0,0.0,1.0,1.0,0.0
-0.08860759493670889,0.39568702014136203,0.14899486320319522,-1.0,0.08487646660928272,-0.8602553620751245,0.3803623168972148,1.0,0.0,0.0,1.0,0.0,0.0,0.0,1.0,1.0,0.0
-0.31645569620253167,-1.0,-1.0,-1.0,-1.0,-1.0,-1.0,0.0,0.0,1.0,0.0,1.0,0.0,0.0,1.0,1.0,0.0
0.1898734177215189,-1.0,-1.0,-1.0,-1.0,-1.0,-1.0,0.0,1.0,0.0,0.0,1.0,0.0,0.0,1.0,1.0,0.0
-0.21518987341772156,-0.4340525761212535,-0.6521778432041954,-1.0,0.3336236116542357,-1.0,0.27790028040328596,1.0,0.0,0.0,1.0,0.0,0.0,0.0,1.0,1.0,0.0
0.3924050632911391,-0.01019585613427354,0.5182848686075643,-0.20590070458336207,-1.0,0.567225799488219,0.6245983621544133,0.0,1.0,0.0,1.0,0.0,1.0,0.0,0.0,1.0,0.0
-0.2405063291139241,0.33722348210897146,-0.3272201111258505,-0.852735061170152,0.2962161494441522,0.05995783833703561,0.39202431154235984,0.0,0.0,1.0,1.0,0.0,0.0,1.0,0.0,0.0,1.0
-0.2911392405063291,-1.0,0.301957859474719,-0.1336929311778977,-1.0,-0.3431387535006696,0.29702480812812015,1.0,0.0,0.0,1.0,0.0,0.0,0.0,1.0,1.0,0.0
0.03797468354430378,-1.0,0.4276526573776598,-1.0,-0.7806552088744709,-0.4287989852180887,0.40422350246668115,0.0,1.0,0.0,1.0,0.0,0.0,0.0,1.0,1.0,0.0
-0.1392405063291139,0.38406612995655687,-1.0,0.11025376114633412,-1.0,-0.1216487427128865,0.3195495613364112,0.0,0.0,1.0,1.0,0.0,0.0,0.0,1.0,1.0,0.0
0.08860759493670889,-1.0,-1.0,-1.0,-1.0,-1.0,-1.0,0.0,1.0,0.0,1.0,0.0,0.0,0.0,1.0,1.0,0.0
-0.11392405063291144,-1.0,-1.0,-1.0,-1.0,-1.0,-1.0,0.0,0.0,1.0,0.0,1.0,1.0,0.0,0.0,1.0,0.0
-0.5443037974683544,-1.0,-1.0,-1.0,0.46872712933071226,0.09193402339082657,0.42789307865714044,1.0,0.0,0.0,1.0,0.0,0.0,0.0,1.0,1.0,0.0
0.4430379746835442,-1.0,-1.0,-1.0,-1.0,-1.0,-1.0,1.0,0.0,0.0,0.0,1.0,0.0,0.0,1.0,1.0,0.0
-0.4177215189873418,-0.4340525761212535,-1.0,0.2922184795771088,-0.0727184083180884,0.17157772082101053,0.29425412914828364,1.0,0.0,0.0,1.0,0.0,0.0,0.0,1.0,1.0,0.0
0.620253164556962,-1.0,-1.0,-1.0,-1.0,-1.0,-1.0,0.0,1.0,0.0,0.0,1.0,0.0,0.0,1.0,1.0,0.0
-0.26582278481012656,0.4123542368429054,0.11108089503950302,-0.37442921457910205,0.4486240222861422,-1.0,0.49898510784718453,0.0,0.0,1.0,1.0,0.0,0.0,0.0,1.0,1.0,0.0
-0.4177215189873418,0.5330525087383333,-1.0,0.4353198353066934,0.1374602247851353,-1.0,0.5054750160801569,0.0,0.0,1.0,1.0,0.0,0.0,0.0,1.0,1.0,0.0
-0.36708860759493667,-1.0,-1.0,-1.0,-1.0,-1.0,-1.0,0.0,1.0,0.0,0.0,1.0,1.0,0.0,0.0,1.0,0.0
-0.3417721518987342,-1.0,-1.0,-1.0,-1.0,-1.0,-1.0,0.0,0.0,1.0,0.0,1.0,0.0,0.0,1.0,1.0,0.0
-0.21518987341772156,-1.0,0.7311092972054494,-1.0,0.18066773416892556,0.23212618402137952,0.7199065671008658,0.0,1.0,0.0,1.0,0.0,0.0,0.0,1.0,1.0,0.0
-1.0,-1.0,-1.0,-1.0,-1.0,-1.0,-1.0,1.0,0.0,0.0,0.0,1.0,0.0,0.0,1.0,1.0,0.0
-0.49367088607594933,-1.0,0.19272923387205654,-1.0,-0.6422640538624581,0.09103598673393387,0.24726124518980264,1.0,0.0,0.0,1.0,0.0,0.0,0.0,1.0,1.0,0.0
-0.9493670886075949,-1.0,-1.0,-1.0,-1.0,-1.0,-1.0,0.0,0.0,1.0,0.0,1.0,0.0,0.0,1.0,1.0,0.0
-0.5189873417721519,-1.0,-1.0,0.6231061537240616,-1.0,-1.0,0.45642653270467104,1.0,0.0,0.0,1.0,0.0,0.0,0.0,1.0,1.0,0.0
-0.5189873417721519,-1.0,0.3495005492093246,-1.0,-0.7806552088744709,-0.6755229990923698,0.32638196794542274,1.0,0.0,0.0,1.0,0.0,0.0,0.0,1.0,1.0,0.0
-0.189873417721519,-1.0,-1.0,-1.0,-1.0,-1.0,-1.0,0.0,1.0,0.0,0.0,1.0,0.0,0.0,1.0,1.0,0.0
-0.03797468354430378,-1.0,0.1309620279080752,-1.0,0.22151623992572467,-1.0,0.2724428630192193,1.0,0.0,0.0,1.0,0.0,0.0,0.0,1.0,1.0,0.0
0.1898734177215189,-1.0,-1.0,-1.0,-1.0,-1.0,-1.0,1.0,0.0,0.0,0.0,1.0,1.0,0.0,0.0,1.0,0.0
-0.44303797468354433,0.06833924959827642,-0.2990369087154182,-1.0,0.601493793166157,0.2746853987002982,0.5715049122430182,0.0,1.0,0.0,1.0,0.0,0.0,0.0,1.0,1.0,0.0
-0.03797468354430378,-1.0,-1.0,-1.0,-1.0,-1.0,-1.0,1.0,0.0,0.0,0.0,1.0,0.0,1.0,0.0,1.0,0.0
-0.1392405063291139,-0.07905274254848893,-1.0,0.31735023937003404,-0.03921739891844955,-1.0,0.24780985181615733,0.0,0.0,1.0,1.0,0.0,0.0,0.0,1.0,1.0,0.0
-0.36708860759493667,-1.0,-1.0,-1.0,-1.0,-1.0,-1.0,0.0,1.0,0.0,0.0,1.0,0.0,0.0,1.0,1.0,0.0
-0.31645569620253167,0.04435265334481553,-1.0,0.47160945280590183,-1.0,-1.0,0.34617752255403,0.0,0.0,1.0,1.0,0.0,0.0,0.0,1.0,1.0,0.0
-0.6708860759493671,-1.0,-1.0,-1.0,-1.0,-1.0,-1.0,0.0,1.0,0.0,0.0,1.0,0.0,0.0,1.0,1.0,0.0
-0.5189873417721519,-1.0,-1.0,-1.0,-1.0,-1.0,-1.0,1.0,0.0,0.0,0.0,1.0,0.0,1.0,0.0,1.0,0.0
-0.4177215189873418,-0.8551412152377926,-1.0,0.41455035365870985,-0.5613104177489419,-1.0,0.2714775917362522,1.0,0.0,0.0,1.0,0.0,0.0,0.0,1.0,1.0,0.0
-0.9746835443037974,-1.0,-1.0,-1.0,-1.0,-1.0,-1.0,0.0,0.0,1.0,1.0,0.0,0.0,0.0,1.0,1.0,0.0
0.620253164556962,-1.0,-1.0,-1.0,0.2648330679500732,0.17811053937534194,0.2985001993479246,1.0,0.0,0.0,1.0,0.0,0.0,0.0,1.0,1.0,0.0
-0.5443037974683544,0.10412116396102222,-1.0,0.4050690094291176,-1.0,-1.0,0.3053058350992919,0.0,0.0,1.0,1.0,0.0,0.0,0.0,1.0,1.0,0.0
-0.4177215189873418,-1.0,-1.0,-1.0,0.323857267249827,-1.0,0.2640779304761438,1.0,0.0,0.0,1.0,0.0,0.0,0.0,1.0,1.0,0.0
-0.5189873417721519,-1.0,-1.0,-1.0,-1.0,-1.0,-1.0,1.0,0.0,0.0,1.0,0.0,0.0,0.0,1.0,1.0,0.0
0.08860759493670889,-1.0,-1.0,-1.0,-1.0,-1.0,-1.0,0.0,0.0,1.0,0.0,1.0,0.0,0.0,1.0,1.0,0.0
-0.31645569620253167,-1.0,-1.0,-1.0,-0.27905773174939197,0.22622944051184835,0.1745766985808601,1.0,0.0,0.0,1.0,0.0,1.0,0.0,0.0,1.0,0.0
-0.16455696202531644,-1.0,-1.0,-1.0,-1.0,-1.0,-1.0,0.0,1.0,0.0,0.0,1.0,0.0,0.0,1.0,1.0,0.0
-0.9746835443037974,-1.0,-1.0,-1.0,-1.0,-1.0,-1.0,0.0,0.0,1.0,0.0,1.0,0.0,0.0,1.0,1.0,0.0
-0.4177215189873418,-0.8551412152377926,-0.3602014629370759,0.6049818666469378,0.1510563383304051,-1.0,0.4718339986436395,1.0,0.0,0.0,1.0,0.0,1.0,0.0,0.0,1.0,0.0
0.012658227848101333,0.3589989111030514,-0.687570694869583,-0.058635765753514146,-1.0,-0.20730897443030571,0.2753096940518822,1.0,0.0,0.0,1.0,0.0,0.0,0.0,1.0,1.0,0.0
-0.26582278481012656,-1.0,-1.0,-1.0,-1.0,-1.0,-1.0,1.0,0.0,0.0,0.0,1.0,0.0,1.0,0.0,1.0,0.0
-0.36708860759493667,0.035703679088540996,-0.7308880444503403,0.3731248778362677,-1.0,-0.06955064711560244,0.2936089824375072,1.0,0.0,0.0,1.0,0.0,0.0,0.0,1.0,1.0,0.0
-0.189873417721519,-1.0,0.680718652959382,-1.0,-0.18253858794414057,-0.029820824163172333,0.6564690195631149,0.0,1.0,0.0,1.0,0.0,1.0,0.0,0.0,1.0,0.0
-0.06329113924050633,-1.0,0.589830452152583,-0.25079509588414395,0.7709148394495655,-0.8602553620751245,0.7696704622019555,0.0,1.0,0.0,1.0,0.0,0.0,0.0,1.0,1.0,0.0
-0.7215189873417722,-1.0,-1.0,-1.0,-1.0,-1.0,-1.0,1.0,0.0,0.0,1.0,0.0,0.0,0.0,1.0,1.0,0.0
-0.49367088607594933,0.3205825076991473,0.024604728546544274,-1.0,0.5704870271965417,-1.0,0.5477172543959998,1.0,0.0,0.0,1.0,0.0,1.0,0.0,0.0,1.0,0.0
-0.31645569620253167,-0.8551412152377926,-0.8654440222251701,0.634835086206764,0.18228004090950112,-1.0,0.49692012100708394,0.0,0.0,1.0,1.0,0.0,0.0,0.0,1.0,1.0,0.0
-0.31645569620253167,-1.0,-1.0,-1.0,-1.0,-1.0,-1.0,0.0,0.0,1.0,1.0,0.0,0.0,0.0,1.0,1.0,0.0
-0.5443037974683544,0.7531725478438689,0.24531941854594486,0.5447868182284994,-0.6786656890936953,-1.0,0.6722390302974595,0.0,0.0,1.0,1.0,0.0,0.0,0.0,1.0,1.0,0.0
0.8481012658227849,0.5672823532442159,-1.0,-0.17753083896430388,-1.0,-1.0,0.43459025632026105,1.0,0.0,0.0,1.0,0.0,0.0,1.0,0.0,1.0,0.0
-0.08860759493670889,-1.0,-1.0,-1.0,-1.0,-1.0,-1.0,0.0,0.0,1.0,0.0,1.0,0.0,0.0,1.0,1.0,0.0
-0.5443037974683544,-1.0,-1.0,-1.0,-1.0,-1.0,-1.0,1.0,0.0,0.0,0.0,1.0,0.0,0.0,1.0,1.0,0.0
-0.2405063291139241,-1.0,-1.0,-1.0,-1.0,-1.0,-1.0,0.0,1.0,0.0,0.0,1.0,1.0,0.0,0.0,1.0,0.0
0.21518987341772156,-1.0,0.27664559272223577,-1.0,-1.0,-0.5165629810276651,0.2563794145649989,1.0,0.0,0.0,1.0,0.0,1.0,0.0,0.0,1.0,0.0
-0.5189873417721519,-1.0,0.4829387317160414,-1.0,-1.0,-1.0,0.45633481238964824,1.0,0.0,0.0,1.0,0.0,0.0,0.0,1.0,1.0,0.0
-0.7215189873417722,-1.0,-1.0,-1.0,-1.0,-1.0,-1.0,1.0,0.0,0.0,1.0,0.0,0.0,0.0,1.0,1.0,0.0
0.26582278481012667,0.39224137245738344,-0.7867338209790253,-1.0,-0.17599189543729488,-1.0,0.2847916573936091,1.0,0.0,0.0,1.0,0.0,0.0,1.0,0.0,1.0,0.0
-0.6708860759493671,-1.0,-1.0,-1.0,-1.0,-1.0,-1.0,1.0,0.0,0.0,0.0,1.0,0.0,0.0,1.0,1.0,0.0
-0.3924050632911392,-1.0,-1.0,-1.0,0.31770528241625606,-0.3768183431027897,0.26357425601910145,1.0,0.0,0.0,1.0,0.0,1.0,0.0,0.0,1.0,0.0
-0.189873417721519,0.6824927533841763,-0.7867338209790253,-1.0,-1.0,-1.0,0.5349130387604637,1.0,0.0,0.0,1.0,0.0,0.0,0.0,1.0,1.0,0.0
-0.11392405063291144,-1.0,-1.0,-1.0,-1.0,-1.0,-1.0,0.0,1.0,0.0,0.0,1.0,0.0,0.0,1.0,1.0,0.0
0.36708860759493667,-1.0,-1.0,-1.0,-1.0,-1.0,-1.0,1.0,0.0,0.0,1.0,0.0,0.0,0.0,1.0,1.0,0.0
-0.8987341772151899,-1.0,-1.0,-1.0,-1.0,-1.0,-1.0,0.0,0.0,1.0,1.0,0.0,0.0,0.0,1.0,1.0,0.0
0.6455696202531644,0.5170612681630107,-1.0,-0.05612143585309892,-1.0,-1.0,0.394831654617823,0.0,0.0,1.0,1.0,0.0,0.0,0.0,1.0,1.0,0.0
-0.5189873417721519,-1.0,-1.0,-1.0,-1.0,-1.0,-1.0,0.0,0.0,1.0,0.0,1.0,0.0,0.0,1.0,1.0,0.0
-0.4683544303797469,0.4560059125719462,-1.0,-0.03930804758854023,-1.0,-1.0,0.34387467367669355,0.0,0.0,1.0,1.0,0.0,0.0,0.0,1.0,1.0,0.0
-0.3924050632911392,-0.8551412152377926,0.19356059806290005,-0.658061401139107,-1.0,0.1763497517977317,0.27766622184583367,1.0,0.0,0.0,1.0,0.0,0.0,0.0,1.0,1.0,0.0
-0.620253164556962,-1.0,-1.0,-1.0,-1.0,-1.0,-1.0,1.0,0.0,0.0,0.0,1.0,1.0,0.0,0.0,1.0,0.0
0.11392405063291133,0.22953819255562014,0.10980795118732312,-1.0,-1.0,-0.015583694390131297,0.27268341910299565,1.0,0.0,0.0,1.0,0.0,0.0,0.0,1.0,1.0,0.0
-0.26582278481012656,-1.0,0.6157587317712041,-1.0,0.31247621933675096,0.6233504121105253,0.7126807327070424,0.0,1.0,0.0,1.0,0.0,0.0,0.0,1.0,1.0,0.0
-0.03797468354430378,-1.0,-1.0,-1.0,-1.0,-1.0,-1.0,1.0,0.0,0.0,0.0,1.0,0.0,1.0,0.0,1.0,0.0
-0.03797468354430378,-0.08950427283393292,-0.0030221578720291964,-1.0,-1.0,0.24087414614092717,0.2534768707710904,1.0,0.0,0.0,1.0,0.0,0.0,0.0,1.0,1.0,0.0
0.4683544303797469,-1.0,-1.0,-1.0,-1.0,-1.0,-1.0,1.0,0.0,0.0,0.0,1.0,0.0,0.0,1.0,1.0,0.0
-0.189873417721519,-1.0,0.2421159920263134,-0.06636237713478388,-1.0,-0.4063749077027098,0.2486298129559037,1.0,0.0,0.0,1.0,0.0,0.0,0.0,1.0,1.0,0.0
-0.2911392405063291,-0.0595980496109102,-0.7308880444503403,0.3489278920999477,0.10945535844281906,-1.0,0.3014171626985669,1.0,0.0,0.0,1.0,0.0,0.0,0.0,1.0,1.0,0.0
-0.5696202531645569,-1.0,-1.0,-1.0,-1.0,-1.0,-1.0,0.0,1.0,0.0,0.0,1.0,0.0,0.0,1.0,1.0,0.0
-0.4177215189873418,-0.061933124746207935,-1.0,0.3544275537157091,-1.0,-1.0,0.24196919939753858,1.0,0.0,0.0,1.0,0.0,0.0,0.0,1.0,1.0,0.0
0.4430379746835442,-1.0,-1.0,-1.0,-1.0,-1.0,-1.0,0.0,1.0,0.0,1.0,0.0,0.0,0.0,1.0,1.0,0.0
-0.16455696202531644,-1.0,-1.0,-1.0,-1.0,-1.0,-1.0,0.0,1.0,0.0,0.0,1.0,1.0,0.0,0.0,1.0,0.0
-0.31645569620253167,-1.0,-1.0,-1.0,0.3127548742780599,-1.0,0.2534768707710904,1.0,0.0,0.0,1.0,0.0,0.0,0.0,1.0,1.0,0.0
-0.08860759493670889,0.2419681125601998,0.2680779097045094,-1.0,0.1361157332866465,0.43732980898661533,0.4997172157787806,0.0,1.0,0.0,1.0,0.0,1.0,0.0,0.0,1.0,0.0
-0.1392405063291139,-0.3447223122490274,0.6911575482923193,-1.0,0.45184096989087763,0.16853680500879786,0.7100079873832763,0.0,1.0,0.0,1.0,0.0,1.0,0.0,0.0,1.0,0.0
-0.5443037974683544,0.4353177139921085,0.26408111354245456,-1.0,-1.0,0.03423321714890992,0.429061028499063,1.0,0.0,0.0,1.0,0.0,0.0,0.0,1.0,1.0,0.0
-0.44303797468354433,-1.0,-1.0,-1.0,-1.0,-1.0,-1.0,0.0,1.0,0.0,0.0,1.0,0.0,0.0,1.0,1.0,0.0
-0.2405063291139241,-1.0,-1.0,0.4385110670669543,-1.0,-1.0,0.2907878396361492,1.0,0.0,0.0,1.0,0.0,0.0,0.0,1.0,1.0,0.0
-0.3417721518987342,-1.0,-0.399956818234266,0.9656570250460099,0.4426124127468245,0.7911885357481874,0.878599811773026,0.0,1.0,0.0,1.0,0.0,0.0,0.0,1.0,1.0,0.0
-0.6708860759493671,-1.0,-1.0,-1.0,-1.0,-1.0,-1.0,1.0,0.0,0.0,0.0,1.0,0.0,0.0,1.0,1.0,0.0
0.4683544303797469,-1.0,-0.14220033596201886,-1.0,0.324120492380952,-1.0,0.28388707362714305,1.0,0.0,0.0,1.0,0.0,0.0,0.0,1.0,1.0,0.0
-0.3417721518987342,0.3392995294831358,0.3560754360969276,-1.0,0.5187619106638721,-1.0,0.5662174720496922,0.0,1.0,0.0,1.0,0.0,1.0,0.0,0.0,1.0,0.0
-0.5443037974683544,0.6591068655954553,-1.0,-0.385916249737544,-1.0,-1.0,0.5146109087548685,0.0,0.0,1.0,1.0,0.0,1.0,0.0,0.0,1.0,0.0
-0.4177215189873418,-0.006561207123506385,-0.8654440222251701,-1.0,-1.0,0.1131756406477662,0.12528197992410273,1.0,0.0,0.0,1.0,0.0,0.0,0.0,1.0,1.0,0.0
-1.0,-1.0,-1.0,-1.0,-1.0,-1.0,-1.0,1.0,0.0,0.0,0.0,1.0,0.0,0.0,1.0,1.0,0.0
-0.3924050632911392,-0.37393074834497464,0.26523147686061566,-1.0,-0.3419656266234128,-1.0,0.25480168966136607,1.0,0.0,0.0,1.0,0.0,0.0,0.0,1.0,1.0,0.0
-0.6708860759493671,-1.0,0.0772046389149641,-1.0,0.06567274669392442,0.21291080388155037,0.2910063389965696,1.0,0.0,0.0,1.0,0.0,0.0,0.0,1.0,1.0,0.0
-0.26582278481012656,-1.0,-1.0,-1.0,0.23552550386336968,0.47170408904859773,0.4457723906092581,1.0,0.0,0.0,1.0,0.0,0.0,1.0,0.0,1.0,0.0
-0.31645569620253167,-1.0,0.5820831732649172,-0.619325655453848,0.471889315054808,-0.6755229990923698,0.6260728337926453,0.0,1.0,0.0,1.0,0.0,1.0,0.0,0.0,1.0,0.0
0.5696202531645569,-0.03140165932038008,0.27088320768361007,-1.0,-1.0,-1.0,0.2741204158899613,1.0,0.0,0.0,1.0,0.0,0.0,0.0,1.0,1.0,0.0
-0.26582278481012656,-0.8551412152377926,0.2889542223950903,-0.852735061170152,0.1147798401969895,0.47971609283927275,0.49692012100708394,0.0,1.0,0.0,1.0,0.0,1.0,0.0,0.0,1.0,0.0
-0.5443037974683544,-1.0,-1.0,-0.41094024468060797,0.2672958192305801,-0.10432198431045847,0.24055179010908012,1.0,0.0,0.0,1.0,0.0,0.0,1.0,0.0,1.0,0.0
-0.11392405063291144,0.5007007317491048,-1.0,-0.3161228022782141,-1.0,-0.8602553620751245,0.3725515115111344,0.0,0.0,1.0,1.0,0.0,0.0,0.0,1.0,1.0,0.0
-0.3417721518987342,-1.0,0.24114456426839403,-1.0,-1.0,0.08088419533251057,0.27672710334034045,1.0,0.0,0.0,1.0,0.0,0.0,0.0,1.0,1.0,0.0
-0.36708860759493667,-1.0,-1.0,0.39183202625196767,-0.24446295258768158,-0.36785647232007146,0.26583038496700495,1.0,0.0,0.0,1.0,0.0,0.0,0.0,1.0,1.0,0.0
-0.4683544303797469,0.36998470117578397,0.0003736705620103198,0.27766428174655644,-0.7806552088744709,-0.6076872028904432,0.36559199178050594,1.0,0.0,0.0,1.0,0.0,0.0,0.0,1.0,1.0,0.0
0.4430379746835442,-1.0,-1.0,-1.0,-1.0,-1.0,-1.0,0.0,1.0,0.0,0.0,1.0,0.0,0.0,1.0,1.0,0.0
-0.5696202531645569,-0.6255454734896567,-1.0,0.5262736559940688,0.13064535731112237,-1.0,0.4076887056483811,1.0,0.0,0.0,1.0,0.0,0.0,0.0,1.0,1.0,0.0
-0.3417721518987342,0.3993352657853213,-0.20198383861853442,-1.0,-0.4343312963306818,-0.7205107241502491,0.29425412914828364,1.0,0.0,0.0,1.0,0.0,0.0,0.0,1.0,1.0,0.0
-0.5443037974683544,-1.0,-1.0,-1.0,-1.0,-1.0,-1.0,0.0,1.0,0.0,0.0,1.0,0.0,0.0,1.0,1.0,0.0
-0.16455696202531644,-1.0,-1.0,-1.0,-1.0,-1.0,-1.0,1.0,0.0,0.0,0.0,1.0,0.0,0.0,1.0,1.0,0.0
-0.16455696202531644,-1.0,0.463190353977871,-1.0,0.45100675043333394,-0.4540329883045867,0.5458333815586613,0.0,1.0,0.0,1.0,0.0,0.0,0.0,1.0,1.0,0.0
-0.08860759493670889,-0.8551412152377926,0.2763750376375236,-0.7054701223403039,-1.0,-0.181378566865096,0.26904281188414436,1.0,0.0,0.0,1.0,0.0,0.0,0.0,1.0,1.0,0.0
-0.9240506329113924,-1.0,-1.0,-1.0,-1.0,-1.0,-1.0,0.0,0.0,1.0,1.0,0.0,0.0,0.0,1.0,1.0,0.0
-0.4177215189873418,-1.0,-0.3333832713674393,-1.0,-0.06704059727659184,0.2782728402606891,0.24971763714062,1.0,0.0,0.0,1.0,0.0,0.0,0.0,1.0,1.0,0.0
-0.26582278481012656,-1.0,-1.0,-1.0,-1.0,-1.0,-1.0,1.0,0.0,0.0,0.0,1.0,0.0,0.0,1.0,1.0,0.0
-0.26582278481012656,-1.0,-0.26986364026596166,-1.0,0.6861073726873044,0.3095033187714644,0.636800001679003,0.0,1.0,0.0,1.0,0.0,1.0,0.0,0.0,1.0,0.0
0.012658227848101333,-1.0,-1.0,-1.0,-1.0,-1.0,-1.0,0.0,0.0,1.0,0.0,1.0,0.0,0.0,1.0,1.0,0.0
-0.49367088607594933,-1.0,-1.0,-1.0,-1.0,-1.0,-1.0,1.0,0.0,0.0,1.0,0.0,0.0,1.0,0.0,1.0,0.0
0.3417721518987342,0.543676755604191,-1.0,-1.0,-1.0,-0.5807660862253737,0.4089867901325954,1.0,0.0,0.0,1.0,0.0,0.0,0.0,1.0,1.0,0.0
-0.16455696202531644,0.37757445048881544,-1.0,0.20166295327009975,-1.0,-1.0,0.3195495613364112,0.0,0.0,1.0,1.0,0.0,0.0,0.0,1.0,1.0,0.0
-0.3924050632911392,-0.19986352748682001,-0.04210392323829204,-0.852735061170152,-1.0,0.2650478445499218,0.25294435458378817,1.0,0.0,0.0,1.0,0.0,0.0,0.0,1.0,1.0,0.0
-0.5443037974683544,-1.0,-0.40898743448058295,0.41779818857917483,-1.0,-1.0,0.27696231702976926,1.0,0.0,0.0,1.0,0.0,0.0,0.0,1.0,1.0,0.0
-0.012658227848101333,-1.0,-1.0,-1.0,-1.0,-1.0,-1.0,1.0,0.0,0.0,0.0,1.0,0.0,0.0,1.0,1.0,0.0
-0.9493670886075949,-1.0,-1.0,-1.0,-1.0,-1.0,-1.0,0.0,1.0,0.0,1.0,0.0,0.0,0.0,1.0,1.0,0.0
-0.08860759493670889,-1.0,-0.534512796009096,-1.0,-1.0,-1.0,-0.5428636359713862,1.0,0.0,0.0,1.0,0.0,0.0,0.0,1.0,1.0,0.0
-0.08860759493670889,0.4992643889789614,-1.0,-0.558205183510456,-0.41212440500723446,-1.0,0.371265807095182,0.0,0.0,1.0,1.0,0.0,0.0,0.0,1.0,1.0,0.0
-0.620253164556962,-1.0,-1.0,-1.0,-1.0,-1.0,-1.0,1.0,0.0,0.0,0.0,1.0,1.0,0.0,0.0,1.0,0.0
-0.4177215189873418,-1.0,-1.0,-1.0,-1.0,-1.0,-1.0,1.0,0.0,0.0,0.0,1.0,0.0,0.0,1.0,1.0,0.0
-0.36708860759493667,0.5916017126503628,-0.8654440222251701,-1.0,-1.0,-0.03146662020985924,0.46300566302056945,1.0,0.0,0.0,1.0,0.0,0.0,0.0,1.0,1.0,0.0
-0.1392405063291139,-1.0,0.1303885467174113,0.5297907300897551,-0.09503825932377863,0.12492317089305227,0.45216104792206635,0.0,1.0,0.0,1.0,0.0,1.0,0.0,0.0,1.0,0.0
-0.2405063291139241,0.36909095619110177,-1.0,0.35943522250223015,-1.0,-1.0,0.3669164016149582,0.0,0.0,1.0,1.0,0.0,0.0,0.0,1.0,1.0,0.0
-0.3924050632911392,-1.0,-1.0,-1.0,-1.0,-1.0,-1.0,1.0,0.0,0.0,0.0,1.0,0.0,0.0,1.0,1.0,0.0
-0.31645569620253167,-0.112119510701716,0.6798059255434605,-1.0,-1.0,0.3902309767214962,0.6819215199976087,0.0,1.0,0.0,1.0,0.0,0.0,1.0,0.0,0.0,1.0
-0.4683544303797469,-1.0,-1.0,-1.0,-1.0,-1.0,-1.0,0.0,0.0,1.0,0.0,1.0,0.0,0.0,1.0,1.0,0.0
0.11392405063291133,-1.0,0.8560391196946271,-1.0,-0.37397903613286987,0.28457363105765143,0.8307076574356178,0.0,1.0,0.0,1.0,0.0,1.0,0.0,0.0,1.0,0.0
0.16455696202531644,0.15307620658420484,-1.0,-1.0,-0.6786656890936953,-1.0,0.054889085576735,1.0,0.0,0.0,1.0,0.0,0.0,0.0,1.0,1.0,0.0
0.16455696202531644,-1.0,-1.0,-1.0,-1.0,-1.0,-1.0,0.0,1.0,0.0,0.0,1.0,1.0,0.0,0.0,1.0,0.0
-0.49367088607594933,-1.0,-1.0,-1.0,-1.0,-1.0,-1.0,0.0,0.0,1.0,1.0,0.0,0.0,0.0,1.0,1.0,0.0
-0.3924050632911392,-1.0,-1.0,-1.0,-1.0,-1.0,-1.0,0.0,1.0,0.0,0.0,1.0,0.0,0.0,1.0,1.0,0.0
-0.2911392405063291,-1.0,-1.0,-1.0,-1.0,-1.0,-1.0,0.0,1.0,0.0,0.0,1.0,1.0,0.0,0.0,1.0,0.0
-0.8481012658227848,-1.0,-1.0,-1.0,-1.0,-1.0,-1.0,1.0,0.0,0.0,0.0,1.0,0.0,0.0,1.0,1.0,0.0
0.06329113924050622,-1.0,0.396461611972712,-1.0,0.578370700158837,0.31843870562690313,0.6132613210223092,0.0,1.0,0.0,1.0,0.0,0.0,0.0,1.0,1.0,0.0
-0.5189873417721519,-1.0,-1.0,-1.0,-1.0,-1.0,-1.0,0.0,0.0,1.0,0.0,1.0,0.0,0.0,1.0,1.0,0.0
-0.5949367088607596,0.42529510377143054,-1.0,0.14784417577244513,0.09004027770682299,-1.0,0.3770539358898706,0.0,0.0,1.0,1.0,0.0,0.0,0.0,1.0,1.0,0.0
-0.11392405063291144,-1.0,-1.0,-1.0,-1.0,-1.0,-1.0,0.0,1.0,0.0,0.0,1.0,0.0,0.0,1.0,1.0,0.0
-0.3417721518987342,-1.0,0.43024347313217315,-1.0,0.08833380378817424,0.8129294371846039,0.7531002864412657,0.0,1.0,0.0,1.0,0.0,0.0,0.0,1.0,1.0,0.0
-0.5443037974683544,-1.0,-1.0,-1.0,-1.0,-1.0,-1.0,0.0,1.0,0.0,0.0,1.0,1.0,0.0,0.0,1.0,0.0
-0.1392405063291139,-1.0,-1.0,-1.0,-1.0,-1.0,-1.0,0.0,0.0,1.0,0.0,1.0,0.0,0.0,1.0,1.0,0.0
-0.4683544303797469,0.4313661604402761,-1.0,-1.0,-1.0,-0.5807660862253737,0.3071205140999236,1.0,0.0,0.0,1.0,0.0,0.0,0.0,1.0,1.0,0.0
0.08860759493670889,-1.0,0.3413437074698593,-1.0,0.5534694224480476,-1.0,0.5499199114492679,0.0,1.0,0.0,1.0,0.0,1.0,0.0,0.0,1.0,0.0
0.240506329113924,-0.3447223122490274,-1.0,0.4935767753994298,-1.0,-0.1216487427128865,0.3562093668882307,0.0,0.0,1.0,1.0,0.0,0.0,0.0,1.0,1.0,0.0
0.240506329113924,0.31982804099379947,-1.0,-0.558205183510456,-1.0,0.05137744145455492,0.2602675303888142,0.0,0.0,1.0,1.0,0.0,0.0,0.0,1.0,1.0,0.0
0.5443037974683544,-1.0,-1.0,-1.0,-1.0,-1.0,-1.0,1.0,0.0,0.0,0.0,1.0,0.0,1.0,0.0,1.0,0.0
0.4430379746835442,-1.0,-1.0,-1.0,-1.0,-1.0,-1.0,1.0,0.0,0.0,0.0,1.0,0.0,1.0,0.0,1.0,0.0
-0.26582278481012656,-1.0,-1.0,-1.0,-1.0,-1.0,-1.0,1.0,0.0,0.0,0.0,1.0,1.0,0.0,0.0,1.0,0.0
-0.5189873417721519,0.07331536683702167,0.16308252136015366,-1.0,-0.08458266460356478,-1.0,0.23941022579325932,1.0,0.0,0.0,1.0,0.0,0.0,0.0,1.0,1.0,0.0
-0.9240506329113924,-1.0,-1.0,-1.0,-1.0,-1.0,-1.0,1.0,0.0,0.0,0.0,1.0,0.0,1.0,0.0,1.0,0.0
-0.1392405063291139,-1.0,-0.013581311479284097,-1.0,0.281140595944402,-0.23254297751680364,0.2781340519483333,1.0,0.0,0.0,1.0,0.0,0.0,0.0,1.0,1.0,0.0
-0.7974683544303798,-1.0,-1.0,-1.0,-1.0,-1.0,-1.0,1.0,0.0,0.0,1.0,0.0,1.0,0.0,0.0,1.0,0.0
-0.16455696202531644,0.4524300012731972,-0.2367412617563015,-1.0,-0.5402745340816825,-1.0,0.3354154034800154,1.0,0.0,0.0,1.0,0.0,0.0,0.0,1.0,1.0,0.0
-0.189873417721519,0.6555741825329762,-0.06116527768477831,-0.5107964623092589,-1.0,-0.06364947765091877,0.5259576230201282,1.0,0.0,0.0,1.0,0.0,0.0,0.0,1.0,1.0,0.0
-0.2405063291139241,-1.0,0.6800091250475595,-1.0,-0.6422640538624581,-0.8602553620751245,0.650069108506192,0.0,1.0,0.0,1.0,0.0,1.0,0.0,0.0,1.0,0.0
-0.49367088607594933,-1.0,-1.0,-1.0,-1.0,-1.0,-1.0,0.0,1.0,0.0,0.0,1.0,0.0,0.0,1.0,1.0,0.0
-0.189873417721519,-1.0,-1.0,-1.0,-1.0,-1.0,-1.0,0.0,1.0,0.0,0.0,1.0,0.0,0.0,1.0,1.0,0.0
-0.26582278481012656,-1.0,-1.0,-0.3338379252482363,0.3187889009950515,-1.0,0.2648309558308517,1.0,0.0,0.0,1.0,0.0,1.0,0.0,0.0,1.0,0.0
-0.3417721518987342,0.5608225595253837,-1.0,-1.0,-1.0,-1.0,0.4238023821811683,0.0,0.0,1.0,1.0,0.0,0.0,0.0,1.0,1.0,0.0
-0.36708860759493667,-1.0,0.2585218163764409,-0.34328207546548817,-1.0,-1.0,0.24196919939753858,1.0,0.0,0.0,1.0,0.0,1.0,0.0,0.0,1.0,0.0
-0.49367088607594933,-1.0,-1.0,-1.0,-1.0,-1.0,-1.0,0.0,1.0,0.0,0.0,1.0,0.0,0.0,1.0,1.0,0.0
-0.189873417721519,-0.30361240807011936,0.16014861299220384,0.4803908190845583,-0.3347045997837631,-1.0,0.39533766864044595,1.0,0.0,0.0,1.0,0.0,0.0,0.0,1.0,1.0,0.0
-0.16455696202531644,-1.0,-1.0,-1.0,-1.0,-1.0,-1.0,0.0,0.0,1.0,0.0,1.0,1.0,0.0,0.0,1.0,0.0
-0.03797468354430378,0.4532299526820922,-1.0,0.561269126642931,-1.0,-1.0,0.49905844528648013,0.0,0.0,1.0,1.0,0.0,0.0,0.0,1.0,1.0,0.0
-0.44303797468354433,0.6278085790327443,-1.0,-0.15250684402123993,-0.8616088449879872,-1.0,0.4891254297760761,0.0,0.0,1.0,1.0,0.0,0.0,0.0,1.0,1.0,0.0
-0.5443037974683544,-1.0,0.2475307731228582,-1.0,-1.0,-0.5165629810276651,0.2282101809102719,1.0,0.0,0.0,1.0,0.0,0.0,0.0,1.0,1.0,0.0
-0.5696202531645569,-1.0,-1.0,-1.0,-1.0,-1.0,-1.0,0.0,1.0,0.0,0.0,1.0,0.0,0.0,1.0,1.0,0.0
-0.9240506329113924,-1.0,-1.0,-1.0,-1.0,-1.0,-1.0,0.0,0.0,1.0,1.0,0.0,0.0,0.0,1.0,1.0,0.0
-0.3924050632911392,-1.0,0.5491080498403724,-0.619325655453848,0.3336236116542357,0.6243751101035924,0.684489109934677,0.0,1.0,0.0,1.0,0.0,0.0,0.0,1.0,1.0,0.0
-0.8987341772151899,-1.0,-1.0,-1.0,-1.0,-1.0,-1.0,0.0,0.0,1.0,0.0,1.0,0.0,0.0,1.0,1.0,0.0
-0.7468354430379747,-1.0,-1.0,-1.0,-1.0,-1.0,-1.0,1.0,0.0,0.0,1.0,0.0,1.0,0.0,0.0,1.0,0.0
-0.06329113924050633,0.38982220273869994,-1.0,0.43082054816805226,-0.8616088449879872,-0.6387653512873415,0.40875143124949465,1.0,0.0,0.0,1.0,0.0,0.0,0.0,1.0,1.0,0.0
0.4177215189873418,-1.0,0.1292364766187366,0.3339245969733997,-0.4464353799519486,-0.33552996763665077,0.29871004050405636,1.0,0.0,0.0,1.0,0.0,0.0,0.0,1.0,1.0,0.0
-0.189873417721519,0.4444656814287311,0.32264795387498,-1.0,-1.0,-0.4410214483004983,0.4420514992505862,0.0,1.0,0.0,1.0,0.0,0.0,0.0,1.0,0.0,1.0
-1.0,-1.0,-1.0,-1.0,-1.0,-1.0,-1.0,1.0,0.0,0.0,1.0,0.0,0.0,0.0,1.0,1.0,0.0
-1.0,-1.0,-1.0,-1.0,-1.0,-1.0,-1.0,1.0,0.0,0.0,0.0,1.0,0.0,0.0,1.0,1.0,0.0
-0.5189873417721519,-1.0,-1.0,-1.0,-1.0,-1.0,-1.0,1.0,0.0,0.0,0.0,1.0,0.0,0.0,1.0,1.0,0.0
-0.8481012658227848,-1.0,-1.0,-1.0,-1.0,-1.0,-1.0,1.0,0.0,0.0,1.0,0.0,0.0,0.0,1.0,1.0,0.0
-0.08860759493670889,-0.2891937913590461,0.8262401462249871,-1.0,-0.09290287818746878,0.9674742667967524,0.9628046361952309,0.0,1.0,0.0,1.0,0.0,1.0,0.0,0.0,1.0,0.0
-1.0,-1.0,-1.0,-1.0,-1.0,-1.0,-1.0,0.0,0.0,1.0,1.0,0.0,0.0,0.0,1.0,1.0,0.0
-0.189873417721519,-0.8551412152377926,0.19480100638464948,-1.0,0.45211827025911866,0.5436810303824373,0.5824183439527166,0.0,1.0,0.0,1.0,0.0,0.0,0.0,1.0,1.0,0.0
0.1898734177215189,0.43070024256275286,0.41679782362530426,-1.0,-1.0,-1.0,0.48514466109897203,1.0,0.0,0.0,1.0,0.0,0.0,0.0,1.0,1.0,0.0
-0.31645569620253167,0.10412116396102222,0.24276092033332142,-1.0,-1.0,0.06717734256606134,0.3163263205488358,1.0,0.0,0.0,1.0,0.0,0.0,0.0,1.0,1.0,0.0
0.16455696202531644,-1.0,-1.0,-1.0,-1.0,-1.0,-1.0,0.0,1.0,0.0,0.0,1.0,0.0,0.0,1.0,1.0,0.0
0.06329113924050622,-1.0,-0.00416743105741868,-1.0,-0.05438845886969246,0.23698446479455004,0.2602675303888142,1.0,0.0,0.0,1.0,0.0,0.0,1.0,0.0,1.0,0.0
-0.3417721518987342,-1.0,-1.0,-1.0,-1.0,-1.0,-1.0,0.0,1.0,0.0,0.0,1.0,0.0,0.0,1.0,1.0,0.0
-0.26582278481012656,0.4234618722758692,-1.0,-1.0,-0.00913713596583432,-1.0,0.3262004918050192,0.0,0.0,1.0,1.0,0.0,0.0,0.0,1.0,1.0,0.0
-0.03797468354430378,-0.5408085165037282,-1.0,0.5413611967815477,-0.5212452626117072,-0.7205107241502491,0.38588461576938227,1.0,0.0,0.0,1.0,0.0,1.0,0.0,0.0,1.0,0.0
-0.03797468354430378,0.3951606041189326,-1.0,-1.0,-0.8616088449879872,-0.31428835037971126,0.27976247514746677,1.0,0.0,0.0,1.0,0.0,0.0,0.0,1.0,1.0,0.0
-0.5696202531645569,0.15474811190431637,-1.0,0.6331847270979993,-1.0,-1.0,0.48616728732836023,0.0,0.0,1.0,1.0,0.0,0.0,0.0,1.0,1.0,0.0
-0.6708860759493671,-1.0,0.277992740681422,-1.0,-0.27373324999522164,-0.5570199784244338,0.2665765333601957,1.0,0.0,0.0,1.0,0.0,1.0,0.0,0.0,1.0,0.0
-0.31645569620253167,-1.0,-1.0,-1.0,-1.0,-1.0,-1.0,0.0,1.0,0.0,0.0,1.0,0.0,0.0,1.0,1.0,0.0
-0.4177215189873418,-1.0,-1.0,-1.0,-1.0,-1.0,-1.0,1.0,0.0,0.0,0.0,1.0,0.0,1.0,0.0,1.0,0.0
-0.49367088607594933,-1.0,-1.0,-1.0,-1.0,-1.0,-1.0,1.0,0.0,0.0,0.0,1.0,0.0,0.0,1.0,1.0,0.0
-0.4683544303797469,0.3243145184868472,-0.553014717094753,-1.0,-1.0,-0.3076776303962323,0.22078168251909025,1.0,0.0,0.0,1.0,0.0,1.0,0.0,0.0,1.0,0.0
-0.26582278481012656,-1.0,-1.0,-1.0,-1.0,-1.0,-1.0,0.0,1.0,0.0,0.0,1.0,0.0,0.0,1.0,1.0,0.0
0.08860759493670889,-1.0,-1.0,-1.0,-1.0,-1.0,-1.0,1.0,0.0,0.0,0.0,1.0,0.0,0.0,1.0,1.0,0.0
0.06329113924050622,-1.0,0.04614407479573068,-1.0,0.23346504973511695,-0.7785099892122169,0.2494462624740159,1.0,0.0,0.0,1.0,0.0,1.0,0.0,0.0,1.0,0.0
-0.7974683544303798,-1.0,-1.0,-1.0,-1.0,-1.0,-1.0,1.0,0.0,0.0,1.0,0.0,0.0,0.0,1.0,1.0,0.0
-0.31645569620253167,-1.0,-1.0,-1.0,-1.0,-1.0,-1.0,0.0,1.0,0.0,1.0,0.0,0.0,0.0,1.0,1.0,0.0
0.16455696202531644,-1.0,0.2277050644493399,-1.0,0.13064535731112237,0.3430891803867153,0.4095739192418746,1.0,0.0,0.0,1.0,0.0,0.0,0.0,1.0,1.0,0.0
-0.11392405063291144,0.26033512446676066,0.3961696972682933,-1.0,-0.45932089796816633,-0.1712112581347347,0.4308520841755783,1.0,0.0,0.0,1.0,0.0,0.0,0.0,1.0,1.0,0.0
-0.3924050632911392,-1.0,-1.0,0.5444911210381829,-0.5212452626117072,-1.0,0.3872075958955621,1.0,0.0,0.0,1.0,0.0,1.0,0.0,0.0,1.0,0.0
-0.012658227848101333,-1.0,-1.0,-1.0,-1.0,-1.0,-1.0,1.0,0.0,0.0,0.0,1.0,0.0,0.0,1.0,1.0,0.0
-0.06329113924050633,-1.0,-0.45000744077727617,0.22947494093986975,0.6784517430271935,0.45465656738904325,0.6640238732359953,0.0,1.0,0.0,1.0,0.0,1.0,0.0,0.0,1.0,0.0
-0.9493670886075949,-1.0,-1.0,-1.0,-1.0,-1.0,-1.0,1.0,0.0,0.0,0.0,1.0,0.0,1.0,0.0,1.0,0.0
-0.5443037974683544,-0.4639587993442762,-1.0,0.48901577597740853,0.2959134105945809,-0.4287989852180887,0.42810596608417417,0.0,0.0,1.0,1.0,0.0,0.0,0.0,1.0,1.0,0.0
-0.9746835443037974,-1.0,-1.0,-1.0,-1.0,-1.0,-1.0,1.0,0.0,0.0,0.0,1.0,0.0,0.0,1.0,1.0,0.0
-0.4177215189873418,-0.6636483178693894,-0.7308880444503403,0.590831911718009,-1.0,-1.0,0.42821232071516,1.0,0.0,0.0,1.0,0.0,0.0,0.0,1.0,1.0,0.0
-0.3924050632911392,-1.0,-1.0,-1.0,-1.0,-1.0,-1.0,1.0,0.0,0.0,0.0,1.0,0.0,0.0,1.0,1.0,0.0
-0.620253164556962,-1.0,-0.27910935153911365,-1.0,-1.0,0.35751372257959635,0.29252886243144127,1.0,0.0,0.0,1.0,0.0,1.0,0.0,0.0,1.0,0.0
-0.31645569620253167,0.6957262441144434,0.23820076872056428,-1.0,0.030037547079654336,-0.13778606464980758,0.5892550757535986,0.0,1.0,0.0,1.0,0.0,1.0,0.0,0.0,1.0,0.0
-0.4177215189873418,0.6472228673645923,-1.0,0.486503732924207,-1.0,-1.0,0.5684214349906764,0.0,0.0,1.0,1.0,0.0,0.0,0.0,1.0,1.0,0.0
-0.2405063291139241,0.34673998376460435,-1.0,0.33865484943830326,-1.0,-0.023368788875902213,0.3667696985133764,1.0,0.0,0.0,1.0,0.0,0.0,0.0,1.0,1.0,0.0
-0.4683544303797469,-1.0,-1.0,-1.0,-1.0,-1.0,-1.0,1.0,0.0,0.0,0.0,1.0,0.0,1.0,0.0,1.0,0.0
0.620253164556962,-1.0,-1.0,-1.0,-1.0,-1.0,-1.0,1.0,0.0,0.0,0.0,1.0,0.0,0.0,1.0,1.0,0.0
-0.3417721518987342,0.582877325312293,-0.687570694869583,-0.658061401139107,-1.0,0.2975851710617399,0.49743846846088857,0.0,0.0,1.0,1.0,0.0,0.0,0.0,1.0,1.0,0.0
-0.44303797468354433,-0.7102824304755853,0.04256566486445523,-1.0,-1.0,0.28697172606584287,0.2764915990842052,1.0,0.0,0.0,1.0,0.0,0.0,0.0,1.0,1.0,0.0
-0.189873417721519,0.010720290663944976,0.3150343018896935,-1.0,0.03791233472553901,-0.8602553620751245,0.3486143772643635,1.0,0.0,0.0,1.0,0.0,0.0,0.0,1.0,1.0,0.0
0.620253164556962,-1.0,-1.0,-1.0,-1.0,-1.0,-1.0,0.0,0.0,1.0,0.0,1.0,1.0,0.0,0.0,1.0,0.0
0.06329113924050622,-1.0,-1.0,-1.0,-1.0,-1.0,-1.0,0.0,0.0,1.0,0.0,1.0,0.0,0.0,1.0,1.0,0.0
0.06329113924050622,-1.0,0.17301547503028059,-1.0,-0.8616088449879872,0.042415570671836544,0.21855936809891863,1.0,0.0,0.0,1.0,0.0,0.0,0.0,1.0,1.0,0.0
-0.44303797468354433,-1.0,-1.0,-1.0,-1.0,-1.0,-1.0,0.0,1.0,0.0,0.0,1.0,1.0,0.0,0.0,1.0,0.0
-0.31645569620253167,0.4282402274761008,-0.40898743448058295,-1.0,-1.0,-1.0,0.30691973401701733,1.0,0.0,0.0,1.0,0.0,0.0,0.0,1.0,1.0,0.0
0.06329113924050622,-1.0,0.3842731982964982,-1.0,0.43369770728819956,0.4206667790696166,0.566886477655745,0.0,1.0,0.0,1.0,0.0,1.0,0.0,0.0,1.0,0.0
-0.36708860759493667,-1.0,0.3417307928261484,0.5714135398007627,-0.14066657673737903,0.3343966602066861,0.5532045012673636,0.0,1.0,0.0,1.0,0.0,0.0,0.0,1.0,1.0,0.0
0.16455696202531644,0.7123145472685415,0.23012515401751754,-1.0,-0.4464353799519486,0.6336145338585386,0.7009961457471416,0.0,1.0,0.0,1.0,0.0,0.0,0.0,1.0,1.0,0.0
0.49367088607594933,-1.0,-1.0,-1.0,-1.0,-1.0,-1.0,0.0,1.0,0.0,0.0,1.0,1.0,0.0,0.0,1.0,0.0
-0.21518987341772156,0.5086586469399363,-1.0,-1.0,-1.0,-0.3768183431027897,0.3791283923881734,1.0,0.0,0.0,1.0,0.0,0.0,0.0,1.0,1.0,0.0
-0.4683544303797469,-1.0,-0.1725147632671038,-0.7665905942836959,-1.0,0.24760909878487913,0.20602138102752,1.0,0.0,0.0,1.0,0.0,0.0,0.0,1.0,1.0,0.0
0.2911392405063291,-1.0,-1.0,-1.0,-0.0765953501931399,0.4543598655016079,0.3889138576980744,1.0,0.0,0.0,1.0,0.0,0.0,0.0,1.0,1.0,0.0
-0.5949367088607596,-1.0,-1.0,-1.0,-1.0,-1.0,-1.0,1.0,0.0,0.0,0.0,1.0,1.0,0.0,0.0,1.0,0.0
-0.03797468354430378,-1.0,-1.0,-1.0,-1.0,0.45789179050584905,0.37857740740608836,1.0,0.0,0.0,1.0,0.0,0.0,1.0,0.0,1.0,0.0
-0.5949367088607596,-0.05274540125580973,-0.8654440222251701,0.4416550733992992,-1.0,-1.0,0.31265818434608805,1.0,0.0,0.0,1.0,0.0,0.0,0.0,1.0,1.0,0.0
-0.11392405063291144,-1.0,0.2787965647776125,0.728609438592124,-1.0,-0.8602553620751245,0.5878335752880273,0.0,1.0,0.0,1.0,0.0,0.0,0.0,1.0,1.0,0.0
0.139240506329114,-1.0,0.5207607665541019,-1.0,0.02183936530264141,-0.8602553620751245,0.5056875870047248,0.0,1.0,0.0,1.0,0.0,0.0,0.0,1.0,1.0,0.0
-0.189873417721519,-1.0,-1.0,-1.0,-1.0,-1.0,-1.0,0.0,0.0,1.0,1.0,0.0,0.0,0.0,1.0,0.0,1.0
-0.16455696202531644,-1.0,0.63690321568143,-1.0,0.06758334723605763,0.3833820488829991,0.6505665620486851,0.0,1.0,0.0,1.0,0.0,0.0,0.0,1.0,1.0,0.0
0.31645569620253156,-1.0,-1.0,-1.0,-1.0,-1.0,-1.0,0.0,1.0,0.0,0.0,1.0,1.0,0.0,0.0,1.0,0.0
-0.49367088607594933,-0.5933299775945341,0.3629555805030089,-1.0,-0.3573313781873907,-0.46794256496556785,0.34568639131349066,1.0,0.0,0.0,1.0,0.0,1.0,0.0,0.0,1.0,0.0
0.03797468354430378,0.032739274060491264,0.2623426848332051,-0.5865750491295142,-0.14613695271290328,-0.3431387535006696,0.2985001993479246,1.0,0.0,0.0,1.0,0.0,0.0,0.0,1.0,1.0,0.0
-0.4683544303797469,0.251615381508985,0.20287382207765914,-1.0,-1.0,-1.0,0.2944686937979426,1.0,0.0,0.0,1.0,0.0,0.0,0.0,1.0,1.0,0.0
-0.012658227848101333,-1.0,0.7219200491051727,-1.0,0.8944688532376666,0.4765493958588871,0.9047859659412805,0.0,1.0,0.0,1.0,0.0,0.0,0.0,1.0,1.0,0.0
-0.7721518987341772,-1.0,-1.0,-1.0,-1.0,-1.0,-1.0,0.0,0.0,1.0,0.0,1.0,0.0,0.0,1.0,1.0,0.0
-0.2911392405063291,-1.0,-1.0,-1.0,-1.0,-1.0,-1.0,0.0,0.0,1.0,0.0,1.0,0.0,0.0,1.0,1.0,0.0
-0.08860759493670889,-1.0,-1.0,-1.0,-1.0,0.4853955922474027,0.4045849066907412,1.0,0.0,0.0,1.0,0.0,0.0,0.0,1.0,1.0,0.0
0.26582278481012667,-1.0,-1.0,-1.0,-1.0,-1.0,-1.0,0.0,1.0,0.0,0.0,1.0,0.0,0.0,1.0,1.0,0.0
-0.3417721518987342,-1.0,0.26920489830879446,-0.852735061170152,0.3852717438298723,0.5582947687217947,0.5809447396067009,0.0,1.0,0.0,1.0,0.0,0.0,0.0,1.0,1.0,0.0
-0.4683544303797469,-1.0,0.4942782807652777,-0.5107964623092589,-0.14613695271290328,-0.06955064711560244,0.48244387308838577,1.0,0.0,0.0,1.0,0.0,0.0,1.0,0.0,1.0,0.0
-0.6962025316455696,-1.0,-1.0,-1.0,-1.0,-1.0,-1.0,1.0,0.0,0.0,0.0,1.0,0.0,0.0,1.0,1.0,0.0
-0.44303797468354433,0.5599858930645669,-0.14934678377026334,-1.0,-0.487891873354127,0.47641636457981074,0.5473761138258197,0.0,1.0,0.0,1.0,0.0,1.0,0.0,0.0,1.0,0.0
-0.4683544303797469,0.2335739299735522,-0.22927406261980054,-1.0,-1.0,0.14240202956382264,0.250529451019313,1.0,0.0,0.0,1.0,0.0,0.0,0.0,1.0,1.0,0.0
-0.5443037974683544,-1.0,0.31145176437716837,-0.7665905942836959,-1.0,-1.0,0.28836767166671073,1.0,0.0,0.0,1.0,0.0,0.0,0.0,1.0,1.0,0.0
-0.31645569620253167,0.5035441368410873,-1.0,-1.0,-1.0,-1.0,0.3715522694647815,0.0,0.0,1.0,1.0,0.0,1.0,0.0,0.0,1.0,0.0
-0.3417721518987342,0.4981403683263643,-1.0,-0.11975623769690613,-1.0,0.1894717927068199,0.4207310045924444,0.0,0.0,1.0,1.0,0.0,0.0,0.0,1.0,0.0,1.0
-0.5189873417721519,-1.0,-1.0,-1.0,-1.0,-1.0,-1.0,0.0,1.0,0.0,0.0,1.0,1.0,0.0,0.0,1.0,0.0
-0.11392405063291144,-1.0,-1.0,-1.0,-1.0,-1.0,-1.0,0.0,0.0,1.0,0.0,1.0,0.0,0.0,1.0,1.0,0.0
0.2911392405063291,-1.0,-1.0,-1.0,0.25799115694638375,-0.48288339142554504,0.2053380803995981,1.0,0.0,0.0,1.0,0.0,0.0,0.0,1.0,1.0,0.0
-0.3924050632911392,-1.0,-0.3333832713674393,0.4295536487852578,-1.0,-1.0,0.28947155819687853,1.0,0.0,0.0,1.0,0.0,1.0,0.0,0.0,1.0,0.0
-0.26582278481012656,0.3065669519623955,-1.0,-0.4905470142953362,0.4230884742655687,-1.0,0.4261813664071099,0.0,0.0,1.0,1.0,0.0,0.0,0.0,1.0,1.0,0.0
-0.31645569620253167,-0.5408085165037282,0.5888043427679408,-1.0,-0.47309575479577604,-0.181378566865096,0.5644045461503511,0.0,1.0,0.0,1.0,0.0,0.0,0.0,1.0,1.0,0.0
-0.36708860759493667,-0.5654236457133779,-1.0,-1.0,0.35319938775294557,-1.0,0.2936089824375072,1.0,0.0,0.0,1.0,0.0,0.0,0.0,1.0,1.0,0.0
-0.26582278481012656,-0.38465038264461693,-0.5963320666755103,-1.0,-1.0,0.3425728961196193,0.2755466619768592,1.0,0.0,0.0,1.0,0.0,0.0,0.0,1.0,1.0,0.0
-1.0,-1.0,-1.0,-1.0,-1.0,-1.0,-1.0,0.0,0.0,1.0,1.0,0.0,0.0,0.0,1.0,1.0,0.0
-0.4177215189873418,0.2277844447782067,-1.0,0.41069737557950914,-1.0,-1.0,0.33850415878634776,0.0,0.0,1.0,1.0,0.0,0.0,0.0,1.0,1.0,0.0
-0.21518987341772156,-0.12441641324590191,0.48700622463872856,-1.0,0.7507936556589305,-0.8602553620751245,0.7275332109391148,0.0,1.0,0.0,1.0,0.0,1.0,0.0,0.0,1.0,0.0
-0.4177215189873418,-1.0,0.7455436843964711,-1.0,-0.8616088449879872,-0.7785099892122169,0.7142997714919248,0.0,1.0,0.0,1.0,0.0,1.0,0.0,0.0,1.0,0.0
-0.31645569620253167,-1.0,0.3894828165625768,-1.0,0.5417038584688059,-1.0,0.5578930697805511,1.0,0.0,0.0,1.0,0.0,1.0,0.0,0.0,1.0,0.0
-0.1392405063291139,-1.0,-1.0,-1.0,-1.0,-1.0,-1.0,0.0,0.0,1.0,0.0,1.0,1.0,0.0,0.0,1.0,0.0
-0.31645569620253167,-1.0,-1.0,-1.0,-1.0,-1.0,-1.0,0.0,1.0,0.0,0.0,1.0,1.0,0.0,0.0,1.0,0.0
0.4177215189873418,-1.0,-0.687570694869583,0.41455035365870985,-1.0,-1.0,0.27026408877763064,1.0,0.0,0.0,1.0,0.0,0.0,0.0,1.0,1.0,0.0
-0.06329113924050633,-1.0,-1.0,-1.0,-1.0,-1.0,-1.0,0.0,0.0,1.0,0.0,1.0,0.0,0.0,1.0,1.0,0.0
0.03797468354430378,-1.0,-1.0,-1.0,-1.0,-1.0,-1.0,0.0,1.0,0.0,0.0,1.0,1.0,0.0,0.0,1.0,0.0
0.240506329113924,-0.6636483178693894,-0.26103833682763355,0.539400260489421,0.3877734932171961,-1.0,0.4910468396215808,0.0,1.0,0.0,1.0,0.0,0.0,0.0,1.0,1.0,0.0
-0.5443037974683544,-1.0,-0.8654440222251701,-1.0,-0.12262083549788372,0.3543691889473477,0.2985001993479246,1.0,0.0,0.0,1.0,0.0,0.0,0.0,1.0,1.0,0.0
-0.21518987341772156,0.5462505202817336,-0.687570694869583,-0.16885786344836606,-0.6114869098077889,-1.0,0.4172718164439144,1.0,0.0,0.0,1.0,0.0,0.0,0.0,1.0,1.0,0.0
-0.26582278481012656,-0.7102824304755853,0.3277013387984249,-1.0,0.30070299518919663,0.32976802850279907,0.4791353170256405,0.0,1.0,0.0,1.0,0.0,0.0,0.0,1.0,1.0,0.0
-0.4177215189873418,0.21817415159922904,0.28639993236026595,-0.558205183510456,-1.0,-1.0,0.33524232977670954,1.0,0.0,0.0,1.0,0.0,0.0,0.0,1.0,1.0,0.0
-0.189873417721519,-1.0,-1.0,-1.0,-1.0,-1.0,-1.0,0.0,0.0,1.0,0.0,1.0,1.0,0.0,0.0,1.0,0.0
-0.3417721518987342,-1.0,-1.0,-1.0,-1.0,-1.0,-1.0,0.0,1.0,0.0,0.0,1.0,0.0,0.0,1.0,1.0,0.0
-0.31645569620253167,0.4963617443957504,-0.06584317251813909,-1.0,-1.0,-1.0,0.38226601987417763,0.0,0.0,1.0,1.0,0.0,1.0,0.0,0.0,1.0,0.0
0.16455696202531644,-1.0,-1.0,-1.0,-1.0,-1.0,-1.0,1.0,0.0,0.0,0.0,1.0,0.0,0.0,1.0,1.0,0.0
-0.5443037974683544,0.7329829224794004,0.26436934409556656,0.5330944814703444,-0.7806552088744709,-1.0,0.6593689168600918,0.0,0.0,1.0,1.0,0.0,1.0,0.0,0.0,1.0,0.0
0.11392405063291133,-1.0,-1.0,-1.0,-1.0,-1.0,-1.0,1.0,0.0,0.0,0.0,1.0,0.0,0.0,1.0,1.0,0.0
-0.7974683544303798,-1.0,-1.0,-1.0,-1.0,-1.0,-1.0,1.0,0.0,0.0,1.0,0.0,1.0,0.0,0.0,1.0,0.0
-0.7721518987341772,-1.0,-1.0,-1.0,-1.0,-1.0,-1.0,1.0,0.0,0.0,1.0,0.0,0.0,0.0,1.0,1.0,0.0
0.03797468354430378,0.6554225228380726,0.16259660560742062,-0.34328207546548817,-1.0,-1.0,0.5370876707557841,0.0,0.0,1.0,1.0,0.0,0.0,0.0,1.0,1.0,0.0
-0.620253164556962,-1.0,-1.0,-1.0,-1.0,-1.0,-1.0,1.0,0.0,0.0,0.0,1.0,0.0,0.0,1.0,1.0,0.0
-0.26582278481012656,-1.0,-1.0,-1.0,-1.0,-1.0,-1.0,1.0,0.0,0.0,0.0,1.0,1.0,0.0,0.0,1.0,0.0
0.06329113924050622,-1.0,-1.0,-1.0,-1.0,-1.0,-1.0,0.0,1.0,0.0,0.0,1.0,0.0,0.0,1.0,1.0,0.0
-0.3924050632911392,-1.0,0.5777181215991463,0.4272540165053338,-0.5402745340816825,0.3461594259568068,0.6242564738412264,0.0,1.0,0.0,1.0,0.0,0.0,0.0,1.0,1.0,0.0
-0.5696202531645569,-1.0,-1.0,-1.0,-1.0,-1.0,-1.0,1.0,0.0,0.0,0.0,1.0,1.0,0.0,0.0,1.0,0.0
-0.11392405063291144,-1.0,-1.0,-1.0,-1.0,-1.0,-1.0,0.0,0.0,1.0,0.0,1.0,0.0,0.0,1.0,1.0,0.0
-0.31645569620253167,-1.0,-1.0,-1.0,-1.0,-1.0,-1.0,1.0,0.0,0.0,0.0,1.0,0.0,0.0,1.0,1.0,0.0
-0.3924050632911392,-1.0,-1.0,-1.0,-1.0,-1.0,-1.0,0.0,1.0,0.0,0.0,1.0,0.0,0.0,1.0,1.0,0.0
-0.2911392405063291,0.317165749571533,-1.0,0.32119381268187763,-1.0,-1.0,0.3256550245627965,1.0,0.0,0.0,1.0,0.0,0.0,1.0,0.0,1.0,0.0
-0.3924050632911392,0.05401053912666498,-0.5963320666755103,0.16617091023917552,0.07135055773542098,0.2334628224828259,0.3296193401555303,1.0,0.0,0.0,1.0,0.0,0.0,1.0,0.0,1.0,0.0
-0.9493670886075949,-1.0,-1.0,-1.0,-1.0,-1.0,-1.0,1.0,0.0,0.0,0.0,1.0,0.0,0.0,1.0,1.0,0.0
0.26582278481012667,-1.0,0.14208961494740602,-1.0,0.28405533724371734,-0.6755229990923698,0.31363034693773617,1.0,0.0,0.0,1.0,0.0,0.0,0.0,1.0,1.0,0.0
-0.4177215189873418,-1.0,-1.0,-0.5331811885673919,0.3932438691927205,-1.0,0.3317474441638568,0.0,0.0,1.0,1.0,0.0,0.0,0.0,1.0,1.0,0.0
-0.26582278481012656,-1.0,-1.0,-1.0,-1.0,-1.0,-1.0,0.0,1.0,0.0,0.0,1.0,1.0,0.0,0.0,1.0,0.0
-0.03797468354430378,-1.0,0.5817465432813846,-1.0,0.45839213804154455,0.4222398083458587,0.6616324870410843,0.0,1.0,0.0,1.0,0.0,1.0,0.0,0.0,1.0,0.0
-1.0,-1.0,-1.0,-1.0,-1.0,-1.0,-1.0,0.0,0.0,1.0,1.0,0.0,1.0,0.0,0.0,1.0,0.0
0.16455696202531644,-1.0,-1.0,-1.0,-1.0,-1.0,-1.0,1.0,0.0,0.0,0.0,1.0,0.0,0.0,1.0,1.0,0.0
-0.21518987341772156,-1.0,-1.0,-1.0,-1.0,-1.0,-1.0,0.0,0.0,1.0,0.0,1.0,0.0,0.0,1.0,1.0,0.0
-0.5443037974683544,-1.0,-1.0,0.3802943997379,-0.3143830504493078,-1.0,0.24698634871665126,1.0,0.0,0.0,1.0,0.0,0.0,0.0,1.0,1.0,0.0
-0.5443037974683544,-1.0,-1.0,-1.0,-1.0,-1.0,-1.0,1.0,0.0,0.0,0.0,1.0,0.0,0.0,1.0,1.0,0.0
-0.2405063291139241,-1.0,-1.0,-1.0,-1.0,-1.0,-1.0,0.0,0.0,1.0,0.0,1.0,0.0,0.0,1.0,1.0,0.0
-0.1392405063291139,-1.0,-1.0,-1.0,-1.0,-1.0,-1.0,0.0,1.0,0.0,0.0,1.0,0.0,0.0,1.0,1.0,0.0
-1.0,-1.0,-1.0,-1.0,-1.0,-1.0,-1.0,1.0,0.0,0.0,1.0,0.0,1.0,0.0,0.0,1.0,0.0
-0.5443037974683544,-0.7704042582518641,-0.13987547893092322,0.3507769759818924,-0.27373324999522164,-1.0,0.2486298129559037,1.0,0.0,0.0,1.0,0.0,1.0,0.0,0.0,1.0,0.0
-1.0,-1.0,-1.0,-1.0,-1.0,-1.0,-1.0,0.0,0.0,1.0,1.0,0.0,0.0,0.0,1.0,1.0,0.0
-0.31645569620253167,-1.0,-1.0,-1.0,-1.0,-1.0,-1.0,0.0,1.0,0.0,0.0,1.0,1.0,0.0,0.0,1.0,0.0
-0.6708860759493671,0.14969172694154254,-1.0,-0.019478893276365206,0.20786699255997343,-0.4540329883045867,0.270020458493869,1.0,0.0,0.0,1.0,0.0,0.0,0.0,1.0,1.0,0.0
-0.2911392405063291,-1.0,0.8069189532065049,-1.0,-1.0,-0.48288339142554504,0.7747101786516404,0.0,1.0,0.0,1.0,0.0,1.0,0.0,0.0,1.0,0.0
-0.36708860759493667,-1.0,-1.0,-1.0,-1.0,-1.0,-1.0,1.0,0.0,0.0,0.0,1.0,0.0,0.0,1.0,1.0,0.0
-0.620253164556962,-0.8551412152377926,-0.3333832713674393,0.5917814480335037,-1.0,-1.0,0.43158471461206194,1.0,0.0,0.0,1.0,0.0,0.0,1.0,0.0,1.0,0.0
0.16455696202531644,0.4329117663788118,-1.0,0.03250795289206865,-0.7232176899759744,-0.24645255417778467,0.33884428496238117,0.0,0.0,1.0,1.0,0.0,0.0,0.0,1.0,1.0,0.0
0.4177215189873418,0.052657867411428194,0.4497011755497773,-1.0,0.16082740037964172,0.47971609283927275,0.570247217543612,0.0,1.0,0.0,1.0,0.0,0.0,0.0,1.0,1.0,0.0
-0.5189873417721519,0.10198862453447033,-0.26103833682763355,-1.0,0.2598145142129149,-0.8602553620751245,0.2717193681429104,1.0,0.0,0.0,1.0,0.0,0.0,0.0,1.0,1.0,0.0
0.139240506329114,-1.0,-1.0,-1.0,-1.0,-1.0,-1.0,0.0,1.0,0.0,0.0,1.0,1.0,0.0,0.0,1.0,0.0
-0.5189873417721519,-1.0,-1.0,0.4059228286503678,-0.3419656266234128,-1.0,0.2680601258366466,1.0,0.0,0.0,1.0,0.0,0.0,1.0,0.0,1.0,0.0
-0.1392405063291139,0.367893319386837,-0.3675277377538795,0.19486974376439226,-1.0,-1.0,0.3163263205488358,1.0,0.0,0.0,1.0,0.0,0.0,0.0,1.0,1.0,0.0
-0.9240506329113924,-1.0,-1.0,-1.0,-1.0,-1.0,-1.0,1.0,0.0,0.0,0.0,1.0,0.0,0.0,1.0,1.0,0.0
-0.189873417721519,-1.0,-1.0,-1.0,-1.0,-1.0,-1.0,1.0,0.0,0.0,0.0,1.0,0.0,0.0,1.0,1.0,0.0
-0.4683544303797469,0.3666887797386742,-1.0,-1.0,-1.0,-0.4410214483004983,0.25079928924001504,1.0,0.0,0.0,1.0,0.0,0.0,0.0,1.0,1.0,0.0
-0.1392405063291139,-1.0,-1.0,-1.0,-1.0,-1.0,-1.0,0.0,1.0,0.0,0.0,1.0,1.0,0.0,0.0,1.0,0.0
0.31645569620253156,-1.0,-0.7867338209790253,-1.0,0.8575132350625783,0.3504304283398385,0.7872414544157686,0.0,1.0,0.0,1.0,0.0,1.0,0.0,0.0,1.0,0.0
-0.5443037974683544,-1.0,-1.0,-1.0,-1.0,-1.0,-1.0,0.0,0.0,1.0,0.0,1.0,0.0,0.0,1.0,1.0,0.0
0.11392405063291133,-1.0,-1.0,-1.0,-1.0,-1.0,-1.0,0.0,1.0,0.0,0.0,1.0,0.0,0.0,1.0,1.0,0.0
-0.44303797468354433,-1.0,-1.0,-1.0,-1.0,-1.0,-1.0,0.0,0.0,1.0,1.0,0.0,0.0,0.0,1.0,1.0,0.0
-0.9493670886075949,-1.0,-1.0,-1.0,-1.0,-1.0,-1.0,0.0,0.0,1.0,0.0,1.0,0.0,0.0,1.0,1.0,0.0
-0.8987341772151899,-1.0,-1.0,-1.0,-1.0,-1.0,-1.0,1.0,0.0,0.0,0.0,1.0,0.0,0.0,1.0,1.0,0.0
-0.44303797468354433,-1.0,-1.0,-1.0,-1.0,0.45257042568194383,0.37354554333320267,1.0,0.0,0.0,1.0,0.0,0.0,0.0,1.0,1.0,0.0
0.36708860759493667,-1.0,-1.0,-1.0,-1.0,-1.0,-1.0,1.0,0.0,0.0,0.0,1.0,0.0,0.0,1.0,1.0,0.0
-0.189873417721519,-1.0,0.14742300650283569,-1.0,0.14209590112450243,0.33250360501985443,0.382941332911537,1.0,0.0,0.0,1.0,0.0,0.0,0.0,1.0,1.0,0.0
0.36708860759493667,-1.0,-1.0,-1.0,-1.0,-1.0,-1.0,1.0,0.0,0.0,0.0,1.0,0.0,0.0,1.0,1.0,0.0
-0.7974683544303798,-1.0,-1.0,-1.0,-1.0,-1.0,-1.0,0.0,0.0,1.0,1.0,0.0,0.0,0.0,1.0,1.0,0.0
-0.2405063291139241,-1.0,-1.0,-1.0,-1.0,-1.0,-1.0,0.0,1.0,0.0,0.0,1.0,0.0,0.0,1.0,1.0,0.0
0.3924050632911391,-1.0,0.19272923387205654,0.19563536043776808,-0.22297381961557772,-1.0,0.27220200301106146,1.0,0.0,0.0,1.0,0.0,0.0,1.0,0.0,1.0,0.0
-0.2911392405063291,-1.0,0.8121982360277571,-0.08845586496904323,-0.24446295258768158,0.23698446479455004,0.7891401533640947,0.0,1.0,0.0,1.0,0.0,1.0,0.0,0.0,1.0,0.0
-0.5443037974683544,-1.0,-1.0,-1.0,-0.10607179757566865,0.4348919449880342,0.3698270027479391,1.0,0.0,0.0,1.0,0.0,0.0,0.0,1.0,1.0,0.0
0.012658227848101333,0.049925971642005296,-1.0,0.39603926070264595,-1.0,-1.0,0.2892512916546419,1.0,0.0,0.0,1.0,0.0,0.0,0.0,1.0,1.0,0.0
-0.5696202531645569,-1.0,-1.0,-1.0,-1.0,-1.0,-1.0,0.0,1.0,0.0,0.0,1.0,0.0,0.0,1.0,1.0,0.0
-0.4683544303797469,-0.5187895331071819,-1.0,-1.0,-0.34950071834211405,0.35067886816933624,0.285017134263297,1.0,0.0,0.0,1.0,0.0,0.0,0.0,1.0,1.0,0.0
0.1898734177215189,-0.6636483178693894,0.3924832355184735,0.42827914948069634,0.3282855713633015,-0.7785099892122169,0.520794391491693,0.0,1.0,0.0,1.0,0.0,0.0,0.0,1.0,1.0,0.0
0.26582278481012667,0.4044389882982464,-1.0,0.34929899856451563,0.44173864227986215,-1.0,0.5109951426239903,0.0,0.0,1.0,1.0,0.0,0.0,0.0,1.0,0.0,1.0
0.139240506329114,-1.0,-1.0,-1.0,-1.0,-1.0,-1.0,0.0,1.0,0.0,0.0,1.0,0.0,0.0,1.0,1.0,0.0
-0.6962025316455696,-1.0,-1.0,-1.0,-1.0,-1.0,-1.0,1.0,0.0,0.0,0.0,1.0,0.0,0.0,1.0,1.0,0.0
-0.4177215189873418,-1.0,-1.0,-1.0,-1.0,-1.0,-1.0,0.0,1.0,0.0,0.0,1.0,1.0,0.0,0.0,1.0,0.0
-0.8227848101265822,-1.0,-1.0,-1.0,-1.0,-1.0,-1.0,1.0,0.0,0.0,0.0,1.0,1.0,0.0,0.0,1.0,0.0
-0.11392405063291144,-1.0,-1.0,-1.0,-1.0,-1.0,-1.0,1.0,0.0,0.0,0.0,1.0,0.0,0.0,1.0,1.0,0.0
-0.21518987341772156,-1.0,-1.0,-1.0,-1.0,-1.0,-1.0,0.0,1.0,0.0,0.0,1.0,0.0,0.0,1.0,1.0,0.0
-0.31645569620253167,-1.0,-1.0,-1.0,-1.0,-1.0,-1.0,1.0,0.0,0.0,0.0,1.0,0.0,0.0,1.0,1.0,0.0
-0.44303797468354433,-1.0,-1.0,-1.0,-1.0,-1.0,-1.0,1.0,0.0,0.0,1.0,0.0,0.0,0.0,1.0,1.0,0.0
-0.2911392405063291,-0.8551412152377926,-1.0,0.43507235898640384,-1.0,-1.0,0.28792432106899324,1.0,0.0,0.0,1.0,0.0,1.0,0.0,0.0,1.0,0.0
-0.26582278481012656,-1.0,-1.0,-1.0,-1.0,-1.0,-1.0,0.0,0.0,1.0,0.0,1.0,0.0,0.0,1.0,1.0,0.0
-0.3417721518987342,0.5744444270807765,-1.0,0.045291260509480846,-1.0,-1.0,0.4496122116784955,1.0,0.0,0.0,1.0,0.0,0.0,0.0,1.0,0.0,1.0
-0.4683544303797469,-1.0,-1.0,-1.0,-1.0,-1.0,-1.0,1.0,0.0,0.0,0.0,1.0,0.0,0.0,1.0,1.0,0.0
-0.8227848101265822,-1.0,-1.0,-1.0,-1.0,-1.0,-1.0,0.0,0.0,1.0,1.0,0.0,0.0,0.0,1.0,1.0,0.0
0.1898734177215189,-1.0,0.5337691028734179,-1.0,0.29981365637780444,-0.5570199784244338,0.549019333826019,0.0,1.0,0.0,1.0,0.0,1.0,0.0,0.0,1.0,0.0
0.2911392405063291,-1.0,-1.0,-1.0,-1.0,0.36712154252528806,0.29274537656158284,1.0,0.0,0.0,1.0,0.0,0.0,0.0,1.0,1.0,0.0
-0.2911392405063291,-0.13413849409826228,0.03141676930937387,0.3378737515108996,-1.0,-1.0,0.2760197159940232,1.0,0.0,0.0,1.0,0.0,0.0,0.0,1.0,1.0,0.0
-0.3417721518987342,0.6612571859541112,-0.09108950738741595,0.7846951157571602,-0.4464353799519486,-0.6755229990923698,0.6986171034797626,0.0,0.0,1.0,1.0,0.0,0.0,0.0,1.0,1.0,0.0
-0.4683544303797469,0.48433039087129015,0.008073618722026277,0.3470625737357018,-1.0,0.2962886463611487,0.49751240318010015,0.0,0.0,1.0,1.0,0.0,0.0,0.0,1.0,1.0,0.0
-0.44303797468354433,-1.0,-0.41845873931992317,0.5493182664442768,-0.7806552088744709,-0.03479907452996045,0.4075702585050258,1.0,0.0,0.0,1.0,0.0,0.0,0.0,1.0,1.0,0.0
0.21518987341772156,-1.0,-1.0,-1.0,-1.0,-1.0,-1.0,1.0,0.0,0.0,0.0,1.0,0.0,1.0,0.0,1.0,0.0
-0.49367088607594933,-0.5187895331071819,-1.0,0.5484487219960477,-0.09079009410092975,-0.19208598012003486,0.4088691470118626,1.0,0.0,0.0,1.0,0.0,0.0,0.0,1.0,1.0,0.0
-0.5443037974683544,-1.0,-1.0,-1.0,-1.0,-1.0,-1.0,1.0,0.0,0.0,0.0,1.0,0.0,1.0,0.0,1.0,0.0
-0.6455696202531646,-1.0,-1.0,-1.0,-1.0,-1.0,-1.0,1.0,0.0,0.0,0.0,1.0,0.0,1.0,0.0,1.0,0.0
-0.8227848101265822,-1.0,-1.0,-1.0,-1.0,-1.0,-1.0,1.0,0.0,0.0,0.0,1.0,0.0,0.0,1.0,1.0,0.0
-0.4177215189873418,-1.0,-1.0,-1.0,-1.0,-1.0,-1.0,1.0,0.0,0.0,0.0,1.0,0.0,0.0,1.0,1.0,0.0
-0.26582278481012656,-1.0,-1.0,0.4418950038561329,-1.0,-1.0,0.29382427401442257,1.0,0.0,0.0,1.0,0.0,0.0,0.0,1.0,1.0,0.0
-0.06329113924050633,-0.08421317882056001,0.04614407479573068,-1.0,0.21661918604587216,0.308893306517499,0.38090817459612136,0.0,1.0,0.0,1.0,0.0,0.0,0.0,1.0,1.0,0.0
0.08860759493670889,-1.0,-1.0,-1.0,-1.0,-1.0,-1.0,0.0,0.0,1.0,0.0,1.0,0.0,0.0,1.0,1.0,0.0
-0.31645569620253167,-1.0,0.4647355192746021,-1.0,0.5336714058482335,-1.0,0.5839746029713462,0.0,1.0,0.0,1.0,0.0,0.0,0.0,1.0,1.0,0.0
-0.31645569620253167,-1.0,-0.553014717094753,-1.0,-0.2585621900439785,0.802140407446924,0.7053193627070968,0.0,1.0,0.0,1.0,0.0,0.0,0.0,1.0,1.0,0.0
-0.3924050632911392,-1.0,-0.13306343816809363,0.39334419204446003,-1.0,-0.8602553620751245,0.2724428630192193,1.0,0.0,0.0,1.0,0.0,0.0,0.0,1.0,1.0,0.0
-0.5696202531645569,-1.0,-1.0,-1.0,-1.0,-1.0,-1.0,1.0,0.0,0.0,0.0,1.0,0.0,0.0,1.0,1.0,0.0
-0.31645569620253167,0.4769783294433121,-0.5176218654293654,-0.7054701223403039,-1.0,-0.6755229990923698,0.3502218123449241,0.0,0.0,1.0,1.0,0.0,1.0,0.0,0.0,1.0,0.0
-1.0,-1.0,-1.0,-1.0,-1.0,-1.0,-1.0,1.0,0.0,0.0,0.0,1.0,0.0,0.0,1.0,1.0,0.0
-0.26582278481012656,-1.0,0.8136830313487189,-0.45505497126441197,0.3336236116542357,0.20943897817822266,0.8003328417887217,0.0,1.0,0.0,1.0,0.0,1.0,0.0,0.0,1.0,0.0
-0.31645569620253167,-1.0,0.4010735168855859,-1.0,0.4265829446364049,-1.0,0.5012455515431526,1.0,0.0,0.0,1.0,0.0,0.0,0.0,1.0,1.0,0.0
-0.1392405063291139,0.4096670489676322,-0.2329717599790495,0.2597910039568072,-1.0,-0.3510459981847396,0.3669164016149582,0.0,0.0,1.0,1.0,0.0,0.0,0.0,1.0,1.0,0.0
-0.36708860759493667,-1.0,-1.0,-1.0,-1.0,-1.0,-1.0,1.0,0.0,0.0,0.0,1.0,1.0,0.0,0.0,1.0,0.0
-0.03797468354430378,-1.0,-1.0,-1.0,-1.0,-1.0,-1.0,0.0,1.0,0.0,0.0,1.0,1.0,0.0,0.0,1.0,0.0
-0.26582278481012656,0.19547108559381954,-1.0,-0.17315009825902838,0.3683038808332544,-1.0,0.3667696985133764,0.0,0.0,1.0,1.0,0.0,0.0,0.0,1.0,1.0,0.0
-0.44303797468354433,-1.0,-0.27910935153911365,0.38877501815880855,-1.0,-0.11654444739286807,0.2764915990842052,1.0,0.0,0.0,1.0,0.0,0.0,0.0,1.0,1.0,0.0
-0.5696202531645569,-1.0,-0.40898743448058295,-1.0,-0.45932089796816633,0.36803483466976883,0.3007958454584503,1.0,0.0,0.0,1.0,0.0,0.0,1.0,0.0,1.0,0.0
-0.5949367088607596,-1.0,-0.1780615189567517,0.559622154077918,-1.0,-1.0,0.4076887056483811,1.0,0.0,0.0,1.0,0.0,0.0,0.0,1.0,1.0,0.0
-0.189873417721519,-1.0,-1.0,-1.0,0.17849753635573973,0.4322586485004498,0.4043440466825834,1.0,0.0,0.0,1.0,0.0,0.0,0.0,1.0,1.0,0.0
-0.3417721518987342,0.3925084485964865,-1.0,-1.0,0.5624387483343987,-0.8602553620751245,0.5437567909328243,0.0,0.0,1.0,1.0,0.0,0.0,0.0,1.0,1.0,0.0
0.06329113924050622,-1.0,-1.0,-0.25713760857903223,0.3277696634973324,-1.0,0.2755466619768592,1.0,0.0,0.0,1.0,0.0,0.0,0.0,1.0,1.0,0.0
0.03797468354430378,-1.0,-1.0,-1.0,-1.0,-1.0,-1.0,0.0,1.0,0.0,0.0,1.0,0.0,0.0,1.0,1.0,0.0
-0.4177215189873418,-1.0,-1.0,-1.0,-1.0,-1.0,-1.0,0.0,0.0,1.0,0.0,1.0,0.0,0.0,1.0,1.0,0.0
-0.189873417721519,0.48875536343482917,-1.0,-0.1336929311778977,-1.0,-1.0,0.3667696985133764,0.0,0.0,1.0,1.0,0.0,0.0,0.0,1.0,1.0,0.0
0.03797468354430378,-1.0,0.25733087250695474,-1.0,0.3680929392045056,-1.0,0.40590422455892505,0.0,1.0,0.0,1.0,0.0,0.0,0.0,1.0,0.0,1.0
-0.4177215189873418,-1.0,-1.0,-1.0,-1.0,0.3190205498868133,0.24726124518980264,1.0,0.0,0.0,1.0,0.0,0.0,0.0,1.0,1.0,0.0
-0.3924050632911392,0.3895516693023382,-1.0,-0.3338379252482363,-1.0,-1.0,0.2729236720284265,1.0,0.0,0.0,1.0,0.0,0.0,0.0,1.0,1.0,0.0
0.16455696202531644,-1.0,0.7499373130881981,-1.0,0.381360624972676,0.02445632478948534,0.7439071846034877,0.0,1.0,0.0,1.0,0.0,1.0,0.0,0.0,1.0,0.0
-0.6708860759493671,0.22953819255562014,-0.18669063921329143,0.359081419927634,0.30129369453438803,-1.0,0.4179462534837599,0.0,0.0,1.0,1.0,0.0,0.0,1.0,0.0,1.0,0.0
-0.7974683544303798,-1.0,-1.0,-1.0,-1.0,-1.0,-1.0,1.0,0.0,0.0,0.0,1.0,0.0,0.0,1.0,1.0,0.0
-0.3924050632911392,-1.0,-1.0,-1.0,-1.0,-1.0,-1.0,1.0,0.0,0.0,0.0,1.0,0.0,0.0,1.0,1.0,0.0
0.06329113924050622,-1.0,-1.0,0.14004666220565287,0.02183936530264141,0.4310956767771752,0.40518572871687875,1.0,0.0,0.0,1.0,0.0,0.0,0.0,1.0,1.0,0.0
0.06329113924050622,-0.296278776647921,-1.0,-1.0,-1.0,0.28697172606584287,0.22576603626421932,1.0,0.0,0.0,1.0,0.0,1.0,0.0,0.0,1.0,0.0
-0.3924050632911392,0.4872342216980503,-1.0,-1.0,-0.8616088449879872,-0.7205107241502491,0.3572921160037634,1.0,0.0,0.0,1.0,0.0,0.0,0.0,1.0,1.0,0.0
-0.5189873417721519,-1.0,-1.0,-1.0,-1.0,-1.0,-1.0,1.0,0.0,0.0,0.0,1.0,1.0,0.0,0.0,1.0,0.0
-0.21518987341772156,-0.8551412152377926,-0.09655812935016594,0.5296321198569711,0.3076785949137033,-0.023368788875902213,0.473014440007121,0.0,1.0,0.0,1.0,0.0,0.0,0.0,1.0,1.0,0.0
-0.2911392405063291,-1.0,0.8543229654267346,-1.0,0.3644724069686147,0.19384288850225784,0.8378958232786269,0.0,1.0,0.0,1.0,0.0,0.0,0.0,1.0,0.0,1.0
-0.31645569620253167,-0.15875362330791187,-1.0,-0.164650628997688,0.5020020450752303,-0.8602553620751245,0.44480022801761,0.0,0.0,1.0,1.0,0.0,0.0,0.0,1.0,0.0,1.0
-0.1392405063291139,-0.1909691192030346,0.09931224691609897,-1.0,0.6705372251184345,-1.0,0.6093547799694714,0.0,1.0,0.0,1.0,0.0,0.0,0.0,1.0,1.0,0.0
0.139240506329114,-1.0,-0.3675277377538795,-0.0487521978057921,0.37716978555766834,0.2459463355772682,0.4045849066907412,1.0,0.0,0.0,1.0,0.0,0.0,0.0,1.0,1.0,0.0
-0.49367088607594933,0.28628563873376,-0.05659746124498699,-1.0,-1.0,-0.5357783611674942,0.22204004135253208,1.0,0.0,0.0,1.0,0.0,1.0,0.0,0.0,1.0,0.0
0.16455696202531644,-1.0,-1.0,-1.0,-1.0,-1.0,-1.0,0.0,0.0,1.0,0.0,1.0,0.0,0.0,1.0,1.0,0.0
0.16455696202531644,0.3930415791162347,-1.0,-1.0,-1.0,-0.6755229990923698,0.2717193681429104,1.0,0.0,0.0,1.0,0.0,0.0,0.0,1.0,1.0,0.0
-0.4683544303797469,-1.0,-1.0,-1.0,-1.0,-1.0,-1.0,1.0,0.0,0.0,0.0,1.0,0.0,0.0,1.0,1.0,0.0
0.11392405063291133,-1.0,-1.0,-1.0,-1.0,-1.0,-1.0,0.0,1.0,0.0,0.0,1.0,1.0,0.0,0.0,1.0,0.0
0.11392405063291133,0.49176482896495366,-0.7308880444503403,-1.0,-0.8616088449879872,-1.0,0.36141176259905716,1.0,0.0,0.0,1.0,0.0,0.0,0.0,1.0,1.0,0.0
-0.03797468354430378,-1.0,-1.0,-1.0,-1.0,-1.0,-1.0,0.0,0.0,1.0,0.0,1.0,1.0,0.0,0.0,1.0,0.0
-0.2911392405063291,-1.0,0.17393549211660342,-1.0,0.5022177730627648,0.723765643994619,0.699490307595283,0.0,1.0,0.0,1.0,0.0,0.0,0.0,1.0,1.0,0.0
-0.06329113924050633,0.43335127663629147,-1.0,-1.0,-0.12262083549788372,-1.0,0.32290402919167094,1.0,0.0,0.0,1.0,0.0,0.0,0.0,1.0,1.0,0.0
-0.03797468354430378,-1.0,-1.0,-1.0,-1.0,-1.0,-1.0,0.0,0.0,1.0,0.0,1.0,0.0,0.0,1.0,1.0,0.0
-0.012658227848101333,-1.0,-1.0,-1.0,-1.0,-1.0,-1.0,0.0,1.0,0.0,1.0,0.0,0.0,0.0,1.0,1.0,0.0
0.240506329113924,-1.0,-0.42841595991199644,-1.0,-1.0,0.3169767057747024,0.25025923032049513,1.0,0.0,0.0,1.0,0.0,0.0,1.0,0.0,1.0,0.0
-0.11392405063291144,0.49974426760635726,-1.0,-1.0,-0.7806552088744709,-1.0,0.36837725681771083,0.0,0.0,1.0,1.0,0.0,0.0,0.0,1.0,1.0,0.0
-0.2405063291139241,-1.0,-0.07889839284730937,-1.0,0.31552024027346937,-0.14930970936833787,0.2985001993479246,1.0,0.0,0.0,1.0,0.0,0.0,0.0,1.0,1.0,0.0
0.03797468354430378,-1.0,0.004810966428164143,0.2807583907560669,-0.02211575551465006,-1.0,0.25532905008367734,1.0,0.0,0.0,1.0,0.0,0.0,0.0,1.0,1.0,0.0
-0.6455696202531646,0.38545107240341836,-0.13757813564685917,-1.0,-0.5613104177489419,-0.07155672233498855,0.30671874225238205,1.0,0.0,0.0,1.0,0.0,0.0,0.0,1.0,1.0,0.0
-0.16455696202531644,0.3832307375700763,-0.0536108909241495,0.4775714245754028,0.22370307704590542,-1.0,0.48252385658907593,0.0,0.0,1.0,1.0,0.0,0.0,0.0,1.0,1.0,0.0
-0.4177215189873418,0.6074566721315795,-1.0,-1.0,-1.0,-1.0,0.46634261855486403,1.0,0.0,0.0,1.0,0.0,0.0,0.0,1.0,1.0,0.0
0.012658227848101333,-0.6636483178693894,-0.5176218654293654,0.38252579125990716,-1.0,0.3410160629307992,0.3887831475996404,1.0,0.0,0.0,1.0,0.0,0.0,0.0,1.0,1.0,0.0
-0.3924050632911392,-1.0,0.5323982212812943,-1.0,-0.7806552088744709,-0.228111834395196,0.5082201202476153,1.0,0.0,0.0,1.0,0.0,0.0,0.0,1.0,1.0,0.0
-0.2405063291139241,-1.0,-1.0,-0.7054701223403039,0.6255555686411163,-1.0,0.5523193427597113,1.0,0.0,0.0,1.0,0.0,0.0,0.0,1.0,1.0,0.0
-0.620253164556962,-1.0,-1.0,-1.0,-1.0,-1.0,-1.0,0.0,1.0,0.0,1.0,0.0,1.0,0.0,0.0,1.0,0.0
-0.4177215189873418,0.15723115557427114,-1.0,-1.0,0.3556852360093785,-1.0,0.342212582319517,0.0,0.0,1.0,1.0,0.0,1.0,0.0,0.0,1.0,0.0
-0.44303797468354433,-1.0,-1.0,0.2941499328514441,-1.0,0.21968008376004833,0.2892512916546419,1.0,0.0,0.0,1.0,0.0,0.0,0.0,1.0,1.0,0.0
0.16455696202531644,-1.0,-1.0,-1.0,-1.0,-1.0,-1.0,0.0,0.0,1.0,0.0,1.0,0.0,0.0,1.0,1.0,0.0
-0.7215189873417722,-1.0,-1.0,-1.0,-1.0,-1.0,-1.0,1.0,0.0,0.0,1.0,0.0,0.0,0.0,1.0,1.0,0.0
0.5443037974683544,0.466380561684691,-1.0,-0.10042851953193221,-1.0,-1.0,0.34893695038886774,0.0,0.0,1.0,1.0,0.0,0.0,0.0,1.0,1.0,0.0
0.3417721518987342,0.20810053651695837,-0.06902559201819192,-0.42465199542280296,0.22019254734431426,-1.0,0.2985001993479246,1.0,0.0,0.0,1.0,0.0,0.0,0.0,1.0,1.0,0.0
-1.0,-1.0,-1.0,-1.0,-1.0,-1.0,-1.0,1.0,0.0,0.0,0.0,1.0,0.0,0.0,1.0,1.0,0.0
0.16455696202531644,0.5116985121783761,0.05565758492752049,-1.0,0.46961760142245845,-0.8602553620751245,0.5378668979762569,0.0,1.0,0.0,1.0,0.0,0.0,0.0,1.0,1.0,0.0
0.06329113924050622,0.5462505202817336,-1.0,-0.27738705659295493,-0.6786656890936953,-0.06559740484429244,0.42564328907813254,0.0,0.0,1.0,1.0,0.0,0.0,0.0,1.0,1.0,0.0
-0.2405063291139241,-0.08950427283393292,0.5048249938313119,-0.619325655453848,-0.04750307886341254,-0.8602553620751245,0.4935538062705791,1.0,0.0,0.0,1.0,0.0,0.0,0.0,1.0,1.0,0.0
0.6455696202531644,0.2808921251886112,-1.0,0.342900299267616,-1.0,-1.0,0.3195495613364112,1.0,0.0,0.0,1.0,0.0,0.0,0.0,1.0,1.0,0.0
-0.31645569620253167,-1.0,-1.0,-1.0,-1.0,-1.0,-1.0,1.0,0.0,0.0,0.0,1.0,0.0,0.0,1.0,1.0,0.0
-0.1392405063291139,-1.0,0.5915998517749035,-1.0,-0.14892939309994802,-0.3281979270406924,0.5680643821243818,0.0,1.0,0.0,1.0,0.0,0.0,0.0,1.0,1.0,0.0
-1.0,-1.0,-1.0,-1.0,-1.0,-1.0,-1.0,1.0,0.0,0.0,0.0,1.0,0.0,0.0,1.0,1.0,0.0
-0.49367088607594933,-1.0,-0.22927406261980054,-1.0,-0.0597129406238629,0.294656176744458,0.26879761484571585,1.0,0.0,0.0,1.0,0.0,0.0,0.0,1.0,1.0,0.0
-0.3924050632911392,-1.0,-0.38306588765453553,-1.0,0.04227657915691263,0.5827292642325967,0.5114079338450266,1.0,0.0,0.0,1.0,0.0,0.0,1.0,0.0,1.0,0.0
-0.2911392405063291,0.5556293173458973,-1.0,-0.1098726697491843,-0.8616088449879872,-1.0,0.4262887998678837,0.0,0.0,1.0,1.0,0.0,0.0,0.0,1.0,1.0,0.0
-0.189873417721519,-1.0,-1.0,-1.0,-1.0,-1.0,-1.0,1.0,0.0,0.0,0.0,1.0,0.0,1.0,0.0,1.0,0.0
-0.5696202531645569,-1.0,-1.0,-1.0,-1.0,-1.0,-1.0,1.0,0.0,0.0,0.0,1.0,1.0,0.0,0.0,1.0,0.0
0.9746835443037973,-1.0,-1.0,-1.0,0.21616798532720405,-0.6755229990923698,0.16296889892396238,1.0,0.0,0.0,1.0,0.0,0.0,0.0,1.0,1.0,0.0
0.36708860759493667,-0.8551412152377926,-1.0,-0.0013434766045952173,-1.0,-0.8602553620751245,-0.1004622086019139,1.0,0.0,0.0,1.0,0.0,0.0,0.0,1.0,1.0,0.0
-0.5443037974683544,-1.0,0.6280395750665488,-1.0,0.5403725161293531,-1.0,0.6774871550711938,1.0,0.0,0.0,1.0,0.0,1.0,0.0,0.0,1.0,0.0
-0.7974683544303798,-1.0,-1.0,-1.0,-1.0,-1.0,-1.0,0.0,0.0,1.0,1.0,0.0,0.0,0.0,1.0,1.0,0.0
-0.5949367088607596,-1.0,-1.0,-0.363531523479411,0.373506265651671,-1.0,0.3151755685370752,1.0,0.0,0.0,1.0,0.0,0.0,0.0,1.0,1.0,0.0
-0.2911392405063291,-1.0,-1.0,-1.0,-1.0,-1.0,-1.0,1.0,0.0,0.0,0.0,1.0,0.0,1.0,0.0,1.0,0.0
-0.012658227848101333,-1.0,-1.0,-1.0,0.34625814757198636,-0.8602553620751245,0.28569196920193196,1.0,0.0,0.0,1.0,0.0,0.0,0.0,1.0,1.0,0.0
-0.4177215189873418,-0.7102824304755853,0.13380429305852792,-1.0,0.6695138218695702,-1.0,0.6089432066854836,0.0,1.0,0.0,1.0,0.0,0.0,0.0,1.0,1.0,0.0
0.11392405063291133,-1.0,-1.0,-1.0,-1.0,-1.0,-1.0,0.0,1.0,0.0,0.0,1.0,0.0,0.0,1.0,1.0,0.0
-0.31645569620253167,-1.0,-1.0,-1.0,-1.0,-1.0,-1.0,1.0,0.0,0.0,0.0,1.0,0.0,0.0,1.0,1.0,0.0
-0.189873417721519,0.09983409977792346,-1.0,0.2941499328514441,-0.41212440500723446,-1.0,0.2353600440295902,0.0,0.0,1.0,1.0,0.0,0.0,1.0,0.0,1.0,0.0
-0.21518987341772156,0.593548651937396,-1.0,0.4761475716840615,-0.017695141726769226,-1.0,0.5401265456105842,0.0,0.0,1.0,1.0,0.0,0.0,0.0,1.0,1.0,0.0
0.5189873417721518,-1.0,-1.0,-1.0,-1.0,-1.0,-1.0,0.0,1.0,0.0,0.0,1.0,0.0,0.0,1.0,1.0,0.0
-0.6455696202531646,-0.5654236457133779,0.2932208390198272,-1.0,-1.0,-1.0,0.2717193681429104,1.0,0.0,0.0,1.0,0.0,0.0,0.0,1.0,1.0,0.0
-0.5443037974683544,-1.0,-1.0,-1.0,-1.0,-1.0,-1.0,1.0,0.0,0.0,0.0,1.0,0.0,1.0,0.0,1.0,0.0
-0.26582278481012656,-1.0,-1.0,-1.0,-1.0,-1.0,-1.0,1.0,0.0,0.0,0.0,1.0,0.0,0.0,1.0,1.0,0.0
-0.3924050632911392,-1.0,-1.0,0.39752187939865125,-1.0,-1.0,0.25400790362447356,1.0,0.0,0.0,1.0,0.0,0.0,0.0,1.0,1.0,0.0
-0.620253164556962,-1.0,-1.0,-1.0,-1.0,-1.0,-1.0,1.0,0.0,0.0,0.0,1.0,0.0,0.0,1.0,1.0,0.0
-0.7468354430379747,-1.0,-1.0,-1.0,-1.0,-1.0,-1.0,0.0,1.0,0.0,1.0,0.0,1.0,0.0,0.0,1.0,0.0
-0.16455696202531644,0.5100320607573592,-1.0,-0.3247957777941519,0.36274563959510586,-0.6076872028904432,0.4775823940761381,0.0,0.0,1.0,1.0,0.0,0.0,0.0,1.0,1.0,0.0
-0.189873417721519,-1.0,-1.0,-1.0,-1.0,-1.0,-1.0,0.0,1.0,0.0,0.0,1.0,0.0,0.0,1.0,1.0,0.0
-0.5949367088607596,-1.0,-1.0,-1.0,-1.0,-1.0,-1.0,0.0,0.0,1.0,0.0,1.0,0.0,0.0,1.0,1.0,0.0
-0.3417721518987342,-0.06668303489978522,0.15210090133619647,-1.0,-1.0,-0.1216487427128865,0.19978167481936238,1.0,0.0,0.0,1.0,0.0,0.0,1.0,0.0,1.0,0.0
-0.06329113924050633,-1.0,-1.0,-1.0,-1.0,-1.0,-1.0,0.0,1.0,0.0,0.0,1.0,1.0,0.0,0.0,1.0,0.0
0.2911392405063291,-1.0,0.8846349005290215,0.4418950038561329,-1.0,0.18891868153376268,0.8647604712674657,0.0,1.0,0.0,1.0,0.0,0.0,0.0,1.0,1.0,0.0
0.5189873417721518,-1.0,-0.5734676419580506,-1.0,0.17575118998553108,-0.1295559873969565,0.16168223034290063,1.0,0.0,0.0,1.0,0.0,0.0,0.0,1.0,1.0,0.0
-0.8227848101265822,-1.0,-1.0,-1.0,-1.0,-1.0,-1.0,1.0,0.0,0.0,1.0,0.0,0.0,0.0,1.0,1.0,0.0
-0.44303797468354433,-1.0,-1.0,-1.0,-1.0,-1.0,-1.0,0.0,1.0,0.0,0.0,1.0,0.0,0.0,1.0,1.0,0.0
-0.3924050632911392,-1.0,-1.0,0.15536561244250469,0.24197960063984647,-0.6387653512873415,0.25872178674943225,1.0,0.0,0.0,1.0,0.0,0.0,0.0,1.0,1.0,0.0
0.06329113924050622,-0.2453649161795992,-1.0,0.6669076847623356,-1.0,-0.5357783611674942,0.49905844528648013,0.0,0.0,1.0,1.0,0.0,0.0,0.0,1.0,1.0,0.0
-0.3417721518987342,-1.0,-0.553014717094753,-1.0,-0.7232176899759744,0.5371910171736298,0.4546762557324835,0.0,1.0,0.0,1.0,0.0,0.0,0.0,1.0,1.0,0.0
0.11392405063291133,-1.0,-1.0,-1.0,-1.0,-1.0,-1.0,0.0,1.0,0.0,0.0,1.0,1.0,0.0,0.0,1.0,0.0
-0.7468354430379747,-1.0,-1.0,-1.0,-1.0,-1.0,-1.0,1.0,0.0,0.0,1.0,0.0,0.0,0.0,1.0,1.0,0.0
-0.26582278481012656,0.1723069648093256,0.2469015238138359,-1.0,-1.0,-0.8602553620751245,0.2944686937979426,1.0,0.0,0.0,1.0,0.0,0.0,0.0,1.0,1.0,0.0
-0.4683544303797469,-1.0,-0.7867338209790253,0.3812535814887492,-1.0,-0.5357783611674942,0.24253322546309364,1.0,0.0,0.0,1.0,0.0,0.0,0.0,1.0,1.0,0.0
-0.5443037974683544,-1.0,-1.0,-1.0,-1.0,-1.0,-1.0,1.0,0.0,0.0,0.0,1.0,0.0,0.0,1.0,1.0,0.0
-0.3924050632911392,0.4500116091899107,-1.0,-1.0,-1.0,0.41605228951319306,0.4630942301167491,1.0,0.0,0.0,1.0,0.0,1.0,0.0,0.0,1.0,0.0
0.620253164556962,-1.0,-1.0,-1.0,-1.0,-1.0,-1.0,1.0,0.0,0.0,0.0,1.0,0.0,0.0,1.0,1.0,0.0
-0.31645569620253167,-0.8551412152377926,-0.3333832713674393,0.40363830774688214,-1.0,-0.28905434729321333,0.2753096940518822,1.0,0.0,0.0,1.0,0.0,0.0,0.0,1.0,1.0,0.0
-0.3924050632911392,0.3261558259963371,-0.01846517263632519,-1.0,-0.487891873354127,-1.0,0.25898028261425443,1.0,0.0,0.0,1.0,0.0,0.0,0.0,1.0,1.0,0.0
-0.8987341772151899,-1.0,-1.0,-1.0,-1.0,-1.0,-1.0,1.0,0.0,0.0,1.0,0.0,1.0,0.0,0.0,1.0,0.0
-0.2911392405063291,-1.0,-1.0,-1.0,-1.0,-1.0,-1.0,1.0,0.0,0.0,0.0,1.0,0.0,0.0,1.0,1.0,0.0
-0.1392405063291139,-1.0,-1.0,-1.0,-1.0,-1.0,-1.0,0.0,0.0,1.0,0.0,1.0,0.0,0.0,1.0,1.0,0.0
-0.31645569620253167,-1.0,-1.0,-1.0,-1.0,-1.0,-1.0,0.0,1.0,0.0,0.0,1.0,1.0,0.0,0.0,1.0,0.0
-0.44303797468354433,-1.0,-1.0,-1.0,-1.0,-1.0,-1.0,1.0,0.0,0.0,0.0,1.0,0.0,0.0,1.0,1.0,0.0
-0.8987341772151899,-1.0,-1.0,-1.0,-1.0,-1.0,-1.0,1.0,0.0,0.0,1.0,0.0,1.0,0.0,0.0,1.0,0.0
-0.44303797468354433,-1.0,-1.0,-1.0,-1.0,0.4297582994278011,0.35197447607453825,1.0,0.0,0.0,1.0,0.0,0.0,0.0,1.0,1.0,0.0
-0.5696202531645569,-1.0,-1.0,0.5611323655201226,-1.0,-1.0,0.40081694163427617,1.0,0.0,0.0,1.0,0.0,0.0,0.0,1.0,1.0,0.0
0.16455696202531644,-1.0,0.34669389923230054,-1.0,-1.0,-1.0,0.32253421206096133,1.0,0.0,0.0,1.0,0.0,0.0,0.0,1.0,1.0,0.0
-0.31645569620253167,-1.0,-0.6222536135015577,-1.0,0.3383332880396408,-0.056040691786899854,0.3026537551711814,1.0,0.0,0.0,1.0,0.0,0.0,0.0,1.0,1.0,0.0
-0.189873417721519,-1.0,-1.0,-1.0,-1.0,-1.0,-1.0,0.0,1.0,0.0,0.0,1.0,0.0,1.0,0.0,1.0,0.0
0.26582278481012667,-1.0,0.45624160019585314,-1.0,-0.03282785418283274,0.11155628337839407,0.4658195985530187,0.0,1.0,0.0,1.0,0.0,0.0,0.0,1.0,1.0,0.0
-0.44303797468354433,-1.0,-1.0,0.4355670236963538,-0.17279732755673072,-1.0,0.3014171626985669,1.0,0.0,0.0,1.0,0.0,0.0,0.0,1.0,1.0,0.0
-0.44303797468354433,-1.0,-1.0,0.0860847307250221,-0.45932089796816633,0.29951445751762873,0.2764915990842052,1.0,0.0,0.0,1.0,0.0,0.0,0.0,1.0,1.0,0.0
-0.1392405063291139,-1.0,0.6766977013132975,-0.18657298641838826,0.5111771964189955,-0.1848848969149266,0.7054187453086425,0.0,1.0,0.0,1.0,0.0,1.0,0.0,0.0,1.0,0.0
-0.49367088607594933,-1.0,-1.0,-1.0,-1.0,-1.0,-1.0,0.0,0.0,1.0,0.0,1.0,0.0,0.0,1.0,1.0,0.0
-0.620253164556962,-1.0,0.2188069329321769,-0.27738705659295493,-1.0,0.02817844089879551,0.255592184247051,1.0,0.0,0.0,1.0,0.0,0.0,0.0,1.0,1.0,0.0
0.26582278481012667,-1.0,-1.0,-1.0,-1.0,-1.0,-1.0,0.0,1.0,0.0,0.0,1.0,0.0,0.0,1.0,1.0,0.0
-0.012658227848101333,-1.0,-1.0,-1.0,-1.0,-1.0,-1.0,0.0,1.0,0.0,0.0,1.0,1.0,0.0,0.0,1.0,0.0
-0.6455696202531646,-1.0,-1.0,-1.0,-1.0,-1.0,-1.0,0.0,0.0,1.0,0.0,1.0,0.0,0.0,1.0,1.0,0.0
-0.8481012658227848,-1.0,-1.0,-1.0,-1.0,-1.0,-1.0,1.0,0.0,0.0,1.0,0.0,0.0,0.0,1.0,1.0,0.0
-0.5696202531645569,-1.0,-1.0,-1.0,-1.0,-1.0,-1.0,1.0,0.0,0.0,0.0,1.0,0.0,0.0,1.0,1.0,0.0
-0.620253164556962,-1.0,-1.0,-1.0,-1.0,-1.0,-1.0,1.0,0.0,0.0,0.0,1.0,0.0,0.0,1.0,1.0,0.0
-0.3417721518987342,-1.0,-1.0,-1.0,-1.0,-1.0,-1.0,0.0,1.0,0.0,0.0,1.0,0.0,0.0,1.0,1.0,0.0
0.26582278481012667,0.10727971854784335,-1.0,0.10679907694839819,-1.0,-1.0,0.13343897478367173,1.0,0.0,0.0,1.0,0.0,0.0,1.0,0.0,1.0,0.0
0.31645569620253156,-1.0,0.4098450084296641,-0.26367530585075993,-1.0,0.4487906206300003,0.511613994759808,0.0,1.0,0.0,1.0,0.0,1.0,0.0,0.0,1.0,0.0
-0.3924050632911392,-0.7704042582518641,-1.0,-1.0,-0.20730647247606515,0.3023742061202934,0.24698634871665126,1.0,0.0,0.0,1.0,0.0,0.0,0.0,1.0,1.0,0.0
-0.3417721518987342,-1.0,-1.0,0.42751076384406783,-0.8616088449879872,-1.0,0.2811472803002071,1.0,0.0,0.0,1.0,0.0,0.0,0.0,1.0,1.0,0.0
-0.16455696202531644,-1.0,-1.0,-1.0,-1.0,-1.0,-1.0,1.0,0.0,0.0,0.0,1.0,0.0,1.0,0.0,1.0,0.0
-0.7974683544303798,-1.0,-1.0,-1.0,-1.0,-1.0,-1.0,1.0,0.0,0.0,0.0,1.0,1.0,0.0,0.0,1.0,0.0
-0.3417721518987342,-0.4639587993442762,-0.16979970863356086,-1.0,-0.0727184083180884,0.29790800363052083,0.27696231702976926,1.0,0.0,0.0,1.0,0.0,1.0,0.0,0.0,1.0,0.0
-0.6455696202531646,-1.0,-1.0,-1.0,-1.0,-1.0,-1.0,0.0,1.0,0.0,0.0,1.0,0.0,0.0,1.0,1.0,0.0
-0.4177215189873418,-1.0,-1.0,-1.0,-1.0,-1.0,-1.0,1.0,0.0,0.0,0.0,1.0,1.0,0.0,0.0,1.0,0.0
-0.31645569620253167,-0.20915337023183045,-0.023475082735326835,0.10679907694839819,-0.8616088449879872,0.5330134756811424,0.48252385658907593,0.0,0.0,1.0,1.0,0.0,0.0,0.0,1.0,1.0,0.0
-0.49367088607594933,-1.0,-1.0,-1.0,-1.0,-1.0,-1.0,1.0,0.0,0.0,0.0,1.0,0.0,0.0,1.0,1.0,0.0
0.03797468354430378,0.06707648412250133,-1.0,0.4909281056924861,-0.8616088449879872,-0.4063749077027098,0.3667696985133764,0.0,0.0,1.0,1.0,0.0,0.0,0.0,1.0,1.0,0.0
-0.5189873417721519,0.418571701463591,-1.0,-1.0,0.47151248656979927,-0.48288339142554504,0.49051079399919906,1.0,0.0,0.0,1.0,0.0,0.0,0.0,1.0,1.0,0.0
-0.5189873417721519,-1.0,-1.0,-1.0,-1.0,-1.0,-1.0,0.0,0.0,1.0,0.0,1.0,0.0,0.0,1.0,1.0,0.0
-0.6455696202531646,-1.0,-1.0,0.3948456710636321,0.10945535844281906,-0.7205107241502491,0.3112887739450776,1.0,0.0,0.0,1.0,0.0,0.0,0.0,1.0,1.0,0.0
-0.44303797468354433,0.3746878431273488,-0.7867338209790253,-0.164650628997688,-1.0,-1.0,0.26731977278540575,1.0,0.0,0.0,1.0,0.0,0.0,0.0,1.0,1.0,0.0
-0.5696202531645569,-1.0,-1.0,-1.0,-1.0,-1.0,-1.0,1.0,0.0,0.0,0.0,1.0,0.0,0.0,1.0,1.0,0.0
-0.8227848101265822,-1.0,-1.0,-1.0,-1.0,-1.0,-1.0,1.0,0.0,0.0,0.0,1.0,0.0,1.0,0.0,1.0,0.0
-0.5443037974683544,-1.0,-1.0,-1.0,-1.0,-1.0,-1.0,1.0,0.0,0.0,0.0,1.0,0.0,0.0,1.0,1.0,0.0
-0.3924050632911392,-1.0,-1.0,0.41726031893253857,-1.0,-0.7205107241502491,0.2724428630192193,1.0,0.0,0.0,1.0,0.0,0.0,0.0,1.0,1.0,0.0
-0.3417721518987342,-1.0,-0.14934678377026334,-0.15250684402123993,-1.0,-1.0,-0.0677005602930798,1.0,0.0,0.0,1.0,0.0,0.0,0.0,1.0,1.0,0.0
-0.3924050632911392,-1.0,-1.0,-1.0,-1.0,-1.0,-1.0,1.0,0.0,0.0,0.0,1.0,0.0,1.0,0.0,1.0,0.0
-0.5443037974683544,-1.0,-1.0,-1.0,-1.0,-1.0,-1.0,0.0,0.0,1.0,0.0,1.0,0.0,0.0,1.0,1.0,0.0
0.26582278481012667,0.38154986751378406,-0.399956818234266,-0.4905470142953362,-0.3419656266234128,-0.6755229990923698,0.2753096940518822,1.0,0.0,0.0,1.0,0.0,0.0,0.0,1.0,1.0,0.0
-0.7468354430379747,-1.0,-1.0,-1.0,-1.0,-1.0,-1.0,1.0,0.0,0.0,0.0,1.0,1.0,0.0,0.0,1.0,0.0
-0.7721518987341772,-1.0,-1.0,-1.0,-1.0,-1.0,-1.0,1.0,0.0,0.0,0.0,1.0,0.0,0.0,1.0,1.0,0.0
-0.3924050632911392,-1.0,0.07568804337411539,-0.43931011029966616,-1.0,0.24384840929881157,0.2607800056197276,1.0,0.0,0.0,1.0,0.0,1.0,0.0,0.0,1.0,0.0
-0.5949367088607596,-1.0,-1.0,-1.0,-1.0,-1.0,-1.0,1.0,0.0,0.0,0.0,1.0,0.0,0.0,1.0,1.0,0.0
-0.2911392405063291,-1.0,-1.0,-1.0,-1.0,-1.0,-1.0,0.0,1.0,0.0,0.0,1.0,1.0,0.0,0.0,1.0,0.0
0.26582278481012667,-1.0,-1.0,-1.0,-1.0,-1.0,-1.0,0.0,1.0,0.0,0.0,1.0,0.0,1.0,0.0,1.0,0.0
0.36708860759493667,0.3696872106623388,-0.3212466169881213,0.09362842483546063,-0.5613104177489419,-1.0,0.29954710297333365,1.0,0.0,0.0,1.0,0.0,0.0,0.0,1.0,1.0,0.0
-0.6708860759493671,-1.0,-1.0,-0.26367530585075993,-1.0,0.3504304283398385,0.2841136222825593,1.0,0.0,0.0,1.0,0.0,0.0,0.0,1.0,1.0,0.0
-0.49367088607594933,-1.0,-0.3675277377538795,-1.0,-0.5038728988504453,-1.0,-0.31161218585430206,1.0,0.0,0.0,1.0,0.0,0.0,0.0,1.0,1.0,0.0
0.21518987341772156,0.2436072350835874,-1.0,-1.0,0.19321570986799497,-0.5165629810276651,0.27123550831185184,1.0,0.0,0.0,1.0,0.0,0.0,0.0,1.0,1.0,0.0
-0.5696202531645569,-1.0,-1.0,-1.0,-1.0,-1.0,-1.0,0.0,1.0,0.0,0.0,1.0,1.0,0.0,0.0,1.0,0.0
-0.49367088607594933,-1.0,-1.0,-1.0,-1.0,-1.0,-1.0,0.0,0.0,1.0,0.0,1.0,0.0,0.0,1.0,1.0,0.0
-0.31645569620253167,-1.0,-1.0,-1.0,-1.0,-1.0,-1.0,0.0,1.0,0.0,0.0,1.0,1.0,0.0,0.0,1.0,0.0
-0.31645569620253167,0.08526073515129728,-1.0,0.5931978425924027,-0.02511816146215251,-1.0,0.4597895304392865,0.0,0.0,1.0,1.0,0.0,0.0,0.0,1.0,1.0,0.0
0.1898734177215189,-0.40789510005579643,0.4875543376857656,0.5520485776358781,-1.0,0.06514087175456917,0.5727543640289818,0.0,1.0,0.0,1.0,0.0,1.0,0.0,0.0,1.0,0.0
-0.44303797468354433,-1.0,-1.0,-1.0,-1.0,-1.0,-1.0,0.0,1.0,0.0,0.0,1.0,1.0,0.0,0.0,1.0,0.0
-0.08860759493670889,-1.0,-1.0,-1.0,-1.0,-1.0,-1.0,0.0,1.0,0.0,0.0,1.0,0.0,0.0,1.0,1.0,0.0
0.21518987341772156,-1.0,-1.0,-1.0,-1.0,-1.0,-1.0,0.0,1.0,0.0,0.0,1.0,0.0,0.0,1.0,1.0,0.0
0.6455696202531644,-1.0,-1.0,-1.0,-1.0,-1.0,-1.0,0.0,1.0,0.0,0.0,1.0,1.0,0.0,0.0,1.0,0.0
-0.620253164556962,-1.0,-1.0,-1.0,-1.0,-1.0,-1.0,0.0,0.0,1.0,0.0,1.0,0.0,0.0,1.0,1.0,0.0
-0.012658227848101333,-1.0,0.6614835083101245,-0.7665905942836959,-0.04581820613847054,-0.16793299247135696,0.6381833896775486,0.0,1.0,0.0,1.0,0.0,1.0,0.0,0.0,1.0,0.0
-0.31645569620253167,-1.0,-1.0,-1.0,-1.0,-1.0,-1.0,1.0,0.0,0.0,0.0,1.0,0.0,1.0,0.0,1.0,0.0
-0.4683544303797469,-1.0,-1.0,-1.0,-1.0,-1.0,-1.0,1.0,0.0,0.0,0.0,1.0,0.0,0.0,1.0,1.0,0.0
-0.2405063291139241,-1.0,-1.0,-1.0,-1.0,-1.0,-1.0,1.0,0.0,0.0,0.0,1.0,0.0,0.0,1.0,1.0,0.0
-0.5949367088607596,0.3985588424139852,-0.687570694869583,-1.0,-1.0,-1.0,0.27672710334034045,1.0,0.0,0.0,1.0,0.0,0.0,0.0,1.0,1.0,0.0
0.03797468354430378,-1.0,-1.0,-1.0,-1.0,-1.0,-1.0,0.0,1.0,0.0,0.0,1.0,1.0,0.0,0.0,1.0,0.0
-0.03797468354430378,-0.2569782954639235,0.479736237822858,-1.0,0.4376097104036676,-1.0,0.5511512999830637,0.0,1.0,0.0,1.0,0.0,0.0,0.0,1.0,1.0,0.0
-0.03797468354430378,-1.0,0.2939641324940918,-1.0,-1.0,-1.0,0.2707504172839674,1.0,0.0,0.0,1.0,0.0,0.0,0.0,1.0,1.0,0.0
0.6455696202531644,-1.0,-1.0,0.32949402434648234,-0.06891531746405233,-1.0,0.22790637101155564,1.0,0.0,0.0,1.0,0.0,0.0,0.0,1.0,1.0,0.0
-0.189873417721519,-0.14433500659683873,-1.0,0.3071997251580041,-1.0,-1.0,0.1955054430962424,1.0,0.0,0.0,1.0,0.0,0.0,1.0,0.0,1.0,0.0
0.08860759493670889,-1.0,-0.2839027615450932,0.230774384727356,0.6857637302048127,-0.10196395864476704,0.627311617741189,0.0,1.0,0.0,1.0,0.0,1.0,0.0,0.0,1.0,0.0
-0.6708860759493671,-1.0,-1.0,-1.0,-1.0,-1.0,-1.0,0.0,1.0,0.0,0.0,1.0,0.0,0.0,1.0,1.0,0.0
-0.44303797468354433,-1.0,-1.0,0.382842656936758,-1.0,-0.2950729702398821,0.24971763714062,1.0,0.0,0.0,1.0,0.0,0.0,0.0,1.0,1.0,0.0
-0.4177215189873418,-1.0,-1.0,-1.0,-1.0,-1.0,-1.0,1.0,0.0,0.0,0.0,1.0,0.0,1.0,0.0,1.0,0.0
-0.4683544303797469,0.2987726159162465,-1.0,0.11920069981686376,-0.8616088449879872,-0.8602553620751245,0.24753574584356097,1.0,0.0,0.0,1.0,0.0,1.0,0.0,0.0,1.0,0.0
-0.5189873417721519,-1.0,-1.0,-1.0,-1.0,-1.0,-1.0,0.0,0.0,1.0,1.0,0.0,0.0,0.0,1.0,1.0,0.0
-0.189873417721519,-1.0,-1.0,-1.0,-1.0,-1.0,-1.0,1.0,0.0,0.0,0.0,1.0,1.0,0.0,0.0,1.0,0.0
-0.26582278481012656,-1.0,-1.0,-1.0,-1.0,-1.0,-1.0,0.0,0.0,1.0,0.0,1.0,0.0,0.0,1.0,1.0,0.0
0.08860759493670889,-1.0,0.7663850464726532,-1.0,0.005658982592516848,0.3652824520427418,0.7553691583236415,0.0,1.0,0.0,1.0,0.0,0.0,0.0,1.0,1.0,0.0
-0.08860759493670889,-1.0,-1.0,-1.0,-1.0,-1.0,-1.0,0.0,1.0,0.0,0.0,1.0,0.0,0.0,1.0,1.0,0.0
-0.5443037974683544,-1.0,-1.0,-1.0,-0.8616088449879872,0.1727813595968415,0.1095445156874435,1.0,0.0,0.0,1.0,0.0,0.0,1.0,0.0,1.0,0.0
-1.0,-1.0,-1.0,-1.0,-1.0,-1.0,-1.0,0.0,1.0,0.0,1.0,0.0,0.0,0.0,1.0,1.0,0.0
-0.5443037974683544,-1.0,-1.0,-1.0,-1.0,-1.0,-1.0,1.0,0.0,0.0,0.0,1.0,0.0,1.0,0.0,1.0,0.0
-0.1392405063291139,-1.0,-0.6521778432041954,-0.47206071662399995,-0.17279732755673072,0.7472384367013372,0.654727112987612,0.0,1.0,0.0,1.0,0.0,1.0,0.0,0.0,1.0,0.0
-0.21518987341772156,-1.0,0.2840719775107583,-1.0,0.7586159581151766,0.5481121735040448,0.7479838192396786,0.0,1.0,0.0,1.0,0.0,0.0,0.0,1.0,1.0,0.0
-0.44303797468354433,-1.0,-1.0,-1.0,-1.0,-1.0,-1.0,0.0,1.0,0.0,0.0,1.0,1.0,0.0,0.0,1.0,0.0
0.16455696202531644,-1.0,-1.0,-1.0,-1.0,-1.0,-1.0,0.0,1.0,0.0,0.0,1.0,1.0,0.0,0.0,1.0,0.0
-0.3924050632911392,0.2915434519045743,0.3346423413062978,0.24456708742211974,-0.40188337906966964,-1.0,0.4308520841755783,1.0,0.0,0.0,1.0,0.0,0.0,0.0,1.0,1.0,0.0
0.4683544303797469,0.11244015481991432,0.6208289692779507,-1.0,0.600310057091711,-0.16793299247135696,0.7015039118512822,0.0,1.0,0.0,1.0,0.0,0.0,0.0,1.0,1.0,0.0
-0.2405063291139241,-0.06909909707364958,-1.0,-0.852735061170152,0.48757086822091655,-1.0,0.4296950889652562,0.0,0.0,1.0,1.0,0.0,0.0,0.0,1.0,1.0,0.0
-0.4177215189873418,-1.0,-0.0030221578720291964,-1.0,-1.0,-1.0,-0.02090793933751256,1.0,0.0,0.0,1.0,0.0,0.0,0.0,1.0,1.0,0.0
-0.1392405063291139,0.140091468914203,-1.0,-1.0,0.3898661455938075,0.019384135353144094,0.38694373333288823,1.0,0.0,0.0,1.0,0.0,0.0,0.0,1.0,1.0,0.0
-0.4683544303797469,-0.4988709397562451,0.3465053385163017,-0.7054701223403039,0.5637104483856126,-1.0,0.5590206478017461,1.0,0.0,0.0,1.0,0.0,0.0,1.0,0.0,1.0,0.0
-0.44303797468354433,0.30495002281023065,-1.0,-0.7665905942836959,-0.02816640743580945,0.28422870557381597,0.3562093668882307,1.0,0.0,0.0,1.0,0.0,0.0,0.0,1.0,1.0,0.0
-0.5443037974683544,-1.0,-1.0,-1.0,-1.0,-1.0,-1.0,0.0,0.0,1.0,0.0,1.0,0.0,0.0,1.0,1.0,0.0
-0.11392405063291144,0.5508048977441034,-1.0,-0.558205183510456,-1.0,-0.09057059431598824,0.42542763218737756,1.0,0.0,0.0,1.0,0.0,1.0,0.0,0.0,1.0,0.0
-0.4683544303797469,0.6090726819380143,-1.0,0.2469814133682542,-1.0,-0.3960337232426189,0.49751240318010015,0.0,0.0,1.0,1.0,0.0,0.0,0.0,1.0,1.0,0.0
-0.4683544303797469,0.38406612995655687,-0.6521778432041954,-1.0,-0.8616088449879872,-1.0,0.2640779304761438,1.0,0.0,0.0,1.0,0.0,0.0,1.0,0.0,1.0,0.0
0.4430379746835442,-0.5933299775945341,0.2106242822731983,0.2580890584313329,-1.0,-1.0,0.2944686937979426,1.0,0.0,0.0,1.0,0.0,0.0,0.0,1.0,1.0,0.0
-0.31645569620253167,-1.0,0.5042399071911903,0.4932004096731113,0.5559558335738353,-0.041633928940220555,0.6579722756604494,0.0,1.0,0.0,1.0,0.0,0.0,0.0,1.0,1.0,0.0
-0.36708860759493667,0.49176482896495366,-1.0,-0.3338379252482363,-0.40188337906966964,-1.0,0.3669164016149582,1.0,0.0,0.0,1.0,0.0,0.0,0.0,1.0,1.0,0.0
-1.0,-1.0,-1.0,-1.0,-1.0,-1.0,-1.0,1.0,0.0,0.0,0.0,1.0,1.0,0.0,0.0,1.0,0.0
-0.2911392405063291,-1.0,-0.14934678377026334,0.6153000443448777,-1.0,-1.0,0.4567929733193641,0.0,0.0,1.0,1.0,0.0,0.0,0.0,1.0,1.0,0.0
-0.21518987341772156,-1.0,-1.0,-1.0,-1.0,-1.0,-1.0,0.0,1.0,0.0,0.0,1.0,1.0,0.0,0.0,1.0,0.0
0.11392405063291133,-1.0,0.5986749060328196,-1.0,0.2493823382051834,-0.6755229990923698,0.5948373974275121,0.0,1.0,0.0,1.0,0.0,0.0,0.0,1.0,1.0,0.0
0.26582278481012667,-0.20445683437311757,0.5101753476479989,-1.0,-0.20357447161139997,-1.0,0.4906641037550268,1.0,0.0,0.0,1.0,0.0,1.0,0.0,0.0,1.0,0.0
-0.44303797468354433,-1.0,-1.0,-1.0,-1.0,-1.0,-1.0,0.0,1.0,0.0,0.0,1.0,0.0,0.0,1.0,1.0,0.0
-0.3417721518987342,-1.0,0.31099926244300446,-0.619325655453848,-0.30190047148617816,-1.0,0.29553790956252945,1.0,0.0,0.0,1.0,0.0,0.0,0.0,1.0,1.0,0.0
0.4683544303797469,-0.20915337023183045,0.5883706687716406,-1.0,0.7594202439162845,-0.21130136025986412,0.7630490134474495,0.0,1.0,0.0,1.0,0.0,0.0,0.0,1.0,0.0,1.0
-0.31645569620253167,-1.0,-1.0,-1.0,-1.0,-1.0,-1.0,0.0,1.0,0.0,0.0,1.0,0.0,0.0,1.0,1.0,0.0
0.5949367088607596,-0.8551412152377926,0.32007105884260656,-1.0,-1.0,-0.5570199784244338,0.29829012696182167,1.0,0.0,0.0,1.0,0.0,0.0,1.0,0.0,1.0,0.0
0.21518987341772156,-1.0,0.7541875045160975,-1.0,0.7848430607600765,-0.10670791625290932,0.8468207754991373,0.0,1.0,0.0,1.0,0.0,0.0,0.0,1.0,1.0,0.0
-0.8227848101265822,-1.0,-1.0,-1.0,-1.0,-1.0,-1.0,0.0,1.0,0.0,1.0,0.0,0.0,0.0,1.0,1.0,0.0
0.36708860759493667,-0.013894838545704724,-1.0,0.4963784651897025,-0.5613104177489419,-0.35927607543759066,0.3650003988430881,0.0,0.0,1.0,1.0,0.0,0.0,0.0,1.0,0.0,1.0
-0.44303797468354433,-1.0,-1.0,-1.0,0.3190588891809385,-0.31428835037971126,0.2668246019327365,1.0,0.0,0.0,1.0,0.0,0.0,0.0,1.0,1.0,0.0
-0.06329113924050633,0.32652214870258534,-1.0,-0.558205183510456,-0.06518331659938703,-1.0,0.24477278920517387,1.0,0.0,0.0,1.0,0.0,0.0,1.0,0.0,1.0,0.0
0.26582278481012667,-1.0,0.17891909290583308,-0.658061401139107,-1.0,0.5345154113295987,0.48835141055975284,1.0,0.0,0.0,1.0,0.0,1.0,0.0,0.0,1.0,0.0
-0.8987341772151899,-1.0,-1.0,-1.0,-1.0,-1.0,-1.0,1.0,0.0,0.0,0.0,1.0,0.0,0.0,1.0,1.0,0.0
-0.44303797468354433,-1.0,-1.0,-1.0,-1.0,-1.0,-1.0,1.0,0.0,0.0,0.0,1.0,1.0,0.0,0.0,1.0,0.0
-1.0,-1.0,-1.0,-1.0,-1.0,-1.0,-1.0,1.0,0.0,0.0,1.0,0.0,0.0,0.0,1.0,1.0,0.0
-0.11392405063291144,-1.0,-1.0,-1.0,-1.0,-1.0,-1.0,0.0,1.0,0.0,0.0,1.0,1.0,0.0,0.0,1.0,0.0
-0.5696202531645569,-1.0,-0.13987547893092322,-1.0,-1.0,0.38104637467385727,0.32197813775975304,1.0,0.0,0.0,1.0,0.0,0.0,0.0,1.0,1.0,0.0
-0.31645569620253167,-1.0,-1.0,-1.0,-1.0,-1.0,-1.0,1.0,0.0,0.0,1.0,0.0,0.0,0.0,1.0,1.0,0.0
0.5443037974683544,-1.0,-1.0,-1.0,-1.0,-1.0,-1.0,1.0,0.0,0.0,0.0,1.0,0.0,1.0,0.0,1.0,0.0
-0.5189873417721519,-1.0,-1.0,-1.0,-1.0,-1.0,-1.0,1.0,0.0,0.0,0.0,1.0,0.0,1.0,0.0,1.0,0.0
-0.2405063291139241,-1.0,0.26465714732375845,-0.21626658464956294,-1.0,-0.5165629810276651,0.25532905008367734,1.0,0.0,0.0,1.0,0.0,0.0,0.0,1.0,1.0,0.0
-0.2911392405063291,-1.0,-1.0,-1.0,-1.0,-1.0,-1.0,1.0,0.0,0.0,0.0,1.0,1.0,0.0,0.0,1.0,0.0
-0.08860759493670889,-1.0,-1.0,-1.0,-1.0,-1.0,-1.0,0.0,1.0,0.0,0.0,1.0,0.0,0.0,1.0,1.0,0.0
-0.2405063291139241,-1.0,-1.0,-1.0,-1.0,-1.0,-1.0,0.0,1.0,0.0,0.0,1.0,0.0,0.0,1.0,1.0,0.0
-0.9240506329113924,-1.0,-1.0,-1.0,-1.0,-1.0,-1.0,1.0,0.0,0.0,1.0,0.0,1.0,0.0,0.0,1.0,0.0
-0.1392405063291139,-1.0,-1.0,-1.0,0.35251602291112505,-1.0,0.2914425878622171,1.0,0.0,0.0,1.0,0.0,0.0,0.0,1.0,1.0,0.0
-0.4683544303797469,-1.0,-1.0,-1.0,-1.0,-1.0,-1.0,1.0,0.0,0.0,0.0,1.0,0.0,0.0,1.0,1.0,0.0
-0.26582278481012656,-1.0,-1.0,-1.0,-1.0,-1.0,-1.0,0.0,0.0,1.0,0.0,1.0,0.0,0.0,1.0,1.0,0.0
-0.08860759493670889,-1.0,-1.0,-1.0,-1.0,-1.0,-1.0,1.0,0.0,0.0,0.0,1.0,0.0,1.0,0.0,1.0,0.0
0.26582278481012667,-1.0,-1.0,-1.0,-1.0,-1.0,-1.0,1.0,0.0,0.0,0.0,1.0,0.0,0.0,1.0,1.0,0.0
0.21518987341772156,-1.0,-1.0,-1.0,-1.0,-1.0,-1.0,1.0,0.0,0.0,0.0,1.0,0.0,1.0,0.0,1.0,0.0
-0.4177215189873418,-1.0,-1.0,-1.0,-1.0,-1.0,-1.0,0.0,0.0,1.0,0.0,1.0,1.0,0.0,0.0,1.0,0.0
-0.44303797468354433,-1.0,-1.0,-1.0,-1.0,-1.0,-1.0,1.0,0.0,0.0,0.0,1.0,1.0,0.0,0.0,1.0,0.0
-0.3924050632911392,0.09211338350639764,-1.0,0.31034066679609285,0.49774807749451333,-0.1957853297117753,0.49347831996149627,1.0,0.0,0.0,1.0,0.0,0.0,0.0,1.0,1.0,0.0
-0.3417721518987342,-1.0,0.8167361686874888,-1.0,-0.7232176899759744,0.20127142500592377,0.790432637440821,0.0,1.0,0.0,1.0,0.0,1.0,0.0,0.0,1.0,0.0
-0.9240506329113924,-1.0,-1.0,-1.0,-1.0,-1.0,-1.0,1.0,0.0,0.0,0.0,1.0,0.0,0.0,1.0,1.0,0.0
-0.08860759493670889,-0.15505464089648102,-1.0,-0.06375549293234017,-1.0,0.24001623465007893,0.22141190018755852,1.0,0.0,0.0,1.0,0.0,0.0,1.0,0.0,1.0,0.0
-0.5696202531645569,0.37985536863263003,-1.0,-0.7665905942836959,-0.3921421186822598,-1.0,0.2643292695647548,1.0,0.0,0.0,1.0,0.0,0.0,0.0,1.0,1.0,0.0
-0.31645569620253167,0.41596377476317636,-1.0,-0.12315564456996997,0.13202706686042975,-1.0,0.35574344240923095,0.0,0.0,1.0,1.0,0.0,0.0,0.0,1.0,1.0,0.0
-0.5443037974683544,0.4622158268417469,-0.3272201111258505,0.21878295429092298,-1.0,-1.0,0.38548592478176213,0.0,0.0,1.0,1.0,0.0,0.0,0.0,1.0,1.0,0.0
-0.36708860759493667,-1.0,-1.0,-1.0,-1.0,-1.0,-1.0,0.0,1.0,0.0,0.0,1.0,1.0,0.0,0.0,1.0,0.0
-0.31645569620253167,-1.0,-1.0,-1.0,-1.0,-1.0,-1.0,1.0,0.0,0.0,0.0,1.0,1.0,0.0,0.0,1.0,0.0
-0.3924050632911392,0.1856510956038493,-0.18965441039829234,0.2802458250142197,-0.2845281077249162,-1.0,0.2750724312071964,1.0,0.0,0.0,1.0,0.0,0.0,0.0,1.0,1.0,0.0
-0.26582278481012656,-1.0,0.7551322571572776,-1.0,0.5978545564313209,0.8296426060961719,0.8896116588848186,0.0,1.0,0.0,1.0,0.0,0.0,0.0,1.0,1.0,0.0
-0.4177215189873418,-1.0,-1.0,-1.0,-1.0,-1.0,-1.0,0.0,0.0,1.0,0.0,1.0,0.0,0.0,1.0,1.0,0.0
-0.36708860759493667,0.005684214437439383,-0.13757813564685917,-1.0,-1.0,-1.0,0.01663308952416065,1.0,0.0,0.0,1.0,0.0,0.0,0.0,1.0,1.0,0.0
-0.03797468354430378,-1.0,-1.0,-1.0,-1.0,-1.0,-1.0,1.0,0.0,0.0,0.0,1.0,0.0,0.0,1.0,1.0,0.0
-0.012658227848101333,-1.0,-1.0,-1.0,-1.0,-1.0,-1.0,0.0,0.0,1.0,0.0,1.0,1.0,0.0,0.0,1.0,0.0
-0.2911392405063291,-1.0,-1.0,-1.0,-1.0,-1.0,-1.0,1.0,0.0,0.0,1.0,0.0,0.0,0.0,1.0,1.0,0.0
-0.03797468354430378,0.35295932127916574,-0.38306588765453553,-0.852735061170152,-1.0,-1.0,0.24112001905762792,1.0,0.0,0.0,1.0,0.0,0.0,1.0,0.0,1.0,0.0
-0.3417721518987342,-1.0,-1.0,-1.0,-1.0,-1.0,-1.0,0.0,1.0,0.0,0.0,1.0,0.0,0.0,1.0,1.0,0.0
0.012658227848101333,-1.0,-1.0,-1.0,-1.0,-1.0,-1.0,0.0,0.0,1.0,0.0,1.0,0.0,0.0,1.0,1.0,0.0
-0.31645569620253167,0.2002132966904817,-1.0,0.4053539972611808,0.08833380378817424,-1.0,0.36529642478936664,0.0,0.0,1.0,1.0,0.0,0.0,0.0,1.0,1.0,0.0
0.3924050632911391,-0.8551412152377926,0.531672797261256,-0.24463645026862124,0.25725712585106786,0.45166971429790315,0.6072879701434546,0.0,1.0,0.0,1.0,0.0,1.0,0.0,0.0,1.0,0.0
-0.5443037974683544,-1.0,-1.0,-1.0,-1.0,-1.0,-1.0,0.0,0.0,1.0,0.0,1.0,0.0,0.0,1.0,1.0,0.0
-0.2911392405063291,-1.0,0.3639927507807157,-0.7054701223403039,0.2644787533352788,-0.5807660862253737,0.4178340128734539,1.0,0.0,0.0,1.0,0.0,0.0,0.0,1.0,1.0,0.0
-0.26582278481012656,0.6106762916373216,-1.0,-1.0,-1.0,-1.0,0.4692795968129093,0.0,0.0,1.0,1.0,0.0,0.0,0.0,1.0,1.0,0.0
-0.620253164556962,-1.0,-1.0,-1.0,-1.0,-1.0,-1.0,1.0,0.0,0.0,0.0,1.0,0.0,0.0,1.0,1.0,0.0
-0.08860759493670889,-1.0,-1.0,-1.0,-1.0,-1.0,-1.0,1.0,0.0,0.0,0.0,1.0,0.0,1.0,0.0,1.0,0.0
-0.44303797468354433,0.39829939228704925,-1.0,-1.0,-1.0,-1.0,0.2755466619768592,1.0,0.0,0.0,1.0,0.0,0.0,0.0,1.0,1.0,0.0
-0.16455696202531644,-1.0,-1.0,0.07151801546107506,-0.37397903613286987,0.35290115651828535,0.3163263205488358,1.0,0.0,0.0,1.0,0.0,0.0,0.0,1.0,1.0,0.0
0.03797468354430378,-0.7102824304755853,-1.0,0.38220845229583533,-1.0,-1.0,0.24112001905762792,1.0,0.0,0.0,1.0,0.0,0.0,0.0,1.0,1.0,0.0
-0.4177215189873418,0.5432879423750063,-0.7867338209790253,0.30538383036889893,-1.0,-1.0,0.45633481238964824,0.0,0.0,1.0,1.0,0.0,0.0,0.0,1.0,1.0,0.0
0.5443037974683544,-1.0,-1.0,-1.0,-1.0,-1.0,-1.0,1.0,0.0,0.0,0.0,1.0,0.0,0.0,1.0,1.0,0.0
-0.49367088607594933,-1.0,-1.0,-1.0,-1.0,-1.0,-1.0,1.0,0.0,0.0,0.0,1.0,0.0,1.0,0.0,1.0,0.0
0.06329113924050622,-0.6636483178693894,-1.0,-1.0,-1.0,0.34590535043972026,0.273642619471695,1.0,0.0,0.0,1.0,0.0,0.0,0.0,1.0,1.0,0.0
0.139240506329114,-1.0,0.40488135966695493,-1.0,0.5977209624263102,-1.0,0.5983540416860942,0.0,1.0,0.0,1.0,0.0,0.0,0.0,1.0,1.0,0.0
-0.3417721518987342,-0.8551412152377926,0.18421369133217924,0.09238959685350623,0.28211691198785505,-0.14636646153228838,0.3667696985133764,0.0,0.0,1.0,1.0,0.0,0.0,0.0,1.0,0.0,1.0
-0.49367088607594933,-1.0,0.23251544401185442,-0.06118020810482594,-1.0,-1.0,0.23594393628112487,1.0,0.0,0.0,1.0,0.0,0.0,1.0,0.0,1.0,0.0
-0.189873417721519,-1.0,-1.0,-1.0,-1.0,-1.0,-1.0,1.0,0.0,0.0,0.0,1.0,0.0,0.0,1.0,1.0,0.0
-0.3924050632911392,0.38239199242924937,0.25432114955422636,0.46288434665617384,-0.6786656890936953,-1.0,0.4810789940603897,0.0,0.0,1.0,1.0,0.0,0.0,0.0,1.0,1.0,0.0
-0.012658227848101333,-1.0,-1.0,-1.0,-1.0,-1.0,-1.0,1.0,0.0,0.0,0.0,1.0,1.0,0.0,0.0,1.0,0.0
-0.03797468354430378,-1.0,-1.0,-1.0,-1.0,-1.0,-1.0,1.0,0.0,0.0,1.0,0.0,0.0,0.0,1.0,1.0,0.0
-0.4177215189873418,-1.0,-1.0,-1.0,-1.0,-1.0,-1.0,0.0,1.0,0.0,0.0,1.0,1.0,0.0,0.0,1.0,0.0
0.06329113924050622,-1.0,0.29836509976565995,-1.0,0.5717086370223976,0.31252599752171695,0.5857045240582637,0.0,1.0,0.0,1.0,0.0,0.0,0.0,1.0,1.0,0.0
0.06329113924050622,-1.0,-1.0,-1.0,-1.0,-1.0,-1.0,0.0,0.0,1.0,0.0,1.0,0.0,0.0,1.0,1.0,0.0
-0.06329113924050633,-1.0,-1.0,-1.0,-1.0,-1.0,-1.0,0.0,0.0,1.0,0.0,1.0,0.0,0.0,1.0,1.0,0.0
-0.012658227848101333,-1.0,-0.7308880444503403,-1.0,0.33537170741342126,-0.21130136025986412,0.28703451468770114,1.0,0.0,0.0,1.0,0.0,0.0,0.0,1.0,1.0,0.0
-0.44303797468354433,-1.0,-1.0,0.3597884368760986,0.04119442890316871,-0.6755229990923698,0.2717193681429104,1.0,0.0,0.0,1.0,0.0,0.0,0.0,1.0,1.0,0.0
-0.21518987341772156,-1.0,-1.0,-1.0,-1.0,-1.0,-1.0,0.0,0.0,1.0,0.0,1.0,0.0,0.0,1.0,1.0,0.0
-0.21518987341772156,-0.7102824304755853,-1.0,-1.0,0.32120575108163685,-0.23707370517791437,0.2729236720284265,1.0,0.0,0.0,1.0,0.0,0.0,0.0,1.0,1.0,0.0
-0.3417721518987342,-1.0,0.23046843128090178,-0.852735061170152,0.3015883901348111,0.34641318168083557,0.45262933769597136,0.0,1.0,0.0,1.0,0.0,0.0,0.0,1.0,1.0,0.0
0.2911392405063291,-1.0,-1.0,-1.0,-1.0,-1.0,-1.0,1.0,0.0,0.0,0.0,1.0,1.0,0.0,0.0,1.0,0.0
-0.03797468354430378,-1.0,0.26292389257832416,-0.05612143585309892,0.11627539949736287,-1.0,0.32067428832202904,1.0,0.0,0.0,1.0,0.0,0.0,0.0,1.0,1.0,0.0
-0.49367088607594933,-0.6636483178693894,0.2954422353855428,-1.0,-0.4464353799519486,-1.0,0.27672710334034045,1.0,0.0,0.0,1.0,0.0,0.0,0.0,1.0,1.0,0.0
-0.620253164556962,-1.0,0.562952403272535,-1.0,-1.0,-1.0,0.5349130387604637,1.0,0.0,0.0,1.0,0.0,0.0,0.0,1.0,1.0,0.0
-0.189873417721519,-1.0,-1.0,-1.0,-1.0,-1.0,-1.0,0.0,1.0,0.0,0.0,1.0,0.0,0.0,1.0,1.0,0.0
-0.3924050632911392,-1.0,-1.0,-1.0,-1.0,-1.0,-1.0,1.0,0.0,0.0,0.0,1.0,0.0,0.0,1.0,1.0,0.0
-0.2911392405063291,-1.0,-0.21858568017706792,-1.0,0.29530655227618663,-1.0,0.25214278085446273,1.0,0.0,0.0,1.0,0.0,0.0,0.0,1.0,1.0,0.0
-1.0,-1.0,-1.0,-1.0,-1.0,-1.0,-1.0,1.0,0.0,0.0,1.0,0.0,1.0,0.0,0.0,1.0,0.0
-0.31645569620253167,0.376712646997853,-1.0,0.5754162168670536,-1.0,-1.0,0.48268372298930173,0.0,0.0,1.0,1.0,0.0,0.0,0.0,1.0,1.0,0.0
0.08860759493670889,-1.0,-1.0,-1.0,-1.0,-1.0,-1.0,0.0,0.0,1.0,0.0,1.0,0.0,0.0,1.0,1.0,0.0
-0.31645569620253167,-0.27570607618896315,0.05225182666193051,0.23334966955487002,-1.0,-0.4540329883045867,0.2201493745726053,1.0,0.0,0.0,1.0,0.0,1.0,0.0,0.0,1.0,0.0
-0.8734177215189873,-1.0,-1.0,-1.0,-1.0,-1.0,-1.0,0.0,0.0,1.0,0.0,1.0,0.0,0.0,1.0,1.0,0.0
0.21518987341772156,-1.0,-1.0,-1.0,-1.0,-1.0,-1.0,0.0,1.0,0.0,0.0,1.0,0.0,0.0,1.0,1.0,0.0
0.26582278481012667,-1.0,0.6354608597837998,-1.0,-0.8616088449879872,0.12719271339027283,0.6170104424930454,0.0,1.0,0.0,1.0,0.0,1.0,0.0,0.0,1.0,0.0
-0.21518987341772156,-1.0,-0.13084486268460616,-1.0,0.5423221264396538,0.09193402339082657,0.49721649210617924,0.0,1.0,0.0,1.0,0.0,0.0,0.0,1.0,1.0,0.0
-0.5443037974683544,-1.0,-1.0,-1.0,-1.0,-1.0,-1.0,0.0,1.0,0.0,0.0,1.0,0.0,0.0,1.0,1.0,0.0
-0.6708860759493671,-1.0,-1.0,-1.0,-1.0,-1.0,-1.0,1.0,0.0,0.0,0.0,1.0,0.0,1.0,0.0,1.0,0.0
-0.31645569620253167,0.4099127715713735,-1.0,0.3862973411346937,-0.8616088449879872,-1.0,0.3983458678786005,0.0,0.0,1.0,1.0,0.0,0.0,0.0,1.0,1.0,0.0
-0.06329113924050633,-1.0,-0.3531416579518979,-0.47206071662399995,0.3171612596463158,-0.6387653512873415,0.2685521020350963,1.0,0.0,0.0,1.0,0.0,0.0,0.0,1.0,1.0,0.0
-0.26582278481012656,0.31134400681667396,0.17209107689369518,-1.0,-1.0,0.8385362348952201,0.7573466974793783,0.0,1.0,0.0,1.0,0.0,1.0,0.0,0.0,0.0,1.0
-0.3924050632911392,-1.0,-1.0,-1.0,-1.0,-1.0,-1.0,0.0,0.0,1.0,0.0,1.0,0.0,0.0,1.0,1.0,0.0
-0.4177215189873418,-1.0,-0.11804088815051594,-0.852735061170152,-1.0,0.2695532587705918,0.2309229002624309,1.0,0.0,0.0,1.0,0.0,0.0,0.0,1.0,1.0,0.0
-0.5189873417721519,0.30372906285986634,-1.0,-1.0,0.11627539949736287,-1.0,0.2692876939616151,1.0,0.0,0.0,1.0,0.0,0.0,0.0,1.0,1.0,0.0
-0.189873417721519,-1.0,0.4502547066971623,-1.0,-1.0,-0.14930970936833787,0.43137567876754623,1.0,0.0,0.0,1.0,0.0,0.0,0.0,1.0,1.0,0.0
-0.49367088607594933,-1.0,-1.0,0.6474135935293872,-0.042490525223414455,-1.0,0.48780772117202686,1.0,0.0,0.0,1.0,0.0,0.0,0.0,1.0,1.0,0.0
-0.31645569620253167,-1.0,-1.0,-1.0,-1.0,-1.0,-1.0,0.0,1.0,0.0,0.0,1.0,0.0,0.0,1.0,1.0,0.0
0.139240506329114,-1.0,-1.0,-1.0,-1.0,-1.0,-1.0,0.0,1.0,0.0,1.0,0.0,0.0,0.0,1.0,1.0,0.0
-0.2405063291139241,0.3117372092852637,0.29957008961775733,-0.23865131090769598,0.0588378805988663,-1.0,0.403377551983374,0.0,0.0,1.0,1.0,0.0,0.0,0.0,1.0,1.0,0.0
-0.36708860759493667,0.5432879423750063,-0.33974853807377825,-0.5865750491295142,-1.0,-1.0,0.41190451881898893,0.0,0.0,1.0,1.0,0.0,0.0,0.0,1.0,1.0,0.0
-0.36708860759493667,-1.0,-1.0,-1.0,-1.0,-1.0,-1.0,1.0,0.0,0.0,0.0,1.0,0.0,0.0,1.0,1.0,0.0
-0.3924050632911392,-1.0,-1.0,-1.0,-1.0,-1.0,-1.0,0.0,0.0,1.0,0.0,1.0,1.0,0.0,0.0,1.0,0.0
-0.6708860759493671,-1.0,-1.0,-1.0,-1.0,-1.0,-1.0,1.0,0.0,0.0,0.0,1.0,0.0,0.0,1.0,1.0,0.0
-0.2911392405063291,-1.0,-0.8654440222251701,-0.45505497126441197,0.3527440711746834,-1.0,0.2944686937979426,1.0,0.0,0.0,1.0,0.0,0.0,0.0,1.0,1.0,0.0
0.7215189873417722,-1.0,-1.0,0.4613582151288069,-1.0,-1.0,0.3112887739450776,1.0,0.0,0.0,1.0,0.0,0.0,0.0,1.0,1.0,0.0
0.21518987341772156,-1.0,0.11171425038716642,-0.7054701223403039,-1.0,0.18669093625782263,0.24026703924046022,1.0,0.0,0.0,1.0,0.0,0.0,1.0,0.0,1.0,0.0
-1.0,-1.0,-1.0,-1.0,-1.0,-1.0,-1.0,0.0,0.0,1.0,1.0,0.0,0.0,0.0,1.0,1.0,0.0
-0.8227848101265822,-1.0,-1.0,-1.0,-1.0,-1.0,-1.0,1.0,0.0,0.0,1.0,0.0,0.0,0.0,1.0,1.0,0.0
-0.49367088607594933,-1.0,0.16787593136613332,0.4665456564717647,0.07320783841262579,-1.0,0.40875143124949465,1.0,0.0,0.0,1.0,0.0,0.0,0.0,1.0,1.0,0.0
-0.5696202531645569,-1.0,0.2509556505073056,-1.0,-0.16050691052666288,0.23167866131570203,0.34254616188161435,1.0,0.0,0.0,1.0,0.0,0.0,0.0,1.0,1.0,0.0
-0.4177215189873418,0.32870670222182596,0.03614019557061021,-1.0,-1.0,-0.5357783611674942,0.27268341910299565,1.0,0.0,0.0,1.0,0.0,0.0,0.0,1.0,1.0,0.0
-0.31645569620253167,-1.0,-1.0,-1.0,-1.0,-1.0,-1.0,0.0,1.0,0.0,0.0,1.0,1.0,0.0,0.0,1.0,0.0
-0.6455696202531646,0.4282402274761008,0.31009108187727485,-0.06375549293234017,-1.0,-1.0,0.4354111000904404,0.0,0.0,1.0,1.0,0.0,0.0,0.0,1.0,1.0,0.0
-0.26582278481012656,-1.0,-1.0,-1.0,-1.0,-1.0,-1.0,0.0,0.0,1.0,0.0,1.0,1.0,0.0,0.0,1.0,0.0
-0.5949367088607596,-1.0,-1.0,-1.0,-1.0,-1.0,-1.0,1.0,0.0,0.0,0.0,1.0,1.0,0.0,0.0,1.0,0.0
-0.49367088607594933,0.19954239065552715,-1.0,0.25922520229898294,-1.0,-0.6387653512873415,0.24615927292440265,1.0,0.0,0.0,1.0,0.0,0.0,0.0,1.0,1.0,0.0
-0.3924050632911392,-1.0,-1.0,-1.0,-1.0,-1.0,-1.0,1.0,0.0,0.0,0.0,1.0,0.0,1.0,0.0,1.0,0.0
-0.06329113924050633,-0.8551412152377926,0.19766483639137888,-1.0,-1.0,0.7874964264992248,0.7026918655185068,0.0,1.0,0.0,1.0,0.0,0.0,0.0,1.0,1.0,0.0
-0.5189873417721519,-1.0,-1.0,-1.0,-1.0,-1.0,-1.0,1.0,0.0,0.0,0.0,1.0,0.0,0.0,1.0,1.0,0.0
-0.5443037974683544,0.47356548698403333,-1.0,-1.0,0.447776223844365,0.0641148700688643,0.5103051647767283,1.0,0.0,0.0,1.0,0.0,0.0,0.0,1.0,1.0,0.0
-0.16455696202531644,-1.0,-1.0,-1.0,-1.0,-1.0,-1.0,1.0,0.0,0.0,0.0,1.0,0.0,0.0,1.0,1.0,0.0
-0.31645569620253167,-0.7102824304755853,0.2956874953573432,-1.0,0.1768542659021144,-1.0,0.34470031667833156,1.0,0.0,0.0,1.0,0.0,0.0,0.0,1.0,1.0,0.0
-0.8227848101265822,-1.0,-1.0,-1.0,-1.0,-1.0,-1.0,1.0,0.0,0.0,1.0,0.0,1.0,0.0,0.0,1.0,0.0
-0.31645569620253167,-1.0,-1.0,-1.0,-1.0,-1.0,-1.0,1.0,0.0,0.0,0.0,1.0,0.0,0.0,1.0,1.0,0.0
-0.26582278481012656,-0.7102824304755853,-1.0,-0.7054701223403039,-1.0,0.3201792248928319,0.24998862605774574,1.0,0.0,0.0,1.0,0.0,0.0,0.0,1.0,1.0,0.0
0.06329113924050622,-0.07154341792518581,0.1596552880968254,0.21252349804625048,-1.0,-1.0,0.26879761484571585,1.0,0.0,0.0,1.0,0.0,0.0,0.0,1.0,1.0,0.0
-0.7468354430379747,-1.0,-1.0,-1.0,-1.0,-1.0,-1.0,1.0,0.0,0.0,1.0,0.0,1.0,0.0,0.0,1.0,0.0
-0.7215189873417722,-1.0,-1.0,-1.0,-1.0,-1.0,-1.0,1.0,0.0,0.0,1.0,0.0,0.0,0.0,1.0,1.0,0.0
-0.3924050632911392,0.4026668282511645,-1.0,-1.0,-0.1546342450073407,-1.0,0.2946830172281585,1.0,0.0,0.0,1.0,0.0,0.0,0.0,1.0,1.0,0.0
-0.26582278481012656,-1.0,0.3249804294081413,-1.0,0.5227895530520816,0.6557815227186705,0.6783765931815209,0.0,1.0,0.0,1.0,0.0,0.0,0.0,1.0,0.0,1.0
0.1898734177215189,0.5783197946908103,-0.42841595991199644,-1.0,-0.10158495183062433,0.6919186665063868,0.6714688835930578,0.0,1.0,0.0,1.0,0.0,1.0,0.0,0.0,1.0,0.0
-0.4683544303797469,-1.0,0.27664559272223577,-1.0,-1.0,-1.0,0.25374257209786033,1.0,0.0,0.0,1.0,0.0,0.0,0.0,1.0,1.0,0.0
-0.4177215189873418,0.36638655690884536,-1.0,-1.0,0.1340818661261043,0.48704345785002867,0.49751240318010015,0.0,0.0,1.0,1.0,0.0,0.0,0.0,1.0,1.0,0.0
-0.16455696202531644,-1.0,-1.0,0.09238959685350623,-0.45932089796816633,0.3504304283398385,0.3159435078276387,1.0,0.0,0.0,1.0,0.0,0.0,0.0,1.0,1.0,0.0
-0.3417721518987342,-1.0,-1.0,-1.0,-1.0,-1.0,-1.0,0.0,1.0,0.0,0.0,1.0,0.0,0.0,1.0,1.0,0.0
-0.44303797468354433,0.059335338010751304,0.42690602860395965,0.5045684538472348,0.34578670406358936,-0.07769756953282436,0.5736489256494761,1.0,0.0,0.0,1.0,0.0,0.0,0.0,1.0,1.0,0.0
-0.2405063291139241,-1.0,0.2947045907670338,0.011763840168196094,0.5099364493931131,-0.7785099892122169,0.515218152602174,0.0,1.0,0.0,1.0,0.0,1.0,0.0,0.0,1.0,0.0
-0.08860759493670889,-0.48068668872744935,-0.14934678377026334,-1.0,0.06853183468750279,0.5216434827742189,0.46686420758364444,0.0,1.0,0.0,1.0,0.0,1.0,0.0,0.0,0.0,1.0
0.2911392405063291,-1.0,-1.0,-0.4905470142953362,0.3980240810059177,-1.0,0.3366225397590199,1.0,0.0,0.0,1.0,0.0,0.0,1.0,0.0,1.0,0.0
0.11392405063291133,-1.0,-1.0,-1.0,-1.0,-1.0,-1.0,0.0,1.0,0.0,0.0,1.0,1.0,0.0,0.0,1.0,0.0
-0.3924050632911392,-1.0,-0.5963320666755103,0.030854571808936138,0.2900723959903946,-0.26663026977783433,0.27696231702976926,1.0,0.0,0.0,1.0,0.0,0.0,0.0,1.0,1.0,0.0
0.06329113924050622,0.4188071798551589,-1.0,-0.5107964623092589,-0.6114869098077889,-1.0,0.29744751488910315,1.0,0.0,0.0,1.0,0.0,0.0,0.0,1.0,1.0,0.0
0.16455696202531644,-1.0,-1.0,-1.0,-1.0,-1.0,-1.0,0.0,0.0,1.0,0.0,1.0,0.0,0.0,1.0,1.0,0.0
-0.189873417721519,-1.0,-1.0,-1.0,0.33906686963541754,-0.5570199784244338,0.28045613511626777,1.0,0.0,0.0,1.0,0.0,1.0,0.0,0.0,1.0,0.0
-0.08860759493670889,-1.0,-1.0,-1.0,0.31524542091412733,-0.7785099892122169,0.2563794145649989,1.0,0.0,0.0,1.0,0.0,1.0,0.0,0.0,1.0,0.0
-0.5189873417721519,-1.0,-1.0,-1.0,-1.0,-1.0,-1.0,1.0,0.0,0.0,0.0,1.0,0.0,0.0,1.0,1.0,0.0
-0.2911392405063291,0.48068668872744924,-1.0,0.6631324115427708,-1.0,-1.0,0.5664750598082406,0.0,0.0,1.0,1.0,0.0,0.0,0.0,1.0,0.0,1.0
-0.44303797468354433,0.6470650221528549,-1.0,0.359081419927634,-0.04750307886341254,-1.0,0.5481144817156895,0.0,0.0,1.0,1.0,0.0,0.0,0.0,1.0,1.0,0.0
0.49367088607594933,-1.0,-1.0,-1.0,-1.0,-1.0,-1.0,0.0,0.0,1.0,0.0,1.0,1.0,0.0,0.0,1.0,0.0
-0.31645569620253167,-1.0,-1.0,-1.0,-1.0,-1.0,-1.0,0.0,1.0,0.0,1.0,0.0,0.0,0.0,1.0,1.0,0.0
-0.44303797468354433,0.39829939228704925,-1.0,0.26147942394443846,-1.0,-1.0,0.34893695038886774,0.0,0.0,1.0,1.0,0.0,0.0,0.0,1.0,1.0,0.0
-1.0,-1.0,-1.0,-1.0,-1.0,-1.0,-1.0,1.0,0.0,0.0,0.0,1.0,0.0,1.0,0.0,1.0,0.0
-0.5443037974683544,-1.0,-1.0,-1.0,-1.0,-1.0,-1.0,1.0,0.0,0.0,0.0,1.0,1.0,0.0,0.0,1.0,0.0
0.03797468354430378,0.2790629051918003,0.10593825676688828,-1.0,-0.7806552088744709,-1.0,0.2630692473235283,1.0,0.0,0.0,1.0,0.0,0.0,1.0,0.0,1.0,0.0
-0.06329113924050633,-1.0,0.5101753476479989,-1.0,0.43263124643034434,-1.0,0.5661659127062821,0.0,1.0,0.0,1.0,0.0,0.0,0.0,1.0,1.0,0.0
-0.4683544303797469,-0.5654236457133779,-1.0,0.36707343846015417,-1.0,-1.0,0.22881635207629936,1.0,0.0,0.0,1.0,0.0,0.0,0.0,1.0,1.0,0.0
-0.5189873417721519,-1.0,0.30028950949683675,-0.34328207546548817,0.3318600751016938,-1.0,0.4088691470118626,1.0,0.0,0.0,1.0,0.0,0.0,0.0,1.0,1.0,0.0
-0.4177215189873418,0.1409826730383381,-0.8654440222251701,0.34136629695761167,-1.0,-0.8602553620751245,0.2714775917362522,1.0,0.0,0.0,1.0,0.0,0.0,0.0,1.0,1.0,0.0
-0.03797468354430378,-1.0,-1.0,-1.0,-1.0,-1.0,-1.0,0.0,0.0,1.0,0.0,1.0,0.0,0.0,1.0,1.0,0.0
0.139240506329114,-1.0,-1.0,-1.0,-1.0,-1.0,-1.0,0.0,1.0,0.0,0.0,1.0,0.0,0.0,1.0,1.0,0.0
-0.11392405063291144,-1.0,-1.0,-1.0,-1.0,-1.0,-1.0,1.0,0.0,0.0,0.0,1.0,0.0,0.0,1.0,1.0,0.0
-0.189873417721519,-0.12441641324590191,-1.0,-1.0,-0.10381577093865546,0.8530602268246457,0.7551970567983488,0.0,1.0,0.0,1.0,0.0,1.0,0.0,0.0,0.0,1.0
-0.11392405063291144,-1.0,-1.0,0.4418950038561329,-1.0,-1.0,0.29382427401442257,1.0,0.0,0.0,1.0,0.0,0.0,0.0,1.0,1.0,0.0
0.240506329113924,-1.0,-1.0,-1.0,-1.0,-1.0,-1.0,1.0,0.0,0.0,1.0,0.0,0.0,0.0,1.0,1.0,0.0
-0.9240506329113924,-1.0,-1.0,-1.0,-1.0,-1.0,-1.0,0.0,0.0,1.0,0.0,1.0,0.0,0.0,1.0,1.0,0.0
-0.08860759493670889,0.5047955600439005,-0.6222536135015577,0.9043258584067617,-1.0,-1.0,0.739055596664645,0.0,0.0,1.0,1.0,0.0,1.0,0.0,0.0,1.0,0.0
-0.26582278481012656,0.45442416764826743,-1.0,0.37146113873948483,-1.0,-1.0,0.41670795720086384,0.0,0.0,1.0,1.0,0.0,0.0,0.0,1.0,1.0,0.0
-0.3417721518987342,-1.0,-1.0,-1.0,-1.0,-1.0,-1.0,0.0,1.0,0.0,1.0,0.0,0.0,0.0,1.0,1.0,0.0
-0.9746835443037974,-1.0,-1.0,-1.0,-1.0,-1.0,-1.0,1.0,0.0,0.0,1.0,0.0,1.0,0.0,0.0,1.0,0.0
-0.26582278481012656,-1.0,-0.5963320666755103,-0.26367530585075993,0.3082490416818733,-1.0,0.25923842845071654,1.0,0.0,0.0,1.0,0.0,0.0,0.0,1.0,1.0,0.0
-0.49367088607594933,0.43575219866088233,-1.0,0.7910010991909489,-0.06891531746405233,-1.0,0.6469893327060214,1.0,0.0,0.0,1.0,0.0,0.0,0.0,1.0,1.0,0.0
0.012658227848101333,-1.0,0.29957008961775733,-1.0,-1.0,-1.0,0.27625580354258283,1.0,0.0,0.0,1.0,0.0,0.0,0.0,1.0,1.0,0.0
0.5949367088607596,-1.0,-0.06427131581777945,0.4582726655049938,-0.34950071834211405,-1.0,0.33593368382940003,1.0,0.0,0.0,1.0,0.0,0.0,0.0,1.0,1.0,0.0
-0.31645569620253167,-1.0,-1.0,-1.0,-1.0,-1.0,-1.0,1.0,0.0,0.0,0.0,1.0,0.0,0.0,1.0,1.0,0.0
-0.4177215189873418,0.5634304862257984,-1.0,-0.07167411372292531,-1.0,-0.7205107241502491,0.43469305528263225,0.0,0.0,1.0,1.0,0.0,0.0,0.0,1.0,1.0,0.0
0.03797468354430378,-0.5408085165037282,0.2188069329321769,-1.0,-1.0,-0.06955064711560244,0.23211627299244952,1.0,0.0,0.0,1.0,0.0,0.0,0.0,1.0,1.0,0.0
-0.4683544303797469,-1.0,-1.0,-1.0,-1.0,-1.0,-1.0,1.0,0.0,0.0,0.0,1.0,1.0,0.0,0.0,1.0,0.0
-0.1392405063291139,0.074541100851655,0.38535725591467007,-1.0,0.6522813223753514,0.7884611999755342,0.7980087603642128,1.0,0.0,0.0,1.0,0.0,0.0,0.0,1.0,1.0,0.0
0.4177215189873418,0.43683447477413173,-1.0,-1.0,-0.7232176899759744,-1.0,0.3112887739450776,1.0,0.0,0.0,1.0,0.0,0.0,0.0,1.0,1.0,0.0
-0.11392405063291144,-1.0,0.6719223668584386,-1.0,0.03791233472553901,0.6255217040725154,0.7326614956343283,0.0,1.0,0.0,1.0,0.0,1.0,0.0,0.0,1.0,0.0
-0.9493670886075949,-1.0,-1.0,-1.0,-1.0,-1.0,-1.0,1.0,0.0,0.0,0.0,1.0,0.0,0.0,1.0,1.0,0.0
-0.36708860759493667,-0.11512657050089148,-1.0,0.745634320037917,-1.0,-1.0,0.5698429965152072,0.0,0.0,1.0,1.0,0.0,0.0,0.0,1.0,1.0,0.0
-0.49367088607594933,0.2804363190092234,-1.0,0.09238959685350623,0.4041072683336113,-1.0,0.42467090610296343,0.0,0.0,1.0,1.0,0.0,0.0,0.0,1.0,1.0,0.0
-0.08860759493670889,0.1827584950947696,0.17069617334544018,-0.398060034713992,-1.0,-1.0,0.25374257209786033,1.0,0.0,0.0,1.0,0.0,1.0,0.0,0.0,1.0,0.0
-0.49367088607594933,0.24141886901040843,-1.0,-0.27738705659295493,-0.2634922240576568,-0.08836719647032054,0.19907559745261016,1.0,0.0,0.0,1.0,0.0,0.0,0.0,1.0,1.0,0.0
-0.3417721518987342,-1.0,-1.0,-1.0,-1.0,-1.0,-1.0,0.0,1.0,0.0,1.0,0.0,0.0,0.0,1.0,0.0,1.0
0.03797468354430378,-1.0,0.7889093293480107,0.14103714603665773,0.7116918949815938,0.5162554310440577,0.8614146687698259,0.0,1.0,0.0,1.0,0.0,1.0,0.0,0.0,1.0,0.0
-0.11392405063291144,0.6557257322498462,-1.0,-0.852735061170152,-1.0,-1.0,0.5104433602674465,0.0,0.0,1.0,1.0,0.0,0.0,0.0,1.0,1.0,0.0
-0.08860759493670889,-1.0,-0.10798043796714663,0.3012404150350836,0.12358963252867672,-0.14060581545527262,0.2972362786668288,1.0,0.0,0.0,1.0,0.0,0.0,0.0,1.0,1.0,0.0
-0.06329113924050633,0.13096394621650265,0.7779021577146474,-1.0,0.43445599241175814,0.51853597613596,0.8044549628389805,0.0,1.0,0.0,1.0,0.0,0.0,0.0,1.0,1.0,0.0
-0.8481012658227848,-1.0,-1.0,-1.0,-1.0,-1.0,-1.0,1.0,0.0,0.0,1.0,0.0,1.0,0.0,0.0,1.0,0.0
-0.44303797468354433,-1.0,-1.0,-1.0,-1.0,-1.0,-1.0,1.0,0.0,0.0,0.0,1.0,0.0,0.0,1.0,1.0,0.0
0.2911392405063291,-1.0,-1.0,-1.0,-1.0,-1.0,-1.0,1.0,0.0,0.0,0.0,1.0,0.0,0.0,1.0,1.0,0.0
0.5189873417721518,-1.0,-1.0,-1.0,-1.0,-1.0,-1.0,0.0,1.0,0.0,0.0,1.0,1.0,0.0,0.0,1.0,0.0
-0.26582278481012656,-1.0,-0.7867338209790253,0.3421346825942404,-0.23997610684263726,-1.0,0.21951496243606505,1.0,0.0,0.0,1.0,0.0,0.0,1.0,0.0,1.0,0.0
-0.5949367088607596,-1.0,-1.0,-1.0,-1.0,-1.0,-1.0,1.0,0.0,0.0,0.0,1.0,0.0,0.0,1.0,1.0,0.0
0.620253164556962,-1.0,-1.0,-1.0,-1.0,-1.0,-1.0,0.0,1.0,0.0,0.0,1.0,1.0,0.0,0.0,1.0,0.0
-0.4177215189873418,-1.0,0.27826105204667706,-0.852735061170152,-1.0,-1.0,0.255592184247051,1.0,0.0,0.0,1.0,0.0,0.0,0.0,1.0,1.0,0.0
0.26582278481012667,-1.0,0.31985476551453873,-0.852735061170152,-1.0,-0.6387653512873415,0.29744751488910315,1.0,0.0,0.0,1.0,0.0,0.0,0.0,1.0,1.0,0.0
-0.08860759493670889,0.26183683428450544,-0.27910935153911365,-0.558205183510456,0.16319723512279816,-1.0,0.2753096940518822,1.0,0.0,0.0,1.0,0.0,0.0,0.0,1.0,1.0,0.0
-0.49367088607594933,-1.0,0.016515089624314028,0.3957414913519457,-1.0,-1.0,0.2968131027525629,1.0,0.0,0.0,1.0,0.0,0.0,0.0,1.0,1.0,0.0
-0.5443037974683544,0.39383873348543696,-1.0,-0.0072182766241952745,0.48640736706668686,-1.0,0.4993515132474975,0.0,0.0,1.0,1.0,0.0,0.0,0.0,1.0,1.0,0.0
-0.31645569620253167,-1.0,-1.0,0.3147486754725213,0.15477674845848233,-1.0,0.27696231702976926,1.0,0.0,0.0,1.0,0.0,0.0,0.0,1.0,1.0,0.0
-0.06329113924050633,-0.19536900909227262,-0.13987547893092322,0.4033510076396176,-1.0,-0.48288339142554504,0.29252886243144127,0.0,0.0,1.0,1.0,0.0,0.0,1.0,0.0,1.0,0.0
-0.08860759493670889,-0.6255454734896567,-1.0,0.4445165092036556,-1.0,-0.8602553620751245,0.29744751488910315,1.0,0.0,0.0,1.0,0.0,0.0,0.0,1.0,1.0,0.0
0.36708860759493667,-1.0,0.5774886614756709,-1.0,0.6778711518498017,-0.283210201982813,0.7104197646107306,0.0,1.0,0.0,1.0,0.0,0.0,0.0,1.0,0.0,1.0
-0.11392405063291144,-1.0,-1.0,-1.0,-1.0,-1.0,-1.0,1.0,0.0,0.0,1.0,0.0,1.0,0.0,0.0,1.0,0.0
-0.26582278481012656,-1.0,-1.0,0.3927406166471912,-1.0,-0.1848848969149266,0.2643292695647548,1.0,0.0,0.0,1.0,0.0,0.0,0.0,1.0,1.0,0.0
-0.5443037974683544,-1.0,0.64203342266746,-1.0,-0.27905773174939197,0.3918568637279136,0.6502682457155571,0.0,1.0,0.0,1.0,0.0,1.0,0.0,0.0,1.0,0.0
-0.4177215189873418,-0.6255454734896567,0.11297479534802846,0.2528998572657699,-0.5848265349639614,-1.0,0.2444942783140054,1.0,0.0,0.0,1.0,0.0,0.0,1.0,0.0,1.0,0.0
0.16455696202531644,-1.0,-1.0,-1.0,-1.0,0.36712154252528806,0.29274537656158284,1.0,0.0,0.0,1.0,0.0,0.0,0.0,1.0,1.0,0.0
0.31645569620253156,-1.0,0.06712811693112553,0.3049274211773789,-0.14613695271290328,-0.5570199784244338,0.27123550831185184,1.0,0.0,0.0,1.0,0.0,0.0,0.0,1.0,1.0,0.0
1.0,-1.0,-1.0,-1.0,0.5375926179871591,-0.7785099892122169,0.4683343402528999,0.0,1.0,0.0,1.0,0.0,0.0,0.0,1.0,1.0,0.0
0.4177215189873418,-1.0,-0.08230415111289946,-1.0,0.44348237592298956,-0.02178753452587201,0.40875143124949465,1.0,0.0,0.0,1.0,0.0,0.0,0.0,1.0,1.0,0.0
-0.4683544303797469,-1.0,-1.0,-1.0,-1.0,-1.0,-1.0,1.0,0.0,0.0,0.0,1.0,1.0,0.0,0.0,1.0,0.0
-0.49367088607594933,-1.0,0.08892884999070771,-0.003283749422589799,-1.0,0.09723982686967458,0.22297838945417037,1.0,0.0,0.0,1.0,0.0,0.0,1.0,0.0,1.0,0.0
-0.5443037974683544,-1.0,-0.534512796009096,-1.0,-1.0,0.33168682241939873,0.2618008416391422,1.0,0.0,0.0,1.0,0.0,0.0,0.0,1.0,1.0,0.0
0.139240506329114,0.5139497409533091,0.05310888430954508,-1.0,-1.0,-1.0,0.4095739192418746,1.0,0.0,0.0,1.0,0.0,0.0,0.0,1.0,1.0,0.0
0.08860759493670889,-0.7704042582518641,0.6024968546962293,-1.0,-0.7232176899759744,0.17927591196193782,0.5903937762546592,0.0,1.0,0.0,1.0,0.0,0.0,0.0,1.0,1.0,0.0
-0.7721518987341772,-1.0,-1.0,-1.0,-1.0,-1.0,-1.0,1.0,0.0,0.0,1.0,0.0,0.0,0.0,1.0,1.0,0.0
-0.3417721518987342,-1.0,-1.0,-1.0,-1.0,-1.0,-1.0,0.0,0.0,1.0,0.0,1.0,0.0,0.0,1.0,1.0,0.0
0.06329113924050622,0.5112453416710527,-1.0,0.5139970785869727,-1.0,-1.0,0.5008827718502369,0.0,0.0,1.0,1.0,0.0,0.0,0.0,1.0,1.0,0.0
-0.06329113924050633,0.8347816622445887,0.41587624665336054,-1.0,0.20454326864219308,0.6807870847113953,0.7993034129684076,0.0,1.0,0.0,1.0,0.0,1.0,0.0,0.0,1.0,0.0
-0.6455696202531646,-1.0,-1.0,-1.0,-1.0,-1.0,-1.0,1.0,0.0,0.0,0.0,1.0,0.0,0.0,1.0,1.0,0.0
-0.11392405063291144,-1.0,-1.0,-1.0,-1.0,-1.0,-1.0,0.0,1.0,0.0,0.0,1.0,1.0,0.0,0.0,1.0,0.0
-0.5189873417721519,0.4526302763727654,-1.0,0.04837042160791993,-1.0,-1.0,0.34877573205275003,0.0,0.0,1.0,1.0,0.0,1.0,0.0,0.0,1.0,0.0
0.31645569620253156,0.38600248974286355,-1.0,0.2487743218727978,-0.6422640538624581,-1.0,0.33850415878634776,0.0,0.0,1.0,1.0,0.0,0.0,0.0,1.0,1.0,0.0
-0.5696202531645569,-1.0,-1.0,-1.0,-1.0,-1.0,-1.0,1.0,0.0,0.0,0.0,1.0,0.0,0.0,1.0,1.0,0.0
-0.03797468354430378,-1.0,0.5628286396458642,-1.0,-0.3419656266234128,-0.7205107241502491,0.5365463338910572,0.0,1.0,0.0,1.0,0.0,0.0,0.0,1.0,1.0,0.0
-0.5189873417721519,-1.0,-1.0,-1.0,-1.0,-1.0,-1.0,0.0,0.0,1.0,0.0,1.0,0.0,0.0,1.0,1.0,0.0
-0.36708860759493667,0.5587848147563141,-0.8654440222251701,0.11477432311163893,-0.8616088449879872,-1.0,0.44185363657470567,0.0,0.0,1.0,1.0,0.0,0.0,0.0,1.0,1.0,0.0
-0.3417721518987342,0.02668125423082568,0.48321878452997646,-0.558205183510456,-0.29015259890148426,-0.10432198431045847,0.47905389884328065,0.0,1.0,0.0,1.0,0.0,0.0,0.0,1.0,1.0,0.0
-0.11392405063291144,-1.0,0.41160669740972233,-1.0,-0.05614755600273069,-0.1295559873969565,0.4094566379886537,1.0,0.0,0.0,1.0,0.0,0.0,0.0,1.0,1.0,0.0
-0.5443037974683544,0.1418700928448171,-1.0,-0.017385690167839973,-1.0,0.16104582952394209,0.23565221369765466,1.0,0.0,0.0,1.0,0.0,1.0,0.0,0.0,1.0,0.0
0.03797468354430378,-1.0,-1.0,-1.0,-1.0,-1.0,-1.0,1.0,0.0,0.0,0.0,1.0,0.0,1.0,0.0,1.0,0.0
-0.5189873417721519,0.32208331881986685,-1.0,0.2469814133682542,-1.0,-0.5570199784244338,0.30100317627942696,1.0,0.0,0.0,1.0,0.0,1.0,0.0,0.0,1.0,0.0
-0.4177215189873418,-1.0,0.23951463662514794,-1.0,0.1672779425195734,0.3504304283398385,0.42336663188608736,0.0,1.0,0.0,1.0,0.0,0.0,0.0,1.0,1.0,0.0
-0.5443037974683544,-0.21395788183585684,-0.09841578220421965,-1.0,0.24038553043117972,-1.0,0.23300642560316343,1.0,0.0,0.0,1.0,0.0,1.0,0.0,0.0,1.0,0.0
-0.49367088607594933,0.13466292862793372,-1.0,-0.852735061170152,-1.0,0.3230471096118894,0.30429016582904,1.0,0.0,0.0,1.0,0.0,0.0,0.0,1.0,1.0,0.0
-0.08860759493670889,-1.0,-1.0,-1.0,0.6798294542755783,0.7432043703059645,0.759584576677353,0.0,1.0,0.0,1.0,0.0,0.0,0.0,1.0,1.0,0.0
-0.5443037974683544,0.3148564768994331,-0.7867338209790253,-0.7054701223403039,0.35836223119325306,-1.0,0.38707571026519116,1.0,0.0,0.0,1.0,0.0,0.0,0.0,1.0,1.0,0.0
-0.6708860759493671,-0.5408085165037282,0.40432192630612573,0.5459655086134141,0.10319111965981298,-0.5570199784244338,0.5324057796814685,1.0,0.0,0.0,1.0,0.0,1.0,0.0,0.0,1.0,0.0
-0.49367088607594933,-1.0,-0.46177608890068045,0.30077500762674614,-0.0886994338144067,-1.0,0.20839382888543412,1.0,0.0,0.0,1.0,0.0,0.0,0.0,1.0,1.0,0.0
-0.189873417721519,-1.0,-1.0,-1.0,-1.0,-1.0,-1.0,0.0,1.0,0.0,0.0,1.0,0.0,0.0,1.0,1.0,0.0
-0.21518987341772156,-1.0,-1.0,-1.0,-1.0,-1.0,-1.0,0.0,1.0,0.0,0.0,1.0,0.0,0.0,1.0,1.0,0.0
-0.21518987341772156,-0.3447223122490274,-1.0,-1.0,-0.8616088449879872,0.2627568097126003,0.20223255283147812,0.0,0.0,1.0,1.0,0.0,1.0,0.0,0.0,1.0,0.0
-0.4683544303797469,0.45835630717247966,-0.14934678377026334,-0.182003812532737,-0.4343312963306818,-1.0,0.35386827314891867,0.0,0.0,1.0,1.0,0.0,0.0,0.0,1.0,1.0,0.0
-0.31645569620253167,0.3160143028548481,-1.0,0.5119376918945415,-1.0,-0.8602553620751245,0.4262887998678837,0.0,0.0,1.0,1.0,0.0,0.0,0.0,1.0,1.0,0.0
-0.31645569620253167,-1.0,0.3134750706806628,-1.0,-0.02970816207027105,0.18891868153376268,0.3753779631520857,1.0,0.0,0.0,1.0,0.0,0.0,0.0,1.0,1.0,0.0
-0.3417721518987342,0.3205825076991473,0.39307779415127087,-0.25713760857903223,-0.09290287818746878,0.4815406201885566,0.5578930697805511,0.0,1.0,0.0,1.0,0.0,0.0,0.0,1.0,1.0,0.0
-0.03797468354430378,0.4026668282511645,0.33323345726512144,-1.0,-0.3347045997837631,0.1642009627143608,0.4610467038106856,0.0,1.0,0.0,1.0,0.0,0.0,0.0,1.0,1.0,0.0
-0.2911392405063291,-1.0,-1.0,-1.0,-1.0,-1.0,-1.0,0.0,0.0,1.0,0.0,1.0,0.0,0.0,1.0,1.0,0.0
-0.4683544303797469,-1.0,-1.0,-1.0,-1.0,-1.0,-1.0,0.0,0.0,1.0,0.0,1.0,0.0,0.0,1.0,1.0,0.0
-0.49367088607594933,-0.7704042582518641,-1.0,0.3903090204688129,-1.0,-0.36785647232007146,0.25400790362447356,1.0,0.0,0.0,1.0,0.0,0.0,0.0,1.0,1.0,0.0
-0.11392405063291144,0.3946328587617025,-1.0,-1.0,-1.0,-1.0,0.27220200301106146,1.0,0.0,0.0,1.0,0.0,1.0,0.0,0.0,1.0,0.0
0.16455696202531644,-1.0,-0.02221043173582371,-1.0,-1.0,0.2069219804909368,0.2032733598084937,1.0,0.0,0.0,1.0,0.0,0.0,1.0,0.0,1.0,0.0
-0.21518987341772156,0.6515175403602771,-0.399956818234266,-1.0,-1.0,-0.8602553620751245,0.508080303100829,1.0,0.0,0.0,1.0,0.0,0.0,0.0,1.0,1.0,0.0
-0.49367088607594933,0.2657894258686748,-1.0,0.14688499402159594,-0.7806552088744709,-1.0,0.2344808387613615,1.0,0.0,0.0,1.0,0.0,0.0,1.0,0.0,1.0,0.0
-0.31645569620253167,0.3574263901366139,-1.0,0.46590411074942195,-0.2312940331994816,-1.0,0.4179462534837599,0.0,0.0,1.0,1.0,0.0,0.0,0.0,1.0,0.0,1.0
-0.5189873417721519,-1.0,0.6344362350595938,-1.0,0.28308847708286033,0.4220656321828655,0.6680246492826862,0.0,1.0,0.0,1.0,0.0,0.0,0.0,1.0,1.0,0.0
-0.31645569620253167,-1.0,0.3116776204141152,-1.0,0.7590929629304854,-0.15840639051791483,0.7042477148290158,0.0,1.0,0.0,1.0,0.0,1.0,0.0,0.0,1.0,0.0
-0.8734177215189873,-1.0,-1.0,-1.0,-1.0,-1.0,-1.0,1.0,0.0,0.0,0.0,1.0,0.0,1.0,0.0,1.0,0.0
-0.5443037974683544,-1.0,-1.0,-1.0,-1.0,-1.0,-1.0,1.0,0.0,0.0,0.0,1.0,0.0,1.0,0.0,1.0,0.0
-0.4683544303797469,-1.0,-1.0,0.3881583024951567,-0.2312940331994816,-0.3861971921026601,0.2630692473235283,1.0,0.0,0.0,1.0,0.0,0.0,0.0,1.0,1.0,0.0
-0.16455696202531644,0.5814772522298679,-0.5020837155287093,0.11365316801939795,-0.8616088449879872,-1.0,0.4614936926932989,0.0,0.0,1.0,1.0,0.0,0.0,0.0,1.0,1.0,0.0
-0.3924050632911392,-1.0,-0.8654440222251701,-1.0,-1.0,0.3020584521072389,0.2315205204104438,1.0,0.0,0.0,1.0,0.0,1.0,0.0,0.0,1.0,0.0
-0.012658227848101333,-0.7704042582518641,0.21807714544913903,-1.0,-1.0,0.4548047547504557,0.4385589003958994,0.0,1.0,0.0,1.0,0.0,0.0,0.0,1.0,1.0,0.0
-0.7974683544303798,-1.0,-1.0,-1.0,-1.0,-1.0,-1.0,0.0,1.0,0.0,1.0,0.0,1.0,0.0,0.0,1.0,0.0
-0.2911392405063291,0.3995934338853615,-1.0,-0.26367530585075993,0.31743345632520215,-1.0,0.403377551983374,0.0,0.0,1.0,1.0,0.0,1.0,0.0,0.0,1.0,0.0
-0.44303797468354433,-1.0,-0.46177608890068045,-1.0,0.25945117246925586,-0.026568997277109152,0.2456058888751731,1.0,0.0,0.0,1.0,0.0,1.0,0.0,0.0,1.0,0.0
-0.16455696202531644,-1.0,-0.13306343816809363,0.4194036752892172,0.272132019803236,0.8745010532425201,0.7965513144250531,0.0,1.0,0.0,1.0,0.0,0.0,0.0,1.0,1.0,0.0
-0.2405063291139241,0.7594449704477897,0.04075141575387109,-0.4905470142953362,0.010778653694732743,-0.48288339142554504,0.6207647185717244,0.0,1.0,0.0,1.0,0.0,0.0,0.0,1.0,1.0,0.0
-0.1392405063291139,-1.0,-1.0,-1.0,-1.0,-1.0,-1.0,0.0,1.0,0.0,0.0,1.0,0.0,0.0,1.0,1.0,0.0
-0.4177215189873418,-1.0,-0.08752751310384899,-1.0,0.6928173650729332,-0.3431387535006696,0.6216147594539463,0.0,1.0,0.0,1.0,0.0,0.0,0.0,1.0,1.0,0.0
-0.16455696202531644,-1.0,-0.45000744077727617,-0.45505497126441197,0.5497657436251406,-0.48288339142554504,0.4830030541713324,0.0,1.0,0.0,1.0,0.0,1.0,0.0,0.0,0.0,1.0
0.08860759493670889,0.28672887760702426,-1.0,0.040587192399014205,-0.7806552088744709,0.31872983765745766,0.3667696985133764,0.0,0.0,1.0,1.0,0.0,0.0,0.0,1.0,1.0,0.0
-0.21518987341772156,0.320205614809973,0.05139096830278356,-0.5107964623092589,-0.8616088449879872,-1.0,0.2714775917362522,1.0,0.0,0.0,1.0,0.0,0.0,0.0,1.0,1.0,0.0
-0.5189873417721519,-1.0,-1.0,-1.0,-1.0,0.2953107516575384,0.224841342433032,1.0,0.0,0.0,1.0,0.0,0.0,0.0,1.0,1.0,0.0
-0.3417721518987342,-1.0,-1.0,-1.0,-1.0,-1.0,-1.0,1.0,0.0,0.0,0.0,1.0,0.0,0.0,1.0,1.0,0.0
-0.6708860759493671,0.41040335172717635,-0.029924953165758494,-0.558205183510456,-1.0,-0.8602553620751245,0.31841815937412554,1.0,0.0,0.0,1.0,0.0,0.0,0.0,1.0,1.0,0.0
-0.31645569620253167,-1.0,-1.0,-1.0,-1.0,-1.0,-1.0,1.0,0.0,0.0,0.0,1.0,0.0,0.0,1.0,1.0,0.0
0.2911392405063291,-1.0,0.5880991297123177,-0.0072182766241952745,-1.0,-1.0,0.5651836263972507,0.0,1.0,0.0,1.0,0.0,0.0,0.0,1.0,1.0,0.0
-0.31645569620253167,-0.28234114300394575,-1.0,0.4478068598759508,-1.0,-1.0,0.3053058350992919,0.0,0.0,1.0,1.0,0.0,0.0,0.0,1.0,0.0,1.0
-0.620253164556962,-1.0,-1.0,-1.0,-1.0,-1.0,-1.0,1.0,0.0,0.0,0.0,1.0,0.0,0.0,1.0,1.0,0.0
0.6455696202531644,-1.0,-1.0,-1.0,-1.0,-1.0,-1.0,0.0,1.0,0.0,0.0,1.0,1.0,0.0,0.0,1.0,0.0
-0.26582278481012656,-0.6636483178693894,0.30757145280511056,-1.0,0.17740352686210992,0.4133412370600893,0.47700706072389676,0.0,1.0,0.0,1.0,0.0,0.0,0.0,1.0,1.0,0.0
0.49367088607594933,0.16130510622586658,0.15210090133619647,-0.619325655453848,-1.0,-1.0,0.23211627299244952,1.0,0.0,0.0,1.0,0.0,1.0,0.0,0.0,1.0,0.0
-0.08860759493670889,-1.0,-1.0,-1.0,-1.0,-1.0,-1.0,1.0,0.0,0.0,0.0,1.0,0.0,0.0,1.0,1.0,0.0
-0.3924050632911392,0.13466292862793372,0.2206194880413752,-0.43931011029966616,-1.0,-1.0,0.26904281188414436,1.0,0.0,0.0,1.0,0.0,0.0,0.0,1.0,1.0,0.0
-0.44303797468354433,0.5185268215070231,-1.0,-1.0,-1.0,0.21968008376004833,0.43459025632026105,1.0,0.0,0.0,1.0,0.0,1.0,0.0,0.0,1.0,0.0
-0.08860759493670889,-1.0,-1.0,-1.0,-1.0,-1.0,-1.0,1.0,0.0,0.0,0.0,1.0,0.0,1.0,0.0,1.0,0.0
-0.44303797468354433,-0.2343630575961404,-0.41845873931992317,0.24395919459839965,0.07504800105209197,-0.041633928940220555,0.25898028261425443,1.0,0.0,0.0,1.0,0.0,1.0,0.0,0.0,1.0,0.0
-0.5189873417721519,-0.21395788183585684,-1.0,0.24212500999543174,0.4508673743487639,-1.0,0.4309569182013697,1.0,0.0,0.0,1.0,0.0,0.0,0.0,1.0,1.0,0.0
0.4177215189873418,-1.0,0.12217667163355861,0.46157690624121606,-0.18589423387542536,0.6839492662541646,0.6450900326019595,0.0,1.0,0.0,1.0,0.0,1.0,0.0,0.0,1.0,0.0
-0.9493670886075949,-1.0,-1.0,-1.0,-1.0,-1.0,-1.0,1.0,0.0,0.0,0.0,1.0,1.0,0.0,0.0,1.0,0.0
-0.5696202531645569,-1.0,-1.0,-1.0,-1.0,-1.0,-1.0,1.0,0.0,0.0,0.0,1.0,0.0,0.0,1.0,1.0,0.0
0.1898734177215189,-0.4639587993442762,-0.5963320666755103,-1.0,0.3138656211375297,-1.0,0.25949622520548155,1.0,0.0,0.0,1.0,0.0,0.0,0.0,1.0,1.0,0.0
-0.5443037974683544,-1.0,-1.0,-1.0,-1.0,-1.0,-1.0,1.0,0.0,0.0,0.0,1.0,1.0,0.0,0.0,1.0,0.0
-0.5443037974683544,-1.0,-1.0,-1.0,-1.0,-1.0,-1.0,0.0,0.0,1.0,0.0,1.0,0.0,0.0,1.0,1.0,0.0
-0.5189873417721519,-1.0,0.19189429391025126,0.18943175483965313,-1.0,-0.6755229990923698,0.25872178674943225,1.0,0.0,0.0,1.0,0.0,0.0,1.0,0.0,1.0,0.0
-0.31645569620253167,-1.0,-1.0,-1.0,-1.0,-1.0,-1.0,1.0,0.0,0.0,1.0,0.0,0.0,0.0,1.0,1.0,0.0
0.139240506329114,-1.0,-1.0,-1.0,-1.0,-1.0,-1.0,0.0,0.0,1.0,0.0,1.0,1.0,0.0,0.0,1.0,0.0
-0.6962025316455696,-1.0,-1.0,-1.0,-1.0,-1.0,-1.0,1.0,0.0,0.0,1.0,0.0,1.0,0.0,0.0,1.0,0.0
-0.7468354430379747,-1.0,-1.0,-1.0,-1.0,-1.0,-1.0,1.0,0.0,0.0,1.0,0.0,0.0,0.0,1.0,1.0,0.0
-0.31645569620253167,-1.0,-1.0,-1.0,-1.0,-1.0,-1.0,0.0,1.0,0.0,0.0,1.0,1.0,0.0,0.0,1.0,0.0
-0.31645569620253167,-1.0,-1.0,0.35224474276565965,0.0694758375479605,-1.0,0.2724428630192193,1.0,0.0,0.0,1.0,0.0,0.0,0.0,1.0,1.0,0.0
-0.1392405063291139,-1.0,-1.0,-1.0,-1.0,-1.0,-1.0,0.0,0.0,1.0,0.0,1.0,0.0,0.0,1.0,1.0,0.0
-0.5949367088607596,-1.0,-0.8654440222251701,-1.0,-1.0,-0.16793299247135696,-0.21015001531196242,1.0,0.0,0.0,1.0,0.0,0.0,0.0,1.0,1.0,0.0
0.31645569620253156,-1.0,-1.0,-1.0,-1.0,-1.0,-1.0,0.0,1.0,0.0,0.0,1.0,0.0,0.0,1.0,1.0,0.0
0.36708860759493667,-1.0,0.6847571227278972,-1.0,-1.0,0.3747557535606785,0.6820900297355377,0.0,1.0,0.0,1.0,0.0,0.0,0.0,1.0,1.0,0.0
-0.8987341772151899,-1.0,-1.0,-1.0,-1.0,-1.0,-1.0,0.0,0.0,1.0,1.0,0.0,0.0,0.0,1.0,1.0,0.0
-0.11392405063291144,-1.0,-1.0,-1.0,-1.0,-1.0,-1.0,1.0,0.0,0.0,0.0,1.0,0.0,0.0,1.0,1.0,0.0
0.5443037974683544,0.6225485601705727,0.12865786742178908,-0.5107964623092589,0.14980063461237925,-0.7785099892122169,0.5272901144135977,0.0,0.0,1.0,1.0,0.0,0.0,0.0,1.0,0.0,1.0
-0.189873417721519,-1.0,-1.0,-1.0,-1.0,-1.0,-1.0,1.0,0.0,0.0,0.0,1.0,0.0,1.0,0.0,1.0,0.0
-0.06329113924050633,-1.0,-1.0,-1.0,-1.0,-1.0,-1.0,0.0,1.0,0.0,0.0,1.0,0.0,0.0,1.0,1.0,0.0
-0.5443037974683544,-1.0,0.2939641324940918,-0.5331811885673919,-0.5038728988504453,-1.0,0.2753096940518822,1.0,0.0,0.0,1.0,0.0,0.0,0.0,1.0,1.0,0.0
-0.16455696202531644,-1.0,0.28870030052519335,-0.852735061170152,-0.16050691052666288,-0.10432198431045847,0.2999642599693204,1.0,0.0,0.0,1.0,0.0,0.0,0.0,1.0,1.0,0.0
0.03797468354430378,-1.0,0.509606190091378,-1.0,-0.7806552088744709,-0.07562976785601094,0.4902805979505842,0.0,1.0,0.0,1.0,0.0,1.0,0.0,0.0,1.0,0.0
-0.31645569620253167,0.5287859143475573,-0.8654440222251701,-1.0,-1.0,-1.0,0.39470494097334563,0.0,0.0,1.0,1.0,0.0,0.0,0.0,1.0,1.0,0.0
0.5189873417721518,-1.0,-1.0,0.4175294239678158,0.12785291692407785,-0.7205107241502491,0.3308636193490475,1.0,0.0,0.0,1.0,0.0,0.0,1.0,0.0,1.0,0.0
-0.08860759493670889,-1.0,-1.0,-1.0,-1.0,-1.0,-1.0,0.0,1.0,0.0,0.0,1.0,1.0,0.0,0.0,1.0,0.0
-0.44303797468354433,-1.0,-1.0,-1.0,-1.0,-1.0,-1.0,0.0,1.0,0.0,0.0,1.0,0.0,0.0,1.0,1.0,0.0
-0.49367088607594933,-1.0,-0.3531416579518979,-0.852735061170152,0.30422125773481157,-0.8602553620751245,0.25321079861192275,1.0,0.0,0.0,1.0,0.0,0.0,0.0,1.0,1.0,0.0
-0.189873417721519,0.31369220062687053,-1.0,0.40277523927382974,-0.04581820613847054,-1.0,0.3798148917655788,0.0,0.0,1.0,1.0,0.0,0.0,0.0,1.0,1.0,0.0
-0.06329113924050633,0.06707648412250133,0.24308258277950867,-1.0,-1.0,-0.499020713362466,0.2692876939616151,1.0,0.0,0.0,1.0,0.0,1.0,0.0,0.0,1.0,0.0
-0.6708860759493671,-1.0,-1.0,-1.0,-1.0,-1.0,-1.0,1.0,0.0,0.0,0.0,1.0,0.0,0.0,1.0,1.0,0.0
-0.4177215189873418,-1.0,-1.0,-1.0,-1.0,-1.0,-1.0,1.0,0.0,0.0,0.0,1.0,0.0,0.0,1.0,1.0,0.0
-0.6962025316455696,-1.0,-1.0,-1.0,-1.0,-1.0,-1.0,1.0,0.0,0.0,1.0,0.0,1.0,0.0,0.0,1.0,0.0
0.2911392405063291,0.30372906285986634,-1.0,0.20607401269065284,0.6663169973106446,-1.0,0.624294491723713,0.0,0.0,1.0,1.0,0.0,0.0,0.0,1.0,0.0,1.0
-0.3924050632911392,-0.8551412152377926,-1.0,-0.47206071662399995,-1.0,0.33059260591452677,0.2612911069207595,1.0,0.0,0.0,1.0,0.0,0.0,1.0,0.0,1.0,0.0
-0.1392405063291139,0.15054299919964675,-1.0,0.3378737515108996,-1.0,-0.3960337232426189,0.2760197159940232,1.0,0.0,0.0,1.0,0.0,0.0,0.0,1.0,1.0,0.0
-0.5443037974683544,-1.0,-1.0,0.5687905633129906,-1.0,-1.0,0.4076887056483811,1.0,0.0,0.0,1.0,0.0,0.0,0.0,1.0,1.0,0.0
0.012658227848101333,-1.0,-1.0,-1.0,-1.0,-1.0,-1.0,0.0,1.0,0.0,0.0,1.0,1.0,0.0,0.0,1.0,0.0
-0.49367088607594933,-1.0,-0.687570694869583,0.28830208486650566,-1.0,0.14170321119994345,0.2545374613846978,1.0,0.0,0.0,1.0,0.0,0.0,0.0,1.0,1.0,0.0
-0.5443037974683544,-1.0,-1.0,-1.0,-1.0,-1.0,-1.0,1.0,0.0,0.0,0.0,1.0,0.0,1.0,0.0,1.0,0.0
-0.4177215189873418,-1.0,-1.0,-1.0,-1.0,-1.0,-1.0,0.0,0.0,1.0,0.0,1.0,0.0,0.0,1.0,1.0,0.0
-0.31645569620253167,0.16844387791328996,0.5410367857030454,-1.0,-0.19991095170540252,-0.1216487427128865,0.5387025190371637,0.0,1.0,0.0,1.0,0.0,0.0,0.0,1.0,1.0,0.0
-0.5696202531645569,0.7143270946042388,-1.0,0.6379072900785214,-0.2685470822285979,-1.0,0.655857939706139,0.0,0.0,1.0,1.0,0.0,0.0,0.0,1.0,1.0,0.0
-0.06329113924050633,0.3787180213335257,-1.0,-1.0,0.009510990813706321,-1.0,0.2944686937979426,1.0,0.0,0.0,1.0,0.0,0.0,0.0,1.0,1.0,0.0
0.5189873417721518,0.6542815533958466,-1.0,-1.0,-1.0,-1.0,0.5090568765482177,0.0,0.0,1.0,1.0,0.0,0.0,0.0,1.0,0.0,1.0
-0.3924050632911392,-0.4340525761212535,-1.0,-0.852735061170152,0.25204192773426026,-0.0523413421951594,0.23565221369765466,1.0,0.0,0.0,1.0,0.0,1.0,0.0,0.0,1.0,0.0
-0.5189873417721519,-1.0,-1.0,-1.0,-1.0,-1.0,-1.0,0.0,0.0,1.0,0.0,1.0,0.0,0.0,1.0,1.0,0.0
0.5949367088607596,-1.0,0.35390845647643143,-1.0,0.033450557250103596,0.8166064481182909,0.7447375994639216,0.0,1.0,0.0,1.0,0.0,1.0,0.0,0.0,1.0,0.0
-0.620253164556962,-1.0,0.3314068790456557,0.03250795289206865,-1.0,-1.0,0.331571006695365,1.0,0.0,0.0,1.0,0.0,0.0,0.0,1.0,1.0,0.0
0.16455696202531644,-1.0,-1.0,0.3343228321358205,0.12358963252867672,-1.0,0.27696231702976926,1.0,0.0,0.0,1.0,0.0,0.0,0.0,1.0,1.0,0.0
-0.4683544303797469,0.42044814100934524,-0.8654440222251701,-1.0,-0.17599189543729488,-0.33552996763665077,0.31363034693773617,1.0,0.0,0.0,1.0,0.0,0.0,0.0,1.0,1.0,0.0
-0.26582278481012656,0.4538279131770304,-1.0,-1.0,-1.0,-1.0,0.3262004918050192,0.0,0.0,1.0,1.0,0.0,0.0,0.0,1.0,1.0,0.0
0.4683544303797469,-1.0,-1.0,0.4613582151288069,-1.0,-1.0,0.3112887739450776,1.0,0.0,0.0,1.0,0.0,0.0,0.0,1.0,1.0,0.0
-0.5443037974683544,0.2949765812711149,0.14046059916249742,0.21110710348735173,0.09917375609356327,-1.0,0.37954058859437323,0.0,0.0,1.0,1.0,0.0,0.0,0.0,1.0,1.0,0.0
-0.21518987341772156,-1.0,0.341149874960637,-1.0,-0.40188337906966964,0.508575223429167,0.5129139002989478,1.0,0.0,0.0,1.0,0.0,0.0,0.0,1.0,1.0,0.0
-0.21518987341772156,-0.7704042582518641,-0.40898743448058295,-0.852735061170152,0.3844956253285927,-0.7785099892122169,0.32656327149793496,1.0,0.0,0.0,1.0,0.0,1.0,0.0,0.0,1.0,0.0
-1.0,-1.0,-1.0,-1.0,-1.0,-1.0,-1.0,0.0,0.0,1.0,1.0,0.0,0.0,0.0,1.0,1.0,0.0
-0.08860759493670889,-0.8551412152377926,0.2939641324940918,-1.0,-0.19631344477175017,0.010188650527918952,0.314983099392915,1.0,0.0,0.0,1.0,0.0,0.0,0.0,1.0,1.0,0.0
-0.44303797468354433,0.049925971642005296,-0.6222536135015577,-0.29977178285108796,-1.0,0.2661836723210691,0.2534768707710904,1.0,0.0,0.0,1.0,0.0,0.0,0.0,1.0,1.0,0.0
0.6455696202531644,0.3330084743514372,0.025592635217374093,0.19177938532237793,-1.0,-1.0,0.3274672118880446,0.0,0.0,1.0,1.0,0.0,0.0,0.0,1.0,1.0,0.0
-0.06329113924050633,-1.0,0.22839960272817894,0.25464371162751154,-1.0,-0.16470718131487705,0.3145975771764009,1.0,0.0,0.0,1.0,0.0,0.0,0.0,1.0,1.0,0.0
-0.4177215189873418,-1.0,-0.48769763572672786,-1.0,0.32802778406727096,-1.0,0.27123550831185184,1.0,0.0,0.0,1.0,0.0,0.0,0.0,1.0,1.0,0.0
-0.4683544303797469,0.06580604221371833,-0.03124104798214067,-0.14860841543444325,0.09917375609356327,-0.07978679958783985,0.24998862605774574,1.0,0.0,0.0,1.0,0.0,0.0,0.0,1.0,1.0,0.0
-0.5696202531645569,-1.0,-1.0,-1.0,-1.0,-1.0,-1.0,1.0,0.0,0.0,0.0,1.0,0.0,0.0,1.0,1.0,0.0
-0.4683544303797469,0.38928078520685516,-1.0,-1.0,-0.2585621900439785,-1.0,0.27696231702976926,1.0,0.0,0.0,1.0,0.0,1.0,0.0,0.0,1.0,0.0
-0.31645569620253167,0.5088116949514674,-1.0,-0.17315009825902838,-0.37397903613286987,-0.006621823607412924,0.40325639489566223,0.0,0.0,1.0,1.0,0.0,0.0,0.0,1.0,1.0,0.0
0.03797468354430378,0.4834685873803277,-1.0,-1.0,-1.0,0.35606849132892937,0.45309647998091984,0.0,0.0,1.0,1.0,0.0,0.0,1.0,0.0,1.0,0.0
-0.2911392405063291,-1.0,0.5319632922527764,0.5249801457765997,-0.41212440500723446,-0.499020713362466,0.581801767043995,0.0,1.0,0.0,1.0,0.0,0.0,0.0,1.0,1.0,0.0
-0.3924050632911392,-0.01766047286342709,-0.553014717094753,-0.30779003243456393,0.2598145142129149,-0.23254297751680364,0.25872178674943225,1.0,0.0,0.0,1.0,0.0,0.0,0.0,1.0,1.0,0.0
0.012658227848101333,-1.0,-1.0,-1.0,-1.0,-1.0,-1.0,0.0,1.0,0.0,0.0,1.0,0.0,0.0,1.0,1.0,0.0
-0.21518987341772156,-1.0,-1.0,-1.0,-1.0,-1.0,-1.0,1.0,0.0,0.0,0.0,1.0,0.0,0.0,1.0,1.0,0.0
-0.08860759493670889,-1.0,-1.0,-1.0,-1.0,-1.0,-1.0,0.0,0.0,1.0,0.0,1.0,0.0,0.0,1.0,1.0,0.0
-0.5443037974683544,0.46411918289799914,-0.553014717094753,0.6729736528847252,-1.0,-1.0,0.5683704683626232,0.0,0.0,1.0,1.0,0.0,0.0,0.0,1.0,1.0,0.0
-0.3417721518987342,-1.0,-1.0,-1.0,0.2846973192535558,-0.5570199784244338,0.22911871640787962,1.0,0.0,0.0,1.0,0.0,0.0,0.0,1.0,1.0,0.0
-0.49367088607594933,-0.2343630575961404,0.04790884369401427,0.318639171919574,-1.0,-1.0,0.2630692473235283,1.0,0.0,0.0,1.0,0.0,0.0,1.0,0.0,1.0,0.0
-0.5696202531645569,-1.0,-1.0,-1.0,-1.0,-1.0,-1.0,0.0,0.0,1.0,0.0,1.0,0.0,0.0,1.0,1.0,0.0
0.3417721518987342,-1.0,0.7083066480635465,-1.0,0.7024182667995165,-0.05418253212523094,0.7872576247937502,0.0,1.0,0.0,1.0,0.0,0.0,0.0,1.0,1.0,0.0
-0.4683544303797469,0.10412116396102222,-0.6521778432041954,0.38410541487069816,-0.487891873354127,-0.3861971921026601,0.2985001993479246,1.0,0.0,0.0,1.0,0.0,0.0,0.0,1.0,1.0,0.0
-0.08860759493670889,-1.0,-1.0,-1.0,-1.0,-1.0,-1.0,0.0,1.0,0.0,0.0,1.0,1.0,0.0,0.0,1.0,0.0
0.08860759493670889,-0.4484711928323267,0.48682317583510626,0.22285576393677076,-1.0,0.1226277886472169,0.5068876988771229,0.0,0.0,1.0,1.0,0.0,0.0,0.0,1.0,1.0,0.0
-0.2405063291139241,-1.0,-1.0,-1.0,-1.0,-1.0,-1.0,0.0,1.0,0.0,0.0,1.0,1.0,0.0,0.0,1.0,0.0
-0.189873417721519,-0.5654236457133779,0.27826105204667706,-1.0,-0.6114869098077889,-0.46794256496556785,0.2620551988097608,1.0,0.0,0.0,1.0,0.0,1.0,0.0,0.0,1.0,0.0
-0.3417721518987342,-1.0,-1.0,-1.0,-1.0,-1.0,-1.0,0.0,1.0,0.0,0.0,1.0,1.0,0.0,0.0,1.0,0.0
0.11392405063291133,-1.0,-1.0,-1.0,0.31634243594344613,0.2069219804909368,0.33969195497211757,1.0,0.0,0.0,1.0,0.0,0.0,0.0,1.0,1.0,0.0
-0.7468354430379747,-1.0,-1.0,-1.0,-1.0,-1.0,-1.0,1.0,0.0,0.0,0.0,1.0,1.0,0.0,0.0,1.0,0.0
-0.189873417721519,-1.0,-1.0,-1.0,-1.0,-1.0,-1.0,1.0,0.0,0.0,1.0,0.0,0.0,0.0,1.0,1.0,0.0
-0.4177215189873418,-1.0,-1.0,-1.0,-1.0,-1.0,-1.0,1.0,0.0,0.0,0.0,1.0,0.0,0.0,1.0,1.0,0.0
-0.03797468354430378,-1.0,0.308949848479519,-0.7054701223403039,-0.29015259890148426,-1.0,0.2936089824375072,1.0,0.0,0.0,1.0,0.0,0.0,0.0,1.0,1.0,0.0
-0.08860759493670889,-0.057288776938810404,0.4803999076722172,-1.0,-0.4464353799519486,0.436844588785793,0.550200471722271,0.0,1.0,0.0,1.0,0.0,0.0,0.0,1.0,1.0,0.0
-0.36708860759493667,-1.0,-1.0,0.4404513398849488,-1.0,-1.0,0.29252886243144127,1.0,0.0,0.0,1.0,0.0,0.0,0.0,1.0,1.0,0.0
-0.8227848101265822,-1.0,-1.0,-1.0,-1.0,-1.0,-1.0,0.0,0.0,1.0,0.0,1.0,0.0,0.0,1.0,1.0,0.0
-0.3417721518987342,-0.5187895331071819,-1.0,-1.0,-1.0,0.36666334029141123,0.29425412914828364,1.0,0.0,0.0,1.0,0.0,0.0,0.0,1.0,1.0,0.0
-0.26582278481012656,-1.0,-1.0,-1.0,-1.0,-1.0,-1.0,0.0,1.0,0.0,0.0,1.0,1.0,0.0,0.0,1.0,0.0
-0.7721518987341772,-1.0,-1.0,-1.0,-1.0,-1.0,-1.0,1.0,0.0,0.0,1.0,0.0,1.0,0.0,0.0,1.0,0.0
0.012658227848101333,-1.0,-1.0,-1.0,-1.0,-1.0,-1.0,1.0,0.0,0.0,0.0,1.0,0.0,0.0,1.0,1.0,0.0
-0.16455696202531644,-1.0,-1.0,-1.0,-1.0,-1.0,-1.0,1.0,0.0,0.0,0.0,1.0,0.0,1.0,0.0,1.0,0.0
-0.189873417721519,-1.0,-1.0,-1.0,-1.0,-1.0,-1.0,0.0,1.0,0.0,0.0,1.0,0.0,0.0,1.0,1.0,0.0
0.240506329113924,-1.0,-1.0,-1.0,-1.0,-1.0,-1.0,0.0,0.0,1.0,0.0,1.0,0.0,1.0,0.0,1.0,0.0
-0.21518987341772156,-1.0,-1.0,-1.0,-1.0,-1.0,-1.0,1.0,0.0,0.0,0.0,1.0,0.0,0.0,1.0,1.0,0.0
0.49367088607594933,-1.0,-1.0,-1.0,-1.0,0.33627210532265694,0.26357425601910145,1.0,0.0,0.0,1.0,0.0,0.0,0.0,1.0,1.0,0.0
-0.21518987341772156,-1.0,-1.0,-1.0,-1.0,-1.0,-1.0,0.0,0.0,1.0,1.0,0.0,0.0,0.0,1.0,1.0,0.0
-0.2911392405063291,-1.0,-1.0,-1.0,-1.0,-1.0,-1.0,0.0,0.0,1.0,0.0,1.0,0.0,0.0,1.0,1.0,0.0
-0.11392405063291144,-1.0,-1.0,-1.0,-1.0,-1.0,-1.0,0.0,1.0,0.0,0.0,1.0,1.0,0.0,0.0,1.0,0.0
0.4430379746835442,-1.0,-1.0,-1.0,-1.0,-1.0,-1.0,0.0,1.0,0.0,0.0,1.0,1.0,0.0,0.0,1.0,0.0
-0.5443037974683544,0.33547754839214616,-0.04777215780665878,-0.558205183510456,-1.0,-1.0,0.25872178674943225,1.0,0.0,0.0,1.0,0.0,0.0,0.0,1.0,1.0,0.0
-0.4177215189873418,-1.0,0.22595776874756113,-0.191242589706499,-1.0,0.3095033187714644,0.36065555109144554,1.0,0.0,0.0,1.0,0.0,0.0,1.0,0.0,1.0,0.0
-0.3924050632911392,-1.0,-0.687570694869583,-1.0,0.2995163276064905,-0.04514025899005125,0.2714775917362522,1.0,0.0,0.0,1.0,0.0,0.0,0.0,1.0,1.0,0.0
0.08860759493670889,0.4610654365035338,-0.687570694869583,0.12883522495451194,0.197229035610879,-1.0,0.41738438844074754,0.0,0.0,1.0,1.0,0.0,0.0,0.0,1.0,1.0,0.0
-0.31645569620253167,-0.015769174431463306,-1.0,0.3724609448054992,-1.0,-1.0,0.2618008416391422,1.0,0.0,0.0,1.0,0.0,0.0,0.0,1.0,1.0,0.0
0.03797468354430378,-1.0,0.7136451933035417,-1.0,0.4784319594227855,-0.1295559873969565,0.7257107984799598,0.0,1.0,0.0,1.0,0.0,1.0,0.0,0.0,0.0,1.0
-0.31645569620253167,-1.0,-1.0,-1.0,-1.0,-1.0,-1.0,0.0,1.0,0.0,0.0,1.0,0.0,0.0,1.0,1.0,0.0
-0.3924050632911392,-0.2343630575961404,0.07795851652984287,-1.0,-0.19991095170540252,0.6812694028747472,0.6050724084088801,0.0,1.0,0.0,1.0,0.0,1.0,0.0,0.0,1.0,0.0
-0.7215189873417722,-1.0,-1.0,-1.0,-1.0,-1.0,-1.0,1.0,0.0,0.0,1.0,0.0,0.0,0.0,1.0,1.0,0.0
-0.6708860759493671,-1.0,-1.0,-1.0,-1.0,-1.0,-1.0,0.0,0.0,1.0,0.0,1.0,0.0,0.0,1.0,1.0,0.0
-0.3417721518987342,-1.0,0.025592635217374093,-1.0,-1.0,0.24802265563989168,0.2444942783140054,1.0,0.0,0.0,1.0,0.0,0.0,0.0,1.0,1.0,0.0
-0.189873417721519,-1.0,-1.0,-1.0,-1.0,-1.0,-1.0,1.0,0.0,0.0,0.0,1.0,0.0,1.0,0.0,1.0,0.0
-0.2405063291139241,-1.0,-1.0,-1.0,-1.0,-1.0,-1.0,0.0,1.0,0.0,0.0,1.0,1.0,0.0,0.0,1.0,0.0
-0.8987341772151899,-1.0,-1.0,-1.0,-1.0,-1.0,-1.0,0.0,0.0,1.0,0.0,1.0,1.0,0.0,0.0,1.0,0.0
-0.4683544303797469,-1.0,0.2663750633305195,-1.0,-0.5212452626117072,-1.0,0.24643536373456643,1.0,0.0,0.0,1.0,0.0,0.0,0.0,1.0,1.0,0.0
-0.5443037974683544,0.24791639909755392,-0.26103833682763355,0.2487743218727978,-1.0,-1.0,0.2724428630192193,1.0,0.0,0.0,1.0,0.0,0.0,0.0,1.0,1.0,0.0
-0.3417721518987342,-1.0,-1.0,-1.0,-1.0,-1.0,-1.0,0.0,1.0,0.0,0.0,1.0,1.0,0.0,0.0,1.0,0.0
-0.5189873417721519,-1.0,-1.0,-1.0,-1.0,-1.0,-1.0,0.0,0.0,1.0,0.0,1.0,0.0,0.0,1.0,1.0,0.0
0.08860759493670889,-1.0,-0.553014717094753,0.49656393739436355,-1.0,-1.0,0.3443704884453713,1.0,0.0,0.0,1.0,0.0,0.0,0.0,1.0,1.0,0.0
-0.2911392405063291,0.4304777975705907,-0.19882729359260942,-1.0,-0.20357447161139997,-0.6755229990923698,0.3274672118880446,0.0,0.0,1.0,1.0,0.0,0.0,0.0,1.0,1.0,0.0
0.36708860759493667,-1.0,0.4574171367693829,0.6510284556702397,0.3689353718173878,-0.22377599210075905,0.6307232905333748,0.0,1.0,0.0,1.0,0.0,1.0,0.0,0.0,1.0,0.0
-0.36708860759493667,-1.0,-1.0,-1.0,-1.0,-1.0,-1.0,0.0,0.0,1.0,0.0,1.0,0.0,0.0,1.0,1.0,0.0
-0.7468354430379747,-1.0,-1.0,-1.0,-1.0,-1.0,-1.0,1.0,0.0,0.0,1.0,0.0,0.0,0.0,1.0,1.0,0.0
-0.9493670886075949,-1.0,-1.0,-1.0,-1.0,-1.0,-1.0,1.0,0.0,0.0,1.0,0.0,0.0,0.0,1.0,1.0,0.0
-0.189873417721519,-1.0,-1.0,-1.0,-1.0,-1.0,-1.0,1.0,0.0,0.0,0.0,1.0,0.0,0.0,1.0,1.0,0.0
-0.16455696202531644,-1.0,0.5591416557197411,-1.0,-0.7232176899759744,0.39165434347369166,0.58467781539207,0.0,1.0,0.0,1.0,0.0,0.0,0.0,1.0,0.0,1.0
-0.31645569620253167,-1.0,-1.0,-1.0,-1.0,-1.0,-1.0,1.0,0.0,0.0,0.0,1.0,0.0,0.0,1.0,1.0,0.0
-0.9493670886075949,-1.0,-1.0,-1.0,-1.0,-1.0,-1.0,0.0,0.0,1.0,0.0,1.0,1.0,0.0,0.0,1.0,0.0
-0.49367088607594933,-0.7704042582518641,-0.7867338209790253,0.4397258124970793,-0.5613104177489419,-1.0,0.2944686937979426,1.0,0.0,0.0,1.0,0.0,0.0,0.0,1.0,1.0,0.0
-0.03797468354430378,-0.3637342358463982,0.6081658153199503,0.07014287540499775,0.12573265381549148,0.49665743935578255,0.6612570868454177,0.0,1.0,0.0,1.0,0.0,0.0,0.0,1.0,1.0,0.0
0.139240506329114,0.462406944413736,0.3312028609061646,0.23965453568335393,-1.0,-1.0,0.48260380654667356,0.0,0.0,1.0,1.0,0.0,0.0,0.0,1.0,0.0,1.0
-0.012658227848101333,-1.0,-1.0,-1.0,0.5025409286224507,0.03778067928010853,0.45150350368917236,0.0,1.0,0.0,1.0,0.0,1.0,0.0,0.0,1.0,0.0
-0.5696202531645569,0.41974644907849523,-1.0,0.1679195488917904,-1.0,-0.6387653512873415,0.3418784180427257,0.0,0.0,1.0,1.0,0.0,1.0,0.0,0.0,1.0,0.0
-0.03797468354430378,-0.8551412152377926,-1.0,0.20387993057201603,-1.0,0.2746853987002982,0.285017134263297,1.0,0.0,0.0,1.0,0.0,0.0,0.0,1.0,1.0,0.0
-0.5696202531645569,-1.0,-1.0,-1.0,-1.0,-1.0,-1.0,0.0,0.0,1.0,0.0,1.0,0.0,1.0,0.0,1.0,0.0
-0.16455696202531644,-1.0,-1.0,-1.0,-1.0,-1.0,-1.0,1.0,0.0,0.0,0.0,1.0,1.0,0.0,0.0,1.0,0.0
-0.11392405063291144,0.30817146694873543,-1.0,-0.852735061170152,0.15477674845848233,-0.1712112581347347,0.2985001993479246,1.0,0.0,0.0,1.0,0.0,0.0,0.0,1.0,1.0,0.0
-0.31645569620253167,-1.0,-1.0,-1.0,-1.0,-1.0,-1.0,1.0,0.0,0.0,0.0,1.0,0.0,0.0,1.0,1.0,0.0
-0.4177215189873418,-1.0,0.553248976867982,-0.3247957777941519,0.30422125773481157,0.04011144392268706,0.5747366087773864,0.0,1.0,0.0,1.0,0.0,0.0,0.0,1.0,1.0,0.0
-0.6708860759493671,-1.0,-0.7867338209790253,-1.0,0.2658922546943274,0.07706211126962503,0.26879761484571585,1.0,0.0,0.0,1.0,0.0,0.0,0.0,1.0,1.0,0.0
-0.8987341772151899,-1.0,-1.0,-1.0,-1.0,-1.0,-1.0,1.0,0.0,0.0,0.0,1.0,0.0,0.0,1.0,1.0,0.0
-0.4177215189873418,-1.0,-1.0,-1.0,-1.0,-1.0,-1.0,0.0,1.0,0.0,0.0,1.0,0.0,0.0,1.0,1.0,0.0
-0.4177215189873418,-1.0,0.5471046962310819,-1.0,-0.6114869098077889,-1.0,0.5197447499076808,1.0,0.0,0.0,1.0,0.0,0.0,0.0,1.0,1.0,0.0
-0.2911392405063291,-1.0,-1.0,-1.0,-1.0,-1.0,-1.0,0.0,0.0,1.0,0.0,1.0,0.0,0.0,1.0,1.0,0.0
-0.11392405063291144,0.3906317081423356,-0.4743045158486082,-1.0,0.2808140934463914,-0.6755229990923698,0.38158830614553785,1.0,0.0,0.0,1.0,0.0,1.0,0.0,0.0,1.0,0.0
-0.6708860759493671,-1.0,-1.0,-1.0,-1.0,-1.0,-1.0,1.0,0.0,0.0,0.0,1.0,0.0,0.0,1.0,1.0,0.0
-0.2911392405063291,-1.0,-1.0,-1.0,-1.0,-1.0,-1.0,1.0,0.0,0.0,0.0,1.0,1.0,0.0,0.0,1.0,0.0
0.11392405063291133,0.4932534648228257,-0.42841595991199644,-1.0,-0.7232176899759744,-1.0,0.36529642478936664,0.0,0.0,1.0,1.0,0.0,0.0,0.0,1.0,1.0,0.0
-0.189873417721519,0.7671852781279034,-1.0,0.297960947984242,0.04864912753319017,-1.0,0.6363366325204751,0.0,0.0,1.0,1.0,0.0,0.0,0.0,1.0,1.0,0.0
-0.4683544303797469,0.2643159505492376,-1.0,0.09486007116558381,-1.0,-1.0,0.21823976924603183,1.0,0.0,0.0,1.0,0.0,1.0,0.0,0.0,1.0,0.0
-0.5443037974683544,-1.0,-1.0,-1.0,-1.0,-1.0,-1.0,1.0,0.0,0.0,0.0,1.0,0.0,0.0,1.0,1.0,0.0
-0.31645569620253167,-1.0,-1.0,-1.0,-1.0,-1.0,-1.0,0.0,1.0,0.0,0.0,1.0,0.0,0.0,1.0,0.0,1.0
-0.4177215189873418,-0.8551412152377926,-1.0,-0.47206071662399995,-1.0,0.563804268134118,0.4797042727656504,0.0,0.0,1.0,1.0,0.0,0.0,0.0,1.0,1.0,0.0
-0.16455696202531644,0.047157890771564404,-1.0,-1.0,-1.0,-0.0523413421951594,0.05935743085769607,0.0,0.0,1.0,1.0,0.0,0.0,0.0,1.0,1.0,0.0
0.6455696202531644,-0.37393074834497464,0.39849281539696224,-0.658061401139107,0.6108443826015431,-0.5570199784244338,0.6064131834903932,0.0,1.0,0.0,1.0,0.0,1.0,0.0,0.0,1.0,0.0
-0.2911392405063291,-0.6255454734896567,0.7506678536162423,-1.0,0.03901237185009698,0.6160278833871888,0.7819453119099926,0.0,1.0,0.0,1.0,0.0,1.0,0.0,0.0,1.0,0.0
-0.6455696202531646,-1.0,-1.0,-1.0,-1.0,-1.0,-1.0,1.0,0.0,0.0,0.0,1.0,1.0,0.0,0.0,1.0,0.0
0.06329113924050622,-0.17424122981986145,-0.6222536135015577,-0.0487521978057921,-0.3828541075996944,0.2104370440587624,0.20973637437120352,1.0,0.0,0.0,1.0,0.0,0.0,1.0,0.0,1.0,0.0
0.4177215189873418,-1.0,-1.0,-1.0,-1.0,-1.0,-1.0,0.0,1.0,0.0,0.0,1.0,0.0,0.0,1.0,1.0,0.0
0.16455696202531644,-1.0,-1.0,-1.0,-1.0,-1.0,-1.0,0.0,1.0,0.0,0.0,1.0,1.0,0.0,0.0,1.0,0.0
-0.36708860759493667,-1.0,-1.0,-1.0,-1.0,-1.0,-1.0,0.0,0.0,1.0,0.0,1.0,0.0,0.0,1.0,1.0,0.0
0.012658227848101333,-0.37393074834497464,-0.534512796009096,-0.852735061170152,0.6906895698038726,0.7541681980229049,0.7704844109853284,0.0,1.0,0.0,1.0,0.0,0.0,0.0,1.0,1.0,0.0
-0.2405063291139241,-1.0,-0.04210392323829204,-1.0,0.7183749513957083,-0.04691656031443692,0.6493038163649074,0.0,1.0,0.0,1.0,0.0,1.0,0.0,0.0,1.0,0.0
-0.31645569620253167,0.022019639760848975,-0.1593040043623366,0.43308210183764206,-1.0,-1.0,0.3274672118880446,0.0,0.0,1.0,1.0,0.0,0.0,0.0,1.0,1.0,0.0
-0.6708860759493671,0.4719292163776265,-1.0,-0.5865750491295142,-1.0,-1.0,0.3437091151156173,1.0,0.0,0.0,1.0,0.0,0.0,0.0,1.0,1.0,0.0
-0.2911392405063291,-1.0,-1.0,-1.0,-1.0,-1.0,-1.0,1.0,0.0,0.0,0.0,1.0,0.0,1.0,0.0,1.0,0.0
-0.6455696202531646,-1.0,-1.0,-1.0,-1.0,-1.0,-1.0,1.0,0.0,0.0,0.0,1.0,0.0,0.0,1.0,1.0,0.0
-0.16455696202531644,0.1418700928448171,-0.7867338209790253,-0.852735061170152,0.2934748308684323,-1.0,0.2944686937979426,1.0,0.0,0.0,1.0,0.0,0.0,0.0,1.0,1.0,0.0
-0.03797468354430378,-1.0,-1.0,-1.0,-1.0,-1.0,-1.0,0.0,1.0,0.0,0.0,1.0,1.0,0.0,0.0,1.0,0.0
0.03797468354430378,-1.0,-1.0,-1.0,-1.0,-1.0,-1.0,1.0,0.0,0.0,0.0,1.0,1.0,0.0,0.0,1.0,0.0
-0.36708860759493667,0.6995689375253726,0.5149073610325485,-0.28458972591597387,0.11022474757620349,0.06616167847277632,0.6688689940337851,1.0,0.0,0.0,1.0,0.0,0.0,0.0,1.0,1.0,0.0
-0.3417721518987342,-1.0,0.5815217985479078,-1.0,-0.6786656890936953,0.5284393443517634,0.6389945527615402,0.0,1.0,0.0,1.0,0.0,1.0,0.0,0.0,1.0,0.0
-0.7215189873417722,-1.0,-1.0,-1.0,-1.0,-1.0,-1.0,1.0,0.0,0.0,0.0,1.0,0.0,0.0,1.0,1.0,0.0
0.8734177215189873,-1.0,0.3461276667204094,-1.0,0.7564552202400345,-0.03479907452996045,0.7075675972863016,0.0,1.0,0.0,1.0,0.0,1.0,0.0,0.0,1.0,0.0
-0.11392405063291144,-1.0,-1.0,-1.0,-1.0,-1.0,-1.0,1.0,0.0,0.0,0.0,1.0,0.0,0.0,1.0,1.0,0.0
-0.3417721518987342,0.5389625621010585,-0.7867338209790253,-1.0,-0.3143830504493078,-1.0,0.4076887056483811,1.0,0.0,0.0,1.0,0.0,0.0,0.0,1.0,1.0,0.0
-0.7721518987341772,-1.0,-1.0,-1.0,-1.0,-1.0,-1.0,1.0,0.0,0.0,1.0,0.0,0.0,0.0,1.0,1.0,0.0
-0.5443037974683544,-0.8551412152377926,-0.8654440222251701,-1.0,-1.0,0.333857598665946,0.2618008416391422,1.0,0.0,0.0,1.0,0.0,0.0,0.0,1.0,1.0,0.0
-0.4683544303797469,0.19615516820268275,-1.0,-0.852735061170152,0.28341128432058404,-0.7785099892122169,0.3024482126487391,1.0,0.0,0.0,1.0,0.0,0.0,0.0,1.0,1.0,0.0
0.21518987341772156,-1.0,-0.399956818234266,-1.0,-1.0,0.344374136273252,0.27625580354258283,1.0,0.0,0.0,1.0,0.0,0.0,0.0,1.0,1.0,0.0
-0.4683544303797469,-1.0,-1.0,-1.0,-0.16350931647416544,0.24510978294079622,0.2015355112099746,1.0,0.0,0.0,1.0,0.0,0.0,0.0,1.0,1.0,0.0
0.31645569620253156,-1.0,-1.0,-1.0,-1.0,-1.0,-1.0,1.0,0.0,0.0,0.0,1.0,1.0,0.0,0.0,1.0,0.0
-0.16455696202531644,0.34640746651003873,-1.0,0.09362842483546063,0.10634780570115177,-0.017116849277658552,0.34893695038886774,0.0,0.0,1.0,1.0,0.0,0.0,0.0,1.0,1.0,0.0
0.11392405063291133,-1.0,-1.0,-1.0,-1.0,-1.0,-1.0,0.0,1.0,0.0,0.0,1.0,1.0,0.0,0.0,1.0,0.0
-0.31645569620253167,-0.2692751980081092,-0.5734676419580506,-0.619325655453848,0.2734925445434577,-0.4063749077027098,0.2353600440295902,1.0,0.0,0.0,1.0,0.0,0.0,1.0,0.0,1.0,0.0
-0.03797468354430378,-0.03140165932038008,-0.5020837155287093,-0.42465199542280296,0.29921855539165465,-1.0,0.27388166736646213,1.0,0.0,0.0,1.0,0.0,0.0,0.0,1.0,1.0,0.0
-0.11392405063291144,-0.04611033444082724,0.5809024055175807,-1.0,0.19219964542046086,0.16231381418236346,0.592561197092969,0.0,1.0,0.0,1.0,0.0,1.0,0.0,0.0,1.0,0.0
-0.3924050632911392,-1.0,-1.0,-0.14101980886279797,0.265186754903574,0.36712154252528806,0.39432429391624035,1.0,0.0,0.0,1.0,0.0,0.0,0.0,1.0,1.0,0.0
0.5949367088607596,-1.0,0.6363529913636117,-0.852735061170152,0.3805691225167005,0.5408008543116842,0.7053193627070968,0.0,1.0,0.0,1.0,0.0,0.0,0.0,1.0,1.0,0.0
0.3924050632911391,0.4496058089645336,-0.42841595991199644,-1.0,-1.0,-1.0,0.3256550245627965,1.0,0.0,0.0,1.0,0.0,0.0,0.0,1.0,1.0,0.0
-0.5949367088607596,-1.0,-0.2567717202028965,-0.7665905942836959,0.7077260945741934,0.036605113872856476,0.6384306309716163,0.0,1.0,0.0,1.0,0.0,0.0,0.0,1.0,1.0,0.0
0.21518987341772156,-1.0,-1.0,-1.0,-1.0,-1.0,-1.0,0.0,1.0,0.0,0.0,1.0,0.0,0.0,1.0,1.0,0.0
-0.5949367088607596,-1.0,-1.0,-1.0,-1.0,-1.0,-1.0,0.0,1.0,0.0,0.0,1.0,1.0,0.0,0.0,1.0,0.0
-0.03797468354430378,-1.0,-1.0,-1.0,-1.0,-1.0,-1.0,0.0,1.0,0.0,0.0,1.0,1.0,0.0,0.0,1.0,0.0
-0.5189873417721519,0.2419681125601998,-1.0,0.281779827324224,-1.0,-0.5570199784244338,0.2755466619768592,1.0,0.0,0.0,1.0,0.0,0.0,0.0,1.0,1.0,0.0
0.4177215189873418,-1.0,-1.0,-1.0,-1.0,-1.0,-1.0,0.0,1.0,0.0,0.0,1.0,1.0,0.0,0.0,0.0,1.0
-0.2911392405063291,-1.0,0.0037111150902235934,-1.0,0.07228135771050459,0.797863208657932,0.7097410685613261,0.0,1.0,0.0,1.0,0.0,0.0,0.0,1.0,1.0,0.0
-0.8734177215189873,-1.0,-1.0,-1.0,-1.0,-1.0,-1.0,0.0,0.0,1.0,0.0,1.0,0.0,0.0,1.0,1.0,0.0
0.139240506329114,0.3998512834558947,-1.0,0.038995736291383754,0.05684130163020984,-1.0,0.34204557339854436,0.0,0.0,1.0,1.0,0.0,1.0,0.0,0.0,1.0,0.0
-0.31645569620253167,0.4805115843599319,-1.0,-1.0,-1.0,-1.0,0.3505416793177798,0.0,0.0,1.0,1.0,0.0,0.0,0.0,1.0,1.0,0.0
-0.2911392405063291,-1.0,-1.0,-1.0,-1.0,-1.0,-1.0,1.0,0.0,0.0,0.0,1.0,0.0,0.0,1.0,1.0,0.0
-0.36708860759493667,-1.0,-1.0,-1.0,-0.6114869098077889,0.5313989813985671,0.4486594827036303,1.0,0.0,0.0,1.0,0.0,0.0,0.0,1.0,1.0,0.0
-0.31645569620253167,0.15723115557427114,-1.0,0.4406926328091776,-0.37397903613286987,-0.7785099892122169,0.3448650170523748,0.0,0.0,1.0,1.0,0.0,0.0,0.0,1.0,1.0,0.0
-0.6708860759493671,-1.0,-1.0,-0.5331811885673919,-1.0,0.32503062845442,0.2550655522240399,1.0,0.0,0.0,1.0,0.0,0.0,0.0,1.0,1.0,0.0
-0.4177215189873418,0.37117044648666586,-1.0,-1.0,-1.0,0.28422870557381597,0.3654442655653667,0.0,0.0,1.0,1.0,0.0,0.0,0.0,1.0,1.0,0.0
-0.9493670886075949,-1.0,-1.0,-1.0,-1.0,-1.0,-1.0,1.0,0.0,0.0,0.0,1.0,0.0,0.0,1.0,1.0,0.0
-1.0,-1.0,-1.0,-1.0,-1.0,-1.0,-1.0,1.0,0.0,0.0,1.0,0.0,1.0,0.0,0.0,1.0,0.0
-0.8481012658227848,-1.0,-1.0,-1.0,-1.0,-1.0,-1.0,0.0,0.0,1.0,1.0,0.0,0.0,0.0,1.0,1.0,0.0
-0.7215189873417722,-1.0,-1.0,-1.0,-1.0,-1.0,-1.0,0.0,1.0,0.0,1.0,0.0,0.0,0.0,1.0,1.0,0.0
-0.2911392405063291,-1.0,0.6296695766889986,-0.7054701223403039,0.06567274669392442,0.4839906465191246,0.6649475217050773,0.0,1.0,0.0,1.0,0.0,0.0,0.0,1.0,0.0,1.0
0.06329113924050622,-1.0,-1.0,-1.0,-1.0,-1.0,-1.0,0.0,1.0,0.0,0.0,1.0,1.0,0.0,0.0,1.0,0.0
0.3417721518987342,-1.0,0.41810681875285494,-1.0,-0.15754898630665604,-1.0,0.4010622964572006,1.0,0.0,0.0,1.0,0.0,0.0,0.0,1.0,1.0,0.0
-0.5696202531645569,-1.0,-1.0,-1.0,-1.0,-1.0,-1.0,1.0,0.0,0.0,0.0,1.0,0.0,0.0,1.0,1.0,0.0
-0.31645569620253167,-1.0,-1.0,-1.0,-1.0,0.5073233436758158,0.4253197121895349,1.0,0.0,0.0,1.0,0.0,0.0,0.0,1.0,1.0,0.0
-0.4177215189873418,-1.0,-1.0,-1.0,-1.0,-1.0,-1.0,1.0,0.0,0.0,0.0,1.0,0.0,0.0,1.0,1.0,0.0
0.49367088607594933,-1.0,-1.0,-1.0,-1.0,-1.0,-1.0,0.0,0.0,1.0,0.0,1.0,0.0,0.0,1.0,1.0,0.0
-0.3924050632911392,-1.0,-1.0,-1.0,-1.0,-1.0,-1.0,1.0,0.0,0.0,0.0,1.0,1.0,0.0,0.0,1.0,0.0
0.16455696202531644,-0.5408085165037282,0.2582247646859477,-1.0,-0.6422640538624581,-0.09057059431598824,0.26357425601910145,1.0,0.0,0.0,1.0,0.0,0.0,0.0,1.0,1.0,0.0
-0.3924050632911392,-1.0,-1.0,-1.0,-1.0,-1.0,-1.0,1.0,0.0,0.0,0.0,1.0,0.0,0.0,1.0,1.0,0.0
-0.6962025316455696,-1.0,-1.0,-1.0,-1.0,-1.0,-1.0,1.0,0.0,0.0,1.0,0.0,0.0,0.0,1.0,1.0,0.0
-0.03797468354430378,-1.0,-1.0,-1.0,-1.0,-1.0,-1.0,1.0,0.0,0.0,0.0,1.0,0.0,0.0,1.0,1.0,0.0
-0.26582278481012656,0.37381402840314926,-0.24850990987970567,-1.0,-1.0,-1.0,0.2653313253335814,1.0,0.0,0.0,1.0,0.0,0.0,0.0,1.0,1.0,0.0
-0.31645569620253167,0.19886932388887235,-1.0,0.43308210183764206,-1.0,-1.0,0.3450295752594832,0.0,0.0,1.0,1.0,0.0,0.0,0.0,1.0,0.0,1.0
-0.4177215189873418,-1.0,-1.0,-1.0,-1.0,-1.0,-1.0,1.0,0.0,0.0,0.0,1.0,0.0,0.0,1.0,1.0,0.0
-0.06329113924050633,-1.0,-1.0,0.08350944589750786,-1.0,0.24760909878487913,0.23477435794343604,1.0,0.0,0.0,1.0,0.0,1.0,0.0,0.0,1.0,0.0
-0.44303797468354433,-1.0,-1.0,-1.0,-1.0,-1.0,-1.0,1.0,0.0,0.0,0.0,1.0,0.0,0.0,1.0,1.0,0.0
-0.7974683544303798,-1.0,-1.0,-1.0,-1.0,-1.0,-1.0,1.0,0.0,0.0,0.0,1.0,1.0,0.0,0.0,1.0,0.0
0.5696202531645569,-1.0,-1.0,-1.0,-1.0,-1.0,-1.0,0.0,0.0,1.0,0.0,1.0,0.0,0.0,1.0,1.0,0.0
-0.03797468354430378,-1.0,-1.0,-1.0,-1.0,-1.0,-1.0,1.0,0.0,0.0,0.0,1.0,0.0,0.0,1.0,1.0,0.0
0.3417721518987342,-1.0,-1.0,-1.0,-1.0,-1.0,-1.0,0.0,1.0,0.0,0.0,1.0,0.0,0.0,1.0,1.0,0.0
-0.189873417721519,0.4940759257442584,-1.0,0.4886312357874598,-0.5402745340816825,-1.0,0.48260380654667356,0.0,0.0,1.0,1.0,0.0,0.0,0.0,1.0,1.0,0.0
0.36708860759493667,-1.0,-1.0,-1.0,-1.0,-1.0,-1.0,0.0,1.0,0.0,0.0,1.0,1.0,0.0,0.0,1.0,0.0
0.1898734177215189,-1.0,-1.0,-1.0,-1.0,-1.0,-1.0,1.0,0.0,0.0,0.0,1.0,0.0,1.0,0.0,1.0,0.0
0.03797468354430378,-1.0,-1.0,0.4932004096731113,-0.5613104177489419,-1.0,0.3412083271204924,0.0,0.0,1.0,1.0,0.0,0.0,1.0,0.0,1.0,0.0
0.5443037974683544,-1.0,-1.0,-1.0,-1.0,-1.0,-1.0,0.0,0.0,1.0,0.0,1.0,0.0,0.0,1.0,1.0,0.0
-0.5696202531645569,-1.0,-1.0,-1.0,-1.0,-1.0,-1.0,1.0,0.0,0.0,0.0,1.0,0.0,0.0,1.0,1.0,0.0
0.36708860759493667,-1.0,-1.0,-1.0,-1.0,-1.0,-1.0,0.0,0.0,1.0,0.0,1.0,0.0,0.0,1.0,1.0,0.0
-0.2405063291139241,0.031241152588492138,-1.0,0.13502377112556174,0.3695648717599065,-1.0,0.3667696985133764,0.0,0.0,1.0,1.0,0.0,0.0,0.0,1.0,1.0,0.0
-0.2911392405063291,0.7089949116710246,-1.0,-1.0,-0.47309575479577604,-0.7785099892122169,0.5597686783005278,0.0,0.0,1.0,1.0,0.0,0.0,0.0,1.0,1.0,0.0
0.5696202531645569,-0.04829870051400631,0.0853405178410318,0.6484138275045639,-0.09079009410092975,-1.0,0.5129820714675977,1.0,0.0,0.0,1.0,0.0,0.0,0.0,1.0,1.0,0.0
-0.3924050632911392,0.3746878431273488,-1.0,0.1862606751212319,0.1407823685377967,0.20022681698952183,0.41466414246197214,1.0,0.0,0.0,1.0,0.0,0.0,0.0,1.0,1.0,0.0
-0.3924050632911392,-1.0,-1.0,-1.0,-1.0,-1.0,-1.0,0.0,0.0,1.0,0.0,1.0,0.0,0.0,1.0,1.0,0.0
-0.6455696202531646,-1.0,-1.0,-1.0,-1.0,-1.0,-1.0,1.0,0.0,0.0,0.0,1.0,1.0,0.0,0.0,1.0,0.0
0.139240506329114,-1.0,-1.0,-1.0,-1.0,-1.0,-1.0,0.0,1.0,0.0,0.0,1.0,0.0,0.0,1.0,1.0,0.0
0.7468354430379747,-1.0,0.0867838199681712,-1.0,0.04864912753319017,0.8364051366524174,0.7459463576364389,0.0,1.0,0.0,1.0,0.0,0.0,0.0,1.0,0.0,1.0
0.012658227848101333,-1.0,0.5750046819205912,-1.0,0.7480746510834102,0.0681879155898868,0.7536025318881621,0.0,1.0,0.0,1.0,0.0,1.0,0.0,0.0,1.0,0.0
-0.2911392405063291,-1.0,0.39352252113125186,-1.0,0.07867821438814993,0.7560719158172342,0.7034462815053812,0.0,1.0,0.0,1.0,0.0,0.0,0.0,1.0,1.0,0.0
0.31645569620253156,-0.8551412152377926,-0.48769763572672786,-0.7054701223403039,-1.0,0.321043881955672,0.25374257209786033,1.0,0.0,0.0,1.0,0.0,0.0,0.0,1.0,1.0,0.0
-0.620253164556962,-1.0,0.5066524404980706,-1.0,0.18651693694269644,-1.0,0.5082201202476153,1.0,0.0,0.0,1.0,0.0,0.0,0.0,1.0,1.0,0.0
-0.5949367088607596,-1.0,-1.0,-1.0,-1.0,-1.0,-1.0,0.0,0.0,1.0,0.0,1.0,0.0,0.0,1.0,1.0,0.0
-0.7721518987341772,-1.0,-1.0,-1.0,-1.0,-1.0,-1.0,0.0,1.0,0.0,1.0,0.0,0.0,0.0,1.0,1.0,0.0
0.03797468354430378,-1.0,-1.0,-1.0,-1.0,-1.0,-1.0,1.0,0.0,0.0,0.0,1.0,0.0,0.0,1.0,1.0,0.0
-0.2911392405063291,-1.0,-1.0,-1.0,-1.0,-1.0,-1.0,1.0,0.0,0.0,0.0,1.0,0.0,0.0,1.0,1.0,0.0
0.8481012658227849,-1.0,-1.0,-1.0,-1.0,-1.0,-1.0,0.0,1.0,0.0,0.0,1.0,0.0,0.0,1.0,0.0,1.0
-0.49367088607594933,-0.7704042582518641,0.6436321660365818,-1.0,0.09998372163863856,-0.3012768103756228,0.6250153947124975,0.0,1.0,0.0,1.0,0.0,0.0,0.0,1.0,1.0,0.0
-0.012658227848101333,-0.37393074834497464,0.589830452152583,-1.0,0.20692298969951572,0.2600506094007735,0.606204307967035,0.0,1.0,0.0,1.0,0.0,0.0,0.0,1.0,1.0,0.0
-0.5696202531645569,-1.0,-1.0,-1.0,-1.0,-1.0,-1.0,1.0,0.0,0.0,0.0,1.0,0.0,1.0,0.0,1.0,0.0
-0.06329113924050633,-1.0,-1.0,0.009940151743722092,0.29981365637780444,-1.0,0.27123550831185184,1.0,0.0,0.0,1.0,0.0,0.0,0.0,1.0,1.0,0.0
-0.5189873417721519,-1.0,0.6327164165739096,-1.0,-0.5038728988504453,0.642973966582945,0.7125132837098052,0.0,1.0,0.0,1.0,0.0,1.0,0.0,0.0,1.0,0.0
-0.4683544303797469,-1.0,-1.0,0.14495354074726086,-0.061519796693389694,0.7297245826639949,0.6469893327060214,1.0,0.0,0.0,1.0,0.0,0.0,0.0,1.0,1.0,0.0
-0.3417721518987342,-1.0,-1.0,-1.0,-1.0,-1.0,-1.0,1.0,0.0,0.0,0.0,1.0,0.0,0.0,1.0,1.0,0.0
0.06329113924050622,-1.0,-1.0,-1.0,-1.0,-1.0,-1.0,0.0,1.0,0.0,0.0,1.0,1.0,0.0,0.0,1.0,0.0
-0.6708860759493671,0.8554035970053471,-1.0,0.07559082510692261,-0.3921421186822598,-1.0,0.6971701085170174,0.0,0.0,1.0,1.0,0.0,0.0,0.0,1.0,1.0,0.0
-0.5696202531645569,-1.0,-1.0,0.3646727530646936,-1.0,-1.0,0.22453211175517773,1.0,0.0,0.0,1.0,0.0,1.0,0.0,0.0,1.0,0.0
0.3417721518987342,-0.08684198141166655,-0.1353076624911318,0.4355670236963538,-1.0,-1.0,0.32123417322106906,0.0,0.0,1.0,1.0,0.0,0.0,0.0,1.0,1.0,0.0
-0.5189873417721519,-0.8551412152377926,0.047028464670980874,0.3837904283090039,-0.7806552088744709,-0.499020713362466,0.29829012696182167,1.0,0.0,0.0,1.0,0.0,0.0,0.0,1.0,1.0,0.0
-0.9746835443037974,-1.0,-1.0,-1.0,-1.0,-1.0,-1.0,0.0,0.0,1.0,0.0,1.0,0.0,0.0,1.0,1.0,0.0
-0.7721518987341772,-1.0,-1.0,-1.0,-1.0,-1.0,-1.0,1.0,0.0,0.0,1.0,0.0,0.0,0.0,1.0,1.0,0.0
-0.620253164556962,-1.0,-0.399956818234266,-0.3338379252482363,0.4070807406917525,0.1131756406477662,0.38667950505621995,1.0,0.0,0.0,1.0,0.0,0.0,0.0,1.0,1.0,0.0
-0.31645569620253167,0.37439697731782773,-1.0,-1.0,-1.0,-1.0,0.25374257209786033,1.0,0.0,0.0,1.0,0.0,0.0,0.0,1.0,1.0,0.0
-0.2911392405063291,0.30857067824568674,-1.0,-1.0,0.37330075226961523,-1.0,0.39343315059228146,0.0,0.0,1.0,1.0,0.0,0.0,0.0,1.0,1.0,0.0
-0.5443037974683544,-1.0,-1.0,-1.0,-1.0,-1.0,-1.0,0.0,0.0,1.0,0.0,1.0,0.0,0.0,1.0,1.0,0.0
-0.31645569620253167,-1.0,-1.0,-1.0,-1.0,-1.0,-1.0,0.0,1.0,0.0,0.0,1.0,0.0,0.0,1.0,1.0,0.0
0.5696202531645569,0.5500526939911754,-1.0,-0.3247957777941519,-0.7806552088744709,-0.48288339142554504,0.4181705366520967,0.0,0.0,1.0,1.0,0.0,0.0,0.0,1.0,1.0,0.0
-0.3417721518987342,-1.0,-1.0,-1.0,-1.0,-1.0,-1.0,0.0,0.0,1.0,0.0,1.0,0.0,0.0,1.0,1.0,0.0
-0.21518987341772156,-1.0,-1.0,-1.0,-1.0,-1.0,-1.0,1.0,0.0,0.0,0.0,1.0,0.0,1.0,0.0,1.0,0.0
0.012658227848101333,-1.0,0.2263084883404447,-0.4905470142953362,0.5838888236493653,-0.19955383001457783,0.5503686099114129,0.0,1.0,0.0,1.0,0.0,0.0,0.0,1.0,1.0,0.0
-0.5696202531645569,-1.0,0.11485039681675513,-0.5865750491295142,0.667451142275832,0.2750470291042093,0.6279093550009258,0.0,1.0,0.0,1.0,0.0,1.0,0.0,0.0,1.0,0.0
0.1898734177215189,-0.4340525761212535,-0.7308880444503403,-1.0,0.48757086822091655,-1.0,0.422272878621454,1.0,0.0,0.0,1.0,0.0,0.0,1.0,0.0,1.0,0.0
-0.3417721518987342,-1.0,-0.553014717094753,-1.0,-1.0,0.4571610579330434,0.3791283923881734,1.0,0.0,0.0,1.0,0.0,0.0,1.0,0.0,1.0,0.0
-0.31645569620253167,-1.0,-1.0,-1.0,-1.0,-1.0,-1.0,0.0,0.0,1.0,0.0,1.0,0.0,0.0,1.0,1.0,0.0
-1.0,-1.0,-1.0,-1.0,-1.0,-1.0,-1.0,1.0,0.0,0.0,1.0,0.0,1.0,0.0,0.0,1.0,0.0
0.7215189873417722,0.010720290663944976,0.84530482553689,-1.0,1.0,-0.4172753404995585,1.0,0.0,1.0,0.0,1.0,0.0,1.0,0.0,0.0,1.0,0.0
-0.31645569620253167,0.42184449620681885,-1.0,-1.0,-1.0,-0.8602553620751245,0.2972362786668288,1.0,0.0,0.0,1.0,0.0,0.0,0.0,1.0,1.0,0.0
-0.2405063291139241,-1.0,0.00914909649701734,-0.04163002039392627,0.7877790436983092,0.0005536275467898921,0.7169368093593265,0.0,1.0,0.0,1.0,0.0,0.0,0.0,1.0,1.0,0.0
-0.08860759493670889,-1.0,-1.0,-1.0,-1.0,-1.0,-1.0,0.0,1.0,0.0,1.0,0.0,0.0,0.0,1.0,1.0,0.0
-0.36708860759493667,-1.0,0.42464875617190256,-0.025885159429180238,0.25279534837563267,-0.27753070257468304,0.46729777763883984,0.0,1.0,0.0,1.0,0.0,1.0,0.0,0.0,1.0,0.0
-0.1392405063291139,0.06452782996973316,-1.0,0.3890827059706554,-0.32769839905788767,-1.0,0.29274537656158284,0.0,0.0,1.0,1.0,0.0,0.0,1.0,0.0,1.0,0.0
-0.2405063291139241,-1.0,0.2048406397318805,-1.0,-1.0,0.015494454006767189,0.2344808387613615,1.0,0.0,0.0,1.0,0.0,0.0,0.0,1.0,1.0,0.0
-0.03797468354430378,-1.0,-1.0,-1.0,-1.0,-1.0,-1.0,0.0,1.0,0.0,0.0,1.0,0.0,0.0,1.0,1.0,0.0
-0.2405063291139241,0.4904326360847642,0.31302726600259834,-1.0,0.6417912833812591,0.7332916456616392,0.77843829048757,0.0,1.0,0.0,1.0,0.0,1.0,0.0,0.0,0.0,1.0
-0.3924050632911392,0.35774184234806317,-1.0,-1.0,-1.0,-0.5357783611674942,0.24112001905762792,1.0,0.0,0.0,1.0,0.0,0.0,1.0,0.0,1.0,0.0
-0.9746835443037974,-1.0,-1.0,-1.0,-1.0,-1.0,-1.0,1.0,0.0,0.0,0.0,1.0,0.0,0.0,1.0,1.0,0.0
-0.4177215189873418,-1.0,-1.0,-1.0,-1.0,-1.0,-1.0,1.0,0.0,0.0,0.0,1.0,0.0,0.0,1.0,1.0,0.0
-0.1392405063291139,-1.0,-1.0,-1.0,-1.0,-1.0,-1.0,0.0,1.0,0.0,0.0,1.0,0.0,0.0,1.0,1.0,0.0
-0.06329113924050633,0.3493812454666556,0.12807752844888465,-1.0,0.06374368595733126,-0.14930970936833787,0.35821531718370236,0.0,1.0,0.0,1.0,0.0,0.0,0.0,1.0,1.0,0.0
-0.31645569620253167,-1.0,-1.0,-1.0,-1.0,-1.0,-1.0,0.0,1.0,0.0,0.0,1.0,1.0,0.0,0.0,1.0,0.0
-0.16455696202531644,-1.0,-1.0,-0.07989933691940587,0.31079607281836963,-1.0,0.2707504172839674,1.0,0.0,0.0,1.0,0.0,0.0,0.0,1.0,1.0,0.0
-0.11392405063291144,-1.0,-0.8654440222251701,-1.0,-1.0,0.6244389811309361,0.5361242288007939,0.0,1.0,0.0,1.0,0.0,0.0,0.0,1.0,0.0,1.0
-0.5189873417721519,-0.2239115273106964,-1.0,-0.07438062671825996,0.26799391865871924,-1.0,0.24615927292440265,1.0,0.0,0.0,1.0,0.0,0.0,1.0,0.0,1.0,0.0
-0.4683544303797469,0.6757888842474511,-0.3212466169881213,-1.0,-0.7806552088744709,0.2163238534040539,0.555017262987106,0.0,1.0,0.0,1.0,0.0,0.0,0.0,1.0,1.0,0.0
-0.4683544303797469,-1.0,-1.0,-0.558205183510456,0.3009985633157719,-1.0,0.24421535994516286,1.0,0.0,0.0,1.0,0.0,0.0,0.0,1.0,1.0,0.0
-1.0,-1.0,-1.0,-1.0,-1.0,-1.0,-1.0,1.0,0.0,0.0,1.0,0.0,0.0,0.0,1.0,1.0,0.0
-0.16455696202531644,-1.0,-1.0,-1.0,-1.0,-1.0,-1.0,1.0,0.0,0.0,0.0,1.0,0.0,0.0,1.0,1.0,0.0
0.26582278481012667,-0.20915337023183045,0.2608820064452304,-0.852735061170152,-0.1106617981837873,-1.0,0.27220200301106146,1.0,0.0,0.0,1.0,0.0,0.0,0.0,1.0,1.0,0.0
-0.6455696202531646,-1.0,-1.0,-1.0,-1.0,-1.0,-1.0,1.0,0.0,0.0,0.0,1.0,0.0,0.0,1.0,1.0,0.0
-0.44303797468354433,-1.0,-1.0,-1.0,-1.0,-1.0,-1.0,0.0,1.0,0.0,0.0,1.0,1.0,0.0,0.0,1.0,0.0
-0.03797468354430378,-1.0,-1.0,-1.0,-1.0,-1.0,-1.0,1.0,0.0,0.0,0.0,1.0,0.0,0.0,1.0,1.0,0.0
-0.012658227848101333,0.6014547788096785,-1.0,-0.3247957777941519,-1.0,-1.0,0.46291705475911016,0.0,0.0,1.0,1.0,0.0,1.0,0.0,0.0,1.0,0.0
-0.5189873417721519,0.010720290663944976,0.2273568612315715,-0.3247957777941519,-1.0,-1.0,0.25025923032049513,1.0,0.0,0.0,1.0,0.0,0.0,0.0,1.0,1.0,0.0
-0.31645569620253167,-1.0,-1.0,-1.0,-1.0,-1.0,-1.0,0.0,0.0,1.0,0.0,1.0,0.0,0.0,1.0,1.0,0.0
-0.2405063291139241,-0.30361240807011936,0.6687918527485053,-0.05118032019966989,-1.0,-1.0,0.6427925095227245,1.0,0.0,0.0,1.0,0.0,0.0,0.0,1.0,1.0,0.0
-0.06329113924050633,-0.4988709397562451,-0.40898743448058295,0.43777887198173837,-0.05091608903386202,-1.0,0.3195495613364112,0.0,0.0,1.0,1.0,0.0,0.0,0.0,1.0,1.0,0.0
-0.31645569620253167,0.47229394081645504,-1.0,-0.17753083896430388,-1.0,-0.05980919208970248,0.3667696985133764,0.0,0.0,1.0,1.0,0.0,0.0,0.0,1.0,1.0,0.0
0.2911392405063291,0.2557641440641556,-1.0,-0.15250684402123993,-1.0,0.1815866409378042,0.27672710334034045,1.0,0.0,0.0,1.0,0.0,0.0,0.0,1.0,1.0,0.0
-0.16455696202531644,-1.0,-0.007644358187188893,-0.852735061170152,0.5641852553466933,-1.0,0.5056875870047248,0.0,1.0,0.0,1.0,0.0,0.0,0.0,1.0,1.0,0.0
-0.36708860759493667,-1.0,-1.0,-1.0,-1.0,-1.0,-1.0,0.0,1.0,0.0,1.0,0.0,1.0,0.0,0.0,1.0,0.0
-0.3417721518987342,-1.0,0.1104454665118828,-1.0,0.6559087874804213,-1.0,0.5951034077094133,0.0,1.0,0.0,1.0,0.0,1.0,0.0,0.0,1.0,0.0
-0.31645569620253167,-0.029382445057654194,-0.8654440222251701,-0.16885786344836606,0.5557910327117843,-0.3510459981847396,0.49898510784718453,0.0,0.0,1.0,1.0,0.0,0.0,0.0,1.0,1.0,0.0
-0.36708860759493667,0.48672470405337553,-1.0,0.038995736291383754,-1.0,-1.0,0.375658317130696,0.0,0.0,1.0,1.0,0.0,0.0,0.0,1.0,1.0,0.0
-0.8227848101265822,-1.0,-1.0,-1.0,-1.0,-1.0,-1.0,1.0,0.0,0.0,0.0,1.0,0.0,0.0,1.0,1.0,0.0
-0.9746835443037974,-1.0,-1.0,-1.0,-1.0,-1.0,-1.0,0.0,0.0,1.0,0.0,1.0,0.0,0.0,1.0,1.0,0.0
-0.189873417721519,-1.0,-1.0,0.4720260380314236,-1.0,-1.0,0.3208610993816594,1.0,0.0,0.0,1.0,0.0,0.0,0.0,1.0,1.0,0.0
-0.31645569620253167,-1.0,-1.0,-1.0,-1.0,-1.0,-1.0,1.0,0.0,0.0,0.0,1.0,1.0,0.0,0.0,1.0,0.0
0.012658227848101333,-1.0,-1.0,-0.14101980886279797,-0.8616088449879872,0.30363230003830743,0.24890235148852158,1.0,0.0,0.0,1.0,0.0,0.0,0.0,1.0,1.0,0.0
0.139240506329114,-1.0,-1.0,-1.0,-1.0,-1.0,-1.0,0.0,0.0,1.0,0.0,1.0,0.0,0.0,1.0,1.0,0.0
-0.16455696202531644,-0.1909691192030346,-1.0,-1.0,-1.0,0.617355135686507,0.5322826267888796,1.0,0.0,0.0,1.0,0.0,0.0,0.0,1.0,1.0,0.0
-0.7468354430379747,-1.0,-1.0,-1.0,-1.0,-1.0,-1.0,0.0,0.0,1.0,1.0,0.0,0.0,0.0,1.0,1.0,0.0
0.16455696202531644,0.3413551563882826,-1.0,-0.11975623769690613,-1.0,-1.0,0.24196919939753858,1.0,0.0,0.0,1.0,0.0,1.0,0.0,0.0,1.0,0.0
-0.06329113924050633,-1.0,-0.5734676419580506,-0.09435786662710888,0.17575118998553108,0.12030597147589805,0.2480835642409187,1.0,0.0,0.0,1.0,0.0,0.0,0.0,1.0,1.0,0.0
-0.06329113924050633,-0.13084729142675589,-1.0,-1.0,-1.0,0.3095033187714644,0.255592184247051,1.0,0.0,0.0,1.0,0.0,0.0,0.0,1.0,1.0,0.0
0.03797468354430378,-0.38465038264461693,-1.0,-0.23865131090769598,-1.0,0.35894866739968245,0.2966011620180071,1.0,0.0,0.0,1.0,0.0,0.0,0.0,1.0,1.0,0.0
-0.5696202531645569,-1.0,-1.0,-1.0,-1.0,-1.0,-1.0,0.0,1.0,0.0,0.0,1.0,0.0,0.0,1.0,1.0,0.0
-0.5949367088607596,-1.0,-1.0,-1.0,-1.0,-1.0,-1.0,1.0,0.0,0.0,0.0,1.0,0.0,0.0,1.0,1.0,0.0
-0.2911392405063291,0.5788675985441938,-1.0,-1.0,-1.0,-0.6076872028904432,0.44086123104838615,0.0,0.0,1.0,1.0,0.0,0.0,0.0,1.0,1.0,0.0
-0.21518987341772156,-1.0,-1.0,-1.0,-1.0,-1.0,-1.0,0.0,0.0,1.0,0.0,1.0,0.0,0.0,1.0,1.0,0.0
-0.9240506329113924,-1.0,-1.0,-1.0,-1.0,-1.0,-1.0,0.0,0.0,1.0,1.0,0.0,1.0,0.0,0.0,1.0,0.0
-0.26582278481012656,-1.0,-1.0,-1.0,-1.0,-1.0,-1.0,1.0,0.0,0.0,0.0,1.0,0.0,1.0,0.0,1.0,0.0
-0.012658227848101333,-1.0,-1.0,-1.0,-1.0,-1.0,-1.0,0.0,1.0,0.0,0.0,1.0,0.0,0.0,1.0,1.0,0.0
-0.5189873417721519,0.005684214437439383,-0.7867338209790253,-1.0,0.23305039489648105,0.277916955091269,0.346830402202736,1.0,0.0,0.0,1.0,0.0,0.0,0.0,1.0,1.0,0.0
0.36708860759493667,-1.0,0.273098618226046,-1.0,-1.0,-1.0,0.25025923032049513,1.0,0.0,0.0,1.0,0.0,1.0,0.0,0.0,1.0,0.0
-0.5443037974683544,-1.0,-1.0,-1.0,-1.0,-1.0,-1.0,0.0,0.0,1.0,0.0,1.0,0.0,0.0,1.0,1.0,0.0
-0.5949367088607596,-1.0,-1.0,-1.0,-1.0,-1.0,-1.0,1.0,0.0,0.0,0.0,1.0,0.0,0.0,1.0,1.0,0.0
-0.44303797468354433,-1.0,-1.0,-1.0,-1.0,-1.0,-1.0,1.0,0.0,0.0,0.0,1.0,0.0,1.0,0.0,1.0,0.0
0.11392405063291133,-1.0,-0.16979970863356086,0.8855104344526463,0.20974171274743392,0.20539655911943977,0.7142997714919248,0.0,1.0,0.0,1.0,0.0,1.0,0.0,0.0,1.0,0.0
-0.08860759493670889,-1.0,0.6754195474033344,0.39663355031236835,0.5896067873123909,0.3869393297886663,0.758797733167853,0.0,1.0,0.0,1.0,0.0,0.0,0.0,1.0,0.0,1.0
-0.44303797468354433,-1.0,-1.0,-1.0,-1.0,-1.0,-1.0,1.0,0.0,0.0,0.0,1.0,0.0,0.0,1.0,1.0,0.0
0.3417721518987342,-1.0,0.36433724642011867,-1.0,0.6529411757863124,-1.0,0.6262610465348537,0.0,1.0,0.0,1.0,0.0,1.0,0.0,0.0,1.0,0.0
-0.2911392405063291,-1.0,-1.0,-1.0,-1.0,-1.0,-1.0,0.0,0.0,1.0,1.0,0.0,0.0,0.0,1.0,1.0,0.0
-0.4177215189873418,0.28315636240090836,-1.0,0.3790087171642207,-1.0,-1.0,0.33884428496238117,0.0,0.0,1.0,1.0,0.0,0.0,0.0,1.0,1.0,0.0
-0.4177215189873418,0.609451110380766,-1.0,-0.04397765087665095,-1.0,-1.0,0.47568545632464465,0.0,0.0,1.0,1.0,0.0,0.0,0.0,1.0,1.0,0.0
-0.7215189873417722,-1.0,-1.0,-1.0,-1.0,-1.0,-1.0,1.0,0.0,0.0,0.0,1.0,1.0,0.0,0.0,1.0,0.0
-0.6455696202531646,-1.0,-1.0,-1.0,-1.0,-1.0,-1.0,1.0,0.0,0.0,0.0,1.0,0.0,1.0,0.0,1.0,0.0
0.03797468354430378,0.4870645204703694,-1.0,0.21322816999223781,-0.24446295258768158,0.39744637924875437,0.4989117421848983,0.0,0.0,1.0,1.0,0.0,0.0,0.0,1.0,1.0,0.0
-0.44303797468354433,-1.0,-1.0,0.3793308679415568,-0.09079009410092975,-1.0,0.2630692473235283,1.0,0.0,0.0,1.0,0.0,1.0,0.0,0.0,1.0,0.0
-0.5949367088607596,-1.0,-1.0,-1.0,-1.0,-1.0,-1.0,1.0,0.0,0.0,0.0,1.0,0.0,0.0,1.0,1.0,0.0
0.1898734177215189,0.4693581657559387,-0.5734676419580506,0.21181648109778606,-1.0,-1.0,0.3861499472959957,0.0,0.0,1.0,1.0,0.0,0.0,0.0,1.0,1.0,0.0
-0.44303797468354433,0.32979047500710434,-1.0,0.18785213122886213,-1.0,-0.05418253212523094,0.3081212548288894,0.0,0.0,1.0,1.0,0.0,0.0,0.0,1.0,1.0,0.0
-0.5443037974683544,-1.0,0.28012891895676195,-0.06900164581971502,-1.0,-1.0,0.27672710334034045,1.0,0.0,0.0,1.0,0.0,0.0,0.0,1.0,1.0,0.0
-0.11392405063291144,-1.0,0.4527808156461224,-1.0,-1.0,-1.0,0.42671792930310004,1.0,0.0,0.0,1.0,0.0,0.0,0.0,1.0,1.0,0.0
0.06329113924050622,-1.0,-0.399956818234266,-1.0,0.5801297972918751,0.6511923931728945,0.6696197261652315,0.0,1.0,0.0,1.0,0.0,1.0,0.0,0.0,1.0,0.0
-0.08860759493670889,-1.0,0.6437137990242681,-1.0,0.7897807553465908,-0.07769756953282436,0.800995992866796,0.0,1.0,0.0,1.0,0.0,0.0,0.0,1.0,1.0,0.0
-0.3924050632911392,-1.0,-1.0,-1.0,-1.0,-1.0,-1.0,1.0,0.0,0.0,0.0,1.0,0.0,1.0,0.0,1.0,0.0
-0.5443037974683544,0.4808616465027622,-1.0,0.07559082510692261,-0.6114869098077889,-1.0,0.3752376314040504,1.0,0.0,0.0,1.0,0.0,0.0,0.0,1.0,1.0,0.0
-0.36708860759493667,-0.48068668872744935,-0.26103833682763355,0.2718719964407199,-1.0,-1.0,0.16593777916406616,1.0,0.0,0.0,1.0,0.0,0.0,1.0,0.0,1.0,0.0
0.49367088607594933,0.03717026089947861,-1.0,0.44710606188943225,-1.0,-1.0,0.3262004918050192,0.0,0.0,1.0,1.0,0.0,0.0,0.0,1.0,1.0,0.0
-0.2911392405063291,0.4326916641463494,-1.0,-0.11311637240351913,0.02656517724382379,-1.0,0.34893695038886774,0.0,0.0,1.0,1.0,0.0,0.0,0.0,1.0,1.0,0.0
0.21518987341772156,-1.0,-1.0,-1.0,-1.0,-1.0,-1.0,0.0,1.0,0.0,0.0,1.0,1.0,0.0,0.0,1.0,0.0
0.08860759493670889,0.2392073451943495,-0.09841578220421965,0.6139173314992592,-0.27905773174939197,-1.0,0.49196228277847,0.0,0.0,1.0,1.0,0.0,0.0,0.0,1.0,1.0,0.0
-0.21518987341772156,0.6297903304975032,-1.0,0.06169970888598919,-0.4343312963306818,-1.0,0.49905844528648013,0.0,0.0,1.0,1.0,0.0,0.0,0.0,1.0,1.0,0.0
-0.5189873417721519,-1.0,0.407241127810789,-1.0,0.6656999681663882,0.5445371203996727,0.7067553641621969,0.0,1.0,0.0,1.0,0.0,0.0,0.0,1.0,1.0,0.0
-0.1392405063291139,-0.1824378509765714,0.1980705277445889,0.2664656386467119,-1.0,-1.0,0.2999642599693204,0.0,0.0,1.0,1.0,0.0,0.0,1.0,0.0,0.0,1.0
-0.06329113924050633,-1.0,0.8470878959982904,-0.41094024468060797,0.6589804824215184,-0.1350052082008103,0.8648143047953694,0.0,1.0,0.0,1.0,0.0,0.0,0.0,1.0,1.0,0.0
-0.44303797468354433,-1.0,-1.0,-0.5865750491295142,-1.0,0.33031812133009253,0.25949622520548155,1.0,0.0,0.0,1.0,0.0,0.0,0.0,1.0,1.0,0.0
-0.2405063291139241,-1.0,-1.0,0.3398211381691769,-1.0,0.21968008376004833,0.3112887739450776,1.0,0.0,0.0,1.0,0.0,0.0,0.0,1.0,1.0,0.0
-0.4683544303797469,0.2804363190092234,-0.14934678377026334,0.49451478309062913,-1.0,-1.0,0.41477826438761767,1.0,0.0,0.0,1.0,0.0,0.0,0.0,1.0,1.0,0.0
-0.2405063291139241,-1.0,0.6132924370348658,-1.0,0.25799115694638375,0.44132852983781246,0.654727112987612,0.0,1.0,0.0,1.0,0.0,1.0,0.0,0.0,1.0,0.0
-0.5443037974683544,-1.0,-1.0,-1.0,-1.0,0.5462384713919095,0.4621177216337853,1.0,0.0,0.0,1.0,0.0,0.0,0.0,1.0,1.0,0.0
-0.5443037974683544,-1.0,-1.0,0.5890400113269132,0.4292419388617703,-0.5570199784244338,0.530301283369679,1.0,0.0,0.0,1.0,0.0,0.0,0.0,1.0,1.0,0.0
0.03797468354430378,-1.0,0.12037086101291705,0.7791789194846868,0.43369770728819956,-0.20339411557579412,0.6590523956665151,0.0,1.0,0.0,1.0,0.0,1.0,0.0,0.0,1.0,0.0
0.08860759493670889,-1.0,-1.0,-1.0,-1.0,-1.0,-1.0,0.0,1.0,0.0,0.0,1.0,0.0,0.0,1.0,1.0,0.0
-0.44303797468354433,-1.0,-1.0,-1.0,-1.0,-1.0,-1.0,1.0,0.0,0.0,0.0,1.0,0.0,0.0,1.0,1.0,0.0
-0.31645569620253167,-1.0,0.23984171882865812,-1.0,0.11022474757620349,-1.0,0.2865880492117525,1.0,0.0,0.0,1.0,0.0,0.0,0.0,1.0,1.0,0.0
-0.3924050632911392,0.393573353068309,-1.0,-1.0,-0.5848265349639614,-1.0,0.2729236720284265,1.0,0.0,0.0,1.0,0.0,0.0,0.0,1.0,1.0,0.0
-0.4177215189873418,-1.0,-1.0,-0.658061401139107,-0.004991874962858578,-1.0,-0.04476912490697893,1.0,0.0,0.0,1.0,0.0,0.0,0.0,1.0,1.0,0.0
-0.6455696202531646,-1.0,-0.26540084045943624,0.32245970558452774,-0.034406172544717895,-1.0,0.24140349966168073,1.0,0.0,0.0,1.0,0.0,0.0,1.0,0.0,1.0,0.0
-0.3924050632911392,-1.0,-1.0,-1.0,-1.0,-1.0,-1.0,0.0,0.0,1.0,0.0,1.0,0.0,0.0,1.0,1.0,0.0
-0.06329113924050633,-1.0,0.3973347314739759,-0.7665905942836959,-0.487891873354127,-0.5807660862253737,0.3752376314040504,0.0,1.0,0.0,1.0,0.0,0.0,0.0,1.0,1.0,0.0
0.16455696202531644,-1.0,0.35390845647643143,0.4558164717102764,0.569026590106237,0.35067886816933624,0.6388185063263707,0.0,1.0,0.0,1.0,0.0,0.0,0.0,1.0,1.0,0.0
-0.4683544303797469,0.4635499940293908,-1.0,0.594955159451183,-1.0,-1.0,0.5211865219098883,0.0,0.0,1.0,1.0,0.0,1.0,0.0,0.0,1.0,0.0
-0.11392405063291144,-1.0,-1.0,-1.0,-1.0,-1.0,-1.0,0.0,1.0,0.0,0.0,1.0,0.0,0.0,1.0,1.0,0.0
-0.2405063291139241,0.4656294843249549,-1.0,0.29318640105510063,-0.6422640538624581,-1.0,0.4010622964572006,1.0,0.0,0.0,1.0,0.0,0.0,0.0,1.0,1.0,0.0
-0.4177215189873418,-1.0,-1.0,-1.0,-1.0,-1.0,-1.0,1.0,0.0,0.0,0.0,1.0,0.0,0.0,1.0,1.0,0.0
-0.6455696202531646,-1.0,-1.0,-1.0,-1.0,-1.0,-1.0,0.0,1.0,0.0,0.0,1.0,0.0,0.0,1.0,1.0,0.0
-0.2911392405063291,0.0022581204875098404,-0.5734676419580506,0.4933886758767876,-0.8616088449879872,-0.5807660862253737,0.36171340929347484,0.0,0.0,1.0,1.0,0.0,0.0,0.0,1.0,1.0,0.0
0.7468354430379747,0.7572197102001998,-1.0,0.3311158520460826,-1.0,0.2533230936839179,0.6422051250238501,0.0,0.0,1.0,1.0,0.0,0.0,0.0,1.0,1.0,0.0
-0.620253164556962,-1.0,-0.5963320666755103,-1.0,0.3217388788564559,-1.0,0.2638262595866594,1.0,0.0,0.0,1.0,0.0,0.0,0.0,1.0,1.0,0.0
-0.5949367088607596,-1.0,-1.0,-1.0,-1.0,-1.0,-1.0,0.0,0.0,1.0,0.0,1.0,1.0,0.0,0.0,1.0,0.0
0.36708860759493667,-1.0,0.22839960272817894,-1.0,0.9230116116525116,0.600245350624319,0.8741418366651783,0.0,1.0,0.0,1.0,0.0,1.0,0.0,0.0,1.0,0.0
0.3417721518987342,-0.5408085165037282,0.4183675618973053,-1.0,0.5792521860632664,0.7962355714850353,0.7845215764009643,0.0,1.0,0.0,1.0,0.0,1.0,0.0,0.0,1.0,0.0
-0.03797468354430378,-1.0,-1.0,-1.0,-1.0,-1.0,-1.0,1.0,0.0,0.0,0.0,1.0,1.0,0.0,0.0,1.0,0.0
0.36708860759493667,-1.0,0.48153237510480174,-0.7665905942836959,-0.40188337906966964,0.4898018315463457,0.5664235700925739,0.0,1.0,0.0,1.0,0.0,1.0,0.0,0.0,0.0,1.0
-0.06329113924050633,0.3406721915634512,-1.0,0.2787006662257847,-0.0009309302268775133,-0.4540329883045867,0.34893695038886774,0.0,0.0,1.0,1.0,0.0,0.0,0.0,1.0,1.0,0.0
-0.26582278481012656,0.37381402840314926,-1.0,-1.0,0.3076785949137033,-0.057916136902870674,0.39672232139774977,1.0,0.0,0.0,1.0,0.0,0.0,0.0,1.0,1.0,0.0
-0.11392405063291144,-1.0,-1.0,-1.0,-1.0,-1.0,-1.0,1.0,0.0,0.0,0.0,1.0,1.0,0.0,0.0,1.0,0.0
-0.16455696202531644,-0.3637342358463982,0.2585218163764409,-1.0,-0.04084725476978934,0.24636331379442056,0.36366256408196573,0.0,1.0,0.0,1.0,0.0,0.0,0.0,1.0,1.0,0.0
-0.4683544303797469,0.3764245876133001,-1.0,-1.0,-1.0,-1.0,0.255592184247051,1.0,0.0,0.0,1.0,0.0,0.0,0.0,1.0,1.0,0.0
0.21518987341772156,-1.0,-1.0,-1.0,-1.0,-1.0,-1.0,0.0,1.0,0.0,0.0,1.0,0.0,0.0,1.0,1.0,0.0
-0.49367088607594933,-1.0,-1.0,0.002484706189877839,-0.2634922240576568,0.4109618034946032,0.3586752466494796,1.0,0.0,0.0,1.0,0.0,0.0,0.0,1.0,1.0,0.0
0.2911392405063291,-1.0,-1.0,-1.0,-1.0,-1.0,-1.0,0.0,0.0,1.0,0.0,1.0,0.0,0.0,1.0,1.0,0.0
-0.26582278481012656,-1.0,-1.0,-1.0,-1.0,-1.0,-1.0,0.0,0.0,1.0,0.0,1.0,1.0,0.0,0.0,1.0,0.0
-0.11392405063291144,0.3696872106623388,-1.0,0.20968120285357572,-1.0,-0.3431387535006696,0.32123417322106906,0.0,0.0,1.0,1.0,0.0,0.0,0.0,1.0,1.0,0.0
-0.5949367088607596,-1.0,-1.0,-1.0,-1.0,-1.0,-1.0,1.0,0.0,0.0,0.0,1.0,0.0,1.0,0.0,1.0,0.0
-0.21518987341772156,-0.37393074834497464,0.21024402114894536,-1.0,-1.0,0.04469366153328602,0.250529451019313,1.0,0.0,0.0,1.0,0.0,0.0,0.0,1.0,1.0,0.0
0.06329113924050622,0.48976334151622214,-0.3043556864083907,-0.398060034713992,-1.0,-1.0,0.36662288243288343,0.0,0.0,1.0,1.0,0.0,0.0,0.0,1.0,1.0,0.0
-0.08860759493670889,-1.0,-1.0,-1.0,-1.0,-1.0,-1.0,0.0,1.0,0.0,0.0,1.0,1.0,0.0,0.0,1.0,0.0
-0.06329113924050633,-0.4988709397562451,0.2277050644493399,-0.1605250936047159,-0.11535980865823414,-1.0,0.2494462624740159,1.0,0.0,0.0,1.0,0.0,0.0,0.0,1.0,1.0,0.0
-0.7974683544303798,-1.0,-1.0,-1.0,-1.0,-1.0,-1.0,1.0,0.0,0.0,1.0,0.0,0.0,0.0,1.0,1.0,0.0
-1.0,-1.0,-1.0,-1.0,-1.0,-1.0,-1.0,0.0,0.0,1.0,1.0,0.0,0.0,0.0,1.0,1.0,0.0
-0.4683544303797469,0.6455595165113122,-1.0,0.35837204231719966,-1.0,-1.0,0.5401265456105842,0.0,0.0,1.0,1.0,0.0,0.0,0.0,1.0,1.0,0.0
-0.2911392405063291,-1.0,-1.0,-1.0,-1.0,-1.0,-1.0,0.0,1.0,0.0,0.0,1.0,0.0,0.0,1.0,1.0,0.0
-0.2911392405063291,-1.0,-1.0,-1.0,-1.0,-1.0,-1.0,0.0,1.0,0.0,0.0,1.0,1.0,0.0,0.0,1.0,0.0
-0.08860759493670889,-1.0,-1.0,-1.0,-1.0,-1.0,-1.0,0.0,1.0,0.0,0.0,1.0,1.0,0.0,0.0,1.0,0.0
-0.3924050632911392,0.6511307420814252,-1.0,0.21322816999223781,-0.5613104177489419,-0.6387653512873415,0.5271636109775701,0.0,0.0,1.0,1.0,0.0,1.0,0.0,0.0,1.0,0.0
-0.5189873417721519,-0.057288776938810404,-1.0,-1.0,-0.13798658706186173,0.28832936686039434,0.26458027772622783,1.0,0.0,0.0,1.0,0.0,0.0,0.0,1.0,1.0,0.0
-0.5696202531645569,0.30454382822092674,-1.0,0.38252579125990716,-1.0,-1.0,0.34893695038886774,0.0,0.0,1.0,1.0,0.0,0.0,0.0,1.0,1.0,0.0
-0.5189873417721519,0.3175481596515286,-0.5176218654293654,-1.0,0.15539013214534902,0.08648480258697289,0.33524232977670954,1.0,0.0,0.0,1.0,0.0,0.0,0.0,1.0,1.0,0.0
-0.49367088607594933,-1.0,-0.8654440222251701,-0.25713760857903223,0.3233297735928242,-0.3768183431027897,0.27672710334034045,1.0,0.0,0.0,1.0,0.0,0.0,0.0,1.0,1.0,0.0
-0.8734177215189873,-1.0,-1.0,-1.0,-1.0,-1.0,-1.0,1.0,0.0,0.0,0.0,1.0,0.0,1.0,0.0,1.0,0.0
-0.31645569620253167,0.10198862453447033,-0.8654440222251701,-0.4905470142953362,0.2869281383615869,-1.0,0.2825220987904502,1.0,0.0,0.0,1.0,0.0,0.0,0.0,1.0,1.0,0.0
-0.4177215189873418,0.12528974109601387,0.15261377677814125,-0.363531523479411,-0.8616088449879872,-0.48288339142554504,0.2282101809102719,1.0,0.0,0.0,1.0,0.0,1.0,0.0,0.0,1.0,0.0
0.31645569620253156,-1.0,-1.0,-1.0,-1.0,-1.0,-1.0,0.0,1.0,0.0,0.0,1.0,0.0,0.0,1.0,1.0,0.0
-0.620253164556962,-1.0,-1.0,-1.0,-1.0,-1.0,-1.0,0.0,1.0,0.0,0.0,1.0,1.0,0.0,0.0,1.0,0.0
-0.3924050632911392,0.5221463621100191,0.4947183699173978,0.08350944589750786,0.5501900928455401,-1.0,0.6641164397205033,0.0,0.0,1.0,1.0,0.0,0.0,0.0,1.0,1.0,0.0
-0.9746835443037974,-1.0,-1.0,-1.0,-1.0,-1.0,-1.0,0.0,1.0,0.0,1.0,0.0,0.0,0.0,1.0,1.0,0.0
-0.6708860759493671,-1.0,-0.10409784370673225,1.0,-0.6114869098077889,-0.11403995684886759,0.7974884274717666,0.0,1.0,0.0,1.0,0.0,0.0,0.0,1.0,1.0,0.0
-0.9493670886075949,-1.0,-1.0,-1.0,-1.0,-1.0,-1.0,1.0,0.0,0.0,0.0,1.0,1.0,0.0,0.0,1.0,0.0
-0.5949367088607596,-1.0,-1.0,0.39870056978356616,-1.0,-0.8602553620751245,0.25532905008367734,1.0,0.0,0.0,1.0,0.0,0.0,0.0,1.0,1.0,0.0
-0.44303797468354433,-1.0,-1.0,-1.0,-1.0,-1.0,-1.0,0.0,1.0,0.0,0.0,1.0,1.0,0.0,0.0,1.0,0.0
-0.11392405063291144,-1.0,-1.0,-1.0,-1.0,-1.0,-1.0,0.0,0.0,1.0,0.0,1.0,0.0,0.0,1.0,1.0,0.0
-0.5443037974683544,0.41113706945123263,-1.0,-0.1605250936047159,-1.0,-1.0,0.29829012696182167,1.0,0.0,0.0,1.0,0.0,0.0,0.0,1.0,1.0,0.0
-0.3417721518987342,-1.0,0.22205744455610432,-0.182003812532737,-0.6786656890936953,-0.07769756953282436,0.2456058888751731,1.0,0.0,0.0,1.0,0.0,0.0,1.0,0.0,1.0,0.0
-0.620253164556962,-0.4988709397562451,-1.0,-0.021592924618517917,-1.0,0.5356097628235996,0.46202869960503823,1.0,0.0,0.0,1.0,0.0,0.0,0.0,1.0,1.0,0.0
-0.012658227848101333,-1.0,-1.0,-1.0,-1.0,-1.0,-1.0,0.0,0.0,1.0,0.0,1.0,0.0,0.0,1.0,1.0,0.0
-0.8987341772151899,-1.0,-1.0,-1.0,-1.0,-1.0,-1.0,1.0,0.0,0.0,0.0,1.0,0.0,0.0,1.0,1.0,0.0
-0.11392405063291144,-1.0,-1.0,-1.0,-1.0,-1.0,-1.0,0.0,1.0,0.0,0.0,1.0,0.0,0.0,1.0,1.0,0.0
-0.3417721518987342,-1.0,0.19644265034883768,-1.0,-1.0,0.07019399080927302,0.2422514210199136,1.0,0.0,0.0,1.0,0.0,1.0,0.0,0.0,1.0,0.0
-0.5949367088607596,-1.0,-1.0,-1.0,-1.0,-1.0,-1.0,0.0,1.0,0.0,0.0,1.0,0.0,0.0,1.0,1.0,0.0
-0.06329113924050633,0.19271214056960906,0.5805072148349266,-1.0,-0.8616088449879872,0.03778067928010853,0.5766984544528058,0.0,1.0,0.0,1.0,0.0,0.0,0.0,1.0,1.0,0.0
-0.6962025316455696,-1.0,-1.0,-1.0,-1.0,-1.0,-1.0,0.0,0.0,1.0,0.0,1.0,0.0,0.0,1.0,1.0,0.0
0.012658227848101333,-0.3540121549940377,-0.019705580958074842,-1.0,0.11627539949736287,-1.0,0.1621120854767617,1.0,0.0,0.0,1.0,0.0,0.0,0.0,1.0,1.0,0.0
0.36708860759493667,-1.0,-0.2938599821371666,-1.0,0.6877316455838658,-1.0,0.6130194935001176,0.0,1.0,0.0,1.0,0.0,1.0,0.0,0.0,1.0,0.0
-0.08860759493670889,-1.0,-1.0,-1.0,-1.0,-1.0,-1.0,1.0,0.0,0.0,0.0,1.0,0.0,0.0,1.0,1.0,0.0
-0.49367088607594933,-0.4484711928323267,0.301957859474719,-1.0,0.45142429586200006,-0.36785647232007146,0.4746882055531365,0.0,1.0,0.0,1.0,0.0,0.0,0.0,1.0,1.0,0.0
-0.5189873417721519,-1.0,-0.553014717094753,-1.0,-1.0,-0.8602553620751245,-0.5428636359713862,1.0,0.0,0.0,1.0,0.0,0.0,0.0,1.0,1.0,0.0
-0.5443037974683544,0.018853108721271994,-1.0,-0.43931011029966616,0.04969172119760623,0.27396018606175465,0.2944686937979426,1.0,0.0,0.0,1.0,0.0,0.0,0.0,1.0,1.0,0.0
-0.012658227848101333,-0.8551412152377926,0.3152560303453904,-1.0,-0.6114869098077889,-1.0,0.29317766851801275,1.0,0.0,0.0,1.0,0.0,0.0,0.0,1.0,1.0,0.0
-0.6708860759493671,-0.8551412152377926,0.04075141575387109,0.431577077383849,-0.1276125013172802,-0.5165629810276651,0.34271273303340677,1.0,0.0,0.0,1.0,0.0,1.0,0.0,0.0,1.0,0.0
-0.31645569620253167,-1.0,-0.19266413335102062,-0.5331811885673919,-0.02816640743580945,0.6115168265843638,0.5363052454351547,1.0,0.0,0.0,1.0,0.0,0.0,0.0,1.0,1.0,0.0
-0.49367088607594933,-0.48068668872744935,-1.0,-1.0,0.34531414471152844,-1.0,0.28703451468770114,1.0,0.0,0.0,1.0,0.0,0.0,0.0,1.0,1.0,0.0
-0.4683544303797469,-1.0,-0.7867338209790253,0.040587192399014205,-1.0,0.2721356587124706,0.24477278920517387,1.0,0.0,0.0,1.0,0.0,0.0,1.0,0.0,1.0,0.0
0.3417721518987342,-1.0,-1.0,-1.0,-1.0,-1.0,-1.0,1.0,0.0,0.0,0.0,1.0,0.0,0.0,1.0,1.0,0.0
-0.06329113924050633,-0.3540121549940377,-0.22208349087867885,-0.619325655453848,0.03569390931272509,0.22344858406285106,0.24615927292440265,1.0,0.0,0.0,1.0,0.0,0.0,0.0,1.0,1.0,0.0
0.012658227848101333,0.33582790396524187,-1.0,0.043734781775552234,-0.14066657673737903,-1.0,0.2755466619768592,1.0,0.0,0.0,1.0,0.0,0.0,0.0,1.0,1.0,0.0
0.7215189873417722,-1.0,-1.0,-1.0,-1.0,-1.0,-1.0,0.0,1.0,0.0,0.0,1.0,1.0,0.0,0.0,1.0,0.0
-0.6962025316455696,-1.0,-1.0,-1.0,-1.0,-1.0,-1.0,1.0,0.0,0.0,0.0,1.0,1.0,0.0,0.0,1.0,0.0
-1.0,-1.0,-1.0,-1.0,-1.0,-1.0,-1.0,1.0,0.0,0.0,0.0,1.0,0.0,0.0,1.0,1.0,0.0
-0.5189873417721519,-1.0,-0.007644358187188893,-1.0,0.3079640220288462,-1.0,0.2892512916546419,1.0,0.0,0.0,1.0,0.0,0.0,0.0,1.0,1.0,0.0
-0.4683544303797469,-0.2891937913590461,-0.3531416579518979,-0.17753083896430388,0.3065327884229687,-0.499020713362466,0.2764915990842052,1.0,0.0,0.0,1.0,0.0,0.0,0.0,1.0,1.0,0.0
-0.2911392405063291,-1.0,-1.0,-1.0,-1.0,-1.0,-1.0,0.0,1.0,0.0,0.0,1.0,0.0,0.0,1.0,1.0,0.0
-0.36708860759493667,-0.13413849409826228,-1.0,-1.0,-1.0,0.38380382497014653,0.3204872940244494,1.0,0.0,0.0,1.0,0.0,0.0,0.0,1.0,1.0,0.0
0.7215189873417722,-1.0,-1.0,-1.0,-1.0,-1.0,-1.0,0.0,1.0,0.0,0.0,1.0,0.0,0.0,1.0,1.0,0.0
-0.189873417721519,-1.0,0.2044488671632705,-1.0,-1.0,0.08182850102200478,0.25106874606381147,1.0,0.0,0.0,1.0,0.0,0.0,1.0,0.0,1.0,0.0
-0.5443037974683544,-1.0,-1.0,-1.0,-1.0,-1.0,-1.0,1.0,0.0,0.0,0.0,1.0,0.0,0.0,1.0,1.0,0.0
0.3924050632911391,0.025138907375018338,0.3281165758377298,-1.0,-0.6114869098077889,0.20539655911943977,0.3903457848002776,1.0,0.0,0.0,1.0,0.0,0.0,0.0,1.0,1.0,0.0
-0.21518987341772156,-1.0,0.06712811693112553,-1.0,-1.0,-1.0,0.047983839607605105,1.0,0.0,0.0,1.0,0.0,0.0,0.0,1.0,1.0,0.0
-0.44303797468354433,-0.0595980496109102,-1.0,0.41913693527056783,-1.0,-0.7205107241502491,0.29425412914828364,1.0,0.0,0.0,1.0,0.0,0.0,0.0,1.0,1.0,0.0
-0.31645569620253167,0.4452966449505673,-1.0,-1.0,-0.5402745340816825,-1.0,0.3201127542751028,1.0,0.0,0.0,1.0,0.0,0.0,0.0,1.0,1.0,0.0
0.3417721518987342,-1.0,-0.8654440222251701,-1.0,0.05380849040844793,0.25048633879662074,0.24615927292440265,1.0,0.0,0.0,1.0,0.0,0.0,1.0,0.0,1.0,0.0
-0.36708860759493667,-1.0,-1.0,-1.0,-1.0,-1.0,-1.0,0.0,1.0,0.0,0.0,1.0,1.0,0.0,0.0,1.0,0.0
0.5696202531645569,0.1462515332041019,-1.0,-1.0,0.2728134410552656,-0.5165629810276651,0.2829781771684947,1.0,0.0,0.0,1.0,0.0,0.0,0.0,1.0,1.0,0.0
0.139240506329114,-1.0,-1.0,-1.0,0.3282855713633015,-1.0,0.26830627263791507,1.0,0.0,0.0,1.0,0.0,0.0,0.0,1.0,1.0,0.0
0.4683544303797469,-1.0,0.40446193586275947,-0.7665905942836959,-0.02970816207027105,0.583591344402254,0.58561141505954,0.0,1.0,0.0,1.0,0.0,0.0,0.0,1.0,1.0,0.0
-0.31645569620253167,-0.7704042582518641,0.4463464277427509,-0.45505497126441197,0.40286990834729175,-0.029820824163172333,0.5251919968059442,0.0,1.0,0.0,1.0,0.0,1.0,0.0,0.0,1.0,0.0
-0.3924050632911392,-1.0,-1.0,-1.0,-1.0,-1.0,-1.0,1.0,0.0,0.0,0.0,1.0,0.0,0.0,1.0,1.0,0.0
-0.49367088607594933,-1.0,-1.0,0.39663355031236835,-0.7806552088744709,-1.0,0.25374257209786033,1.0,0.0,0.0,1.0,0.0,1.0,0.0,0.0,1.0,0.0
-0.3924050632911392,-1.0,0.5285960626074528,-1.0,0.02656517724382379,-1.0,0.5131183407165005,0.0,1.0,0.0,1.0,0.0,0.0,0.0,1.0,1.0,0.0
-0.1392405063291139,0.13096394621650265,-1.0,-0.43931011029966616,0.24668684185162326,-0.24645255417778467,0.2724428630192193,1.0,0.0,0.0,1.0,0.0,0.0,0.0,1.0,1.0,0.0
-0.3924050632911392,-1.0,-1.0,-1.0,-1.0,0.4457149103886848,0.3670629919113757,1.0,0.0,0.0,1.0,0.0,0.0,0.0,1.0,1.0,0.0
-0.26582278481012656,-0.09493281312020219,-0.4389116641832207,-1.0,0.0694758375479605,0.2557232279366932,0.27672710334034045,1.0,0.0,0.0,1.0,0.0,1.0,0.0,0.0,1.0,0.0
-0.7721518987341772,-1.0,-1.0,-1.0,-1.0,-1.0,-1.0,1.0,0.0,0.0,0.0,1.0,0.0,0.0,1.0,1.0,0.0
-0.4683544303797469,-1.0,-1.0,-1.0,-1.0,-1.0,-1.0,0.0,0.0,1.0,0.0,1.0,1.0,0.0,0.0,1.0,0.0
-0.4177215189873418,-1.0,-1.0,-1.0,-1.0,-1.0,-1.0,1.0,0.0,0.0,0.0,1.0,0.0,0.0,1.0,1.0,0.0
0.11392405063291133,-1.0,-1.0,-1.0,-1.0,-1.0,-1.0,0.0,1.0,0.0,1.0,0.0,0.0,0.0,1.0,1.0,0.0
-0.9746835443037974,-1.0,-1.0,-1.0,-1.0,-1.0,-1.0,1.0,0.0,0.0,1.0,0.0,1.0,0.0,0.0,1.0,0.0
-1.0,-1.0,-1.0,-1.0,-1.0,-1.0,-1.0,1.0,0.0,0.0,1.0,0.0,1.0,0.0,0.0,1.0,0.0
-0.31645569620253167,0.3194497837857304,0.41133670676556355,-1.0,0.22543546303873896,0.15654400843627347,0.5103742750443323,0.0,1.0,0.0,1.0,0.0,0.0,0.0,1.0,1.0,0.0
0.620253164556962,-1.0,-1.0,-1.0,-1.0,-1.0,-1.0,1.0,0.0,0.0,0.0,1.0,0.0,0.0,1.0,1.0,0.0
-0.5696202531645569,-1.0,-1.0,-1.0,-1.0,-1.0,-1.0,0.0,1.0,0.0,1.0,0.0,0.0,0.0,1.0,1.0,0.0
-0.36708860759493667,0.20745451729958653,-1.0,-0.06375549293234017,-0.7232176899759744,0.1492601362543835,0.25025923032049513,1.0,0.0,0.0,1.0,0.0,0.0,0.0,1.0,1.0,0.0
0.1898734177215189,-1.0,0.4962944806744465,0.5639860229628992,0.05982873242428055,-0.35927607543759066,0.5822762338670469,0.0,1.0,0.0,1.0,0.0,1.0,0.0,0.0,0.0,1.0
-0.4177215189873418,-1.0,-0.399956818234266,-1.0,-1.0,0.32559378216171897,0.25898028261425443,1.0,0.0,0.0,1.0,0.0,0.0,0.0,1.0,1.0,0.0
-0.31645569620253167,-0.4205648609511705,0.5467687846714759,-1.0,0.10239408773092684,-0.13778606464980758,0.5399491229164401,0.0,1.0,0.0,1.0,0.0,0.0,0.0,1.0,1.0,0.0
-0.9746835443037974,-1.0,-1.0,-1.0,-1.0,-1.0,-1.0,1.0,0.0,0.0,1.0,0.0,0.0,0.0,1.0,1.0,0.0
0.139240506329114,-0.4988709397562451,-0.45000744077727617,0.42073237503538574,-0.14066657673737903,-1.0,0.29702480812812015,1.0,0.0,0.0,1.0,0.0,0.0,0.0,1.0,1.0,0.0
-0.44303797468354433,-1.0,-0.2525968659253459,-1.0,0.30129369453438803,-1.0,0.2550655522240399,1.0,0.0,0.0,1.0,0.0,0.0,0.0,1.0,1.0,0.0
-0.3417721518987342,-0.21395788183585684,-0.18669063921329143,0.44427952267942206,0.20018695983088586,-1.0,0.38240127399201707,1.0,0.0,0.0,1.0,0.0,0.0,0.0,1.0,1.0,0.0
0.5696202531645569,-1.0,-1.0,-1.0,-1.0,-1.0,-1.0,0.0,1.0,0.0,0.0,1.0,0.0,0.0,1.0,1.0,0.0
-0.620253164556962,-1.0,-1.0,0.4620136143023694,-0.3209297429561534,-1.0,0.3174701680069736,1.0,0.0,0.0,1.0,0.0,0.0,0.0,1.0,1.0,0.0
-0.3417721518987342,-1.0,-1.0,-1.0,-1.0,-1.0,-1.0,0.0,1.0,0.0,0.0,1.0,1.0,0.0,0.0,1.0,0.0
-0.16455696202531644,-0.4484711928323267,-1.0,0.6161464932611027,-0.42291926273692904,-0.2950729702398821,0.4559674892103087,0.0,1.0,0.0,1.0,0.0,1.0,0.0,0.0,1.0,0.0
0.012658227848101333,0.7231785794530179,-1.0,-0.34328207546548817,-1.0,-0.8602553620751245,0.5730032747199081,0.0,0.0,1.0,1.0,0.0,0.0,0.0,1.0,1.0,0.0
-0.21518987341772156,-1.0,-1.0,-1.0,-1.0,-1.0,-1.0,0.0,0.0,1.0,0.0,1.0,0.0,0.0,1.0,1.0,0.0
0.3924050632911391,-1.0,-1.0,-1.0,-1.0,-1.0,-1.0,0.0,0.0,1.0,0.0,1.0,0.0,1.0,0.0,1.0,0.0
0.03797468354430378,-1.0,-1.0,-1.0,-1.0,-1.0,-1.0,0.0,0.0,1.0,0.0,1.0,0.0,0.0,1.0,1.0,0.0
0.03797468354430378,-0.3447223122490274,0.20048703083956276,0.24758073223378418,-1.0,-1.0,0.28836767166671073,0.0,0.0,1.0,1.0,0.0,0.0,0.0,1.0,0.0,1.0
-0.189873417721519,-0.7704042582518641,0.17116225578268285,-0.29977178285108796,0.24513006021733963,-1.0,0.3081212548288894,0.0,0.0,1.0,1.0,0.0,0.0,0.0,1.0,1.0,0.0
-0.6455696202531646,-1.0,-1.0,-1.0,-1.0,-1.0,-1.0,1.0,0.0,0.0,0.0,1.0,0.0,1.0,0.0,1.0,0.0
-0.3417721518987342,-0.12127369161112489,-0.33974853807377825,-1.0,-1.0,0.3486827241780561,0.2966011620180071,1.0,0.0,0.0,1.0,0.0,0.0,0.0,1.0,1.0,0.0
-0.26582278481012656,-0.3191000145820688,0.26976594853129576,-1.0,-1.0,-0.8602553620751245,0.25400790362447356,1.0,0.0,0.0,1.0,0.0,0.0,0.0,1.0,1.0,0.0
0.012658227848101333,-1.0,-1.0,-1.0,-1.0,-1.0,-1.0,0.0,1.0,0.0,0.0,1.0,1.0,0.0,0.0,1.0,0.0
0.240506329113924,0.5450962470475555,-1.0,-0.10042851953193221,-1.0,-1.0,0.4172718164439144,0.0,0.0,1.0,1.0,0.0,0.0,0.0,1.0,1.0,0.0
-0.8734177215189873,-1.0,-1.0,-1.0,-1.0,-1.0,-1.0,0.0,1.0,0.0,1.0,0.0,0.0,0.0,1.0,1.0,0.0
-0.06329113924050633,-0.4205648609511705,-0.5963320666755103,-1.0,0.33135333312144577,-1.0,0.2764915990842052,1.0,0.0,0.0,1.0,0.0,0.0,0.0,1.0,1.0,0.0
0.16455696202531644,0.4805115843599319,0.4481428384049442,-0.385916249737544,-0.3828541075996944,-1.0,0.5242306197252262,0.0,1.0,0.0,1.0,0.0,1.0,0.0,0.0,1.0,0.0
0.3924050632911391,-1.0,0.47277489758331526,-0.07438062671825996,0.26972856235064935,0.402693364735381,0.5650799328014942,0.0,1.0,0.0,1.0,0.0,0.0,0.0,1.0,1.0,0.0
-0.06329113924050633,-1.0,-1.0,-1.0,-1.0,-1.0,-1.0,0.0,1.0,0.0,0.0,1.0,1.0,0.0,0.0,1.0,0.0
-0.03797468354430378,-1.0,0.7945629723372496,-0.852735061170152,0.9194691241193007,0.5433948573093705,0.9482249102071534,0.0,1.0,0.0,1.0,0.0,0.0,0.0,1.0,1.0,0.0
-0.2911392405063291,-1.0,-1.0,-1.0,-1.0,-1.0,-1.0,0.0,1.0,0.0,0.0,1.0,1.0,0.0,0.0,1.0,0.0
-0.44303797468354433,0.4510226757502813,-1.0,0.18546045422437785,-1.0,-1.0,0.3669164016149582,0.0,0.0,1.0,1.0,0.0,0.0,0.0,1.0,1.0,0.0
-0.4177215189873418,-1.0,-1.0,-0.658061401139107,-1.0,0.38569097350214365,0.311092338408792,1.0,0.0,0.0,1.0,0.0,0.0,0.0,1.0,1.0,0.0
-0.5949367088607596,0.29960689666652374,0.33604107375309944,0.500057490399944,-1.0,-1.0,0.501969046419461,0.0,0.0,1.0,1.0,0.0,0.0,0.0,1.0,1.0,0.0
-0.06329113924050633,-0.3959497317415208,-0.03124104798214067,0.28681462210258,-1.0,0.09897784535853438,0.27953069314797574,1.0,0.0,0.0,1.0,0.0,0.0,0.0,1.0,1.0,0.0
-0.44303797468354433,-1.0,-1.0,-1.0,-1.0,-1.0,-1.0,0.0,1.0,0.0,0.0,1.0,1.0,0.0,0.0,1.0,0.0
-0.9493670886075949,-1.0,-1.0,-1.0,-1.0,-1.0,-1.0,0.0,0.0,1.0,1.0,0.0,0.0,0.0,1.0,1.0,0.0
-0.44303797468354433,-1.0,-0.6521778432041954,-1.0,-0.487891873354127,0.7576282375997461,0.6625366639689396,0.0,1.0,0.0,1.0,0.0,0.0,0.0,1.0,1.0,0.0
-0.4177215189873418,0.588699068067152,-1.0,0.699313516465726,-1.0,-1.0,0.622844455609356,0.0,0.0,1.0,1.0,0.0,0.0,0.0,1.0,1.0,0.0
-0.4683544303797469,-1.0,-1.0,-1.0,-1.0,-1.0,-1.0,1.0,0.0,0.0,0.0,1.0,0.0,0.0,1.0,1.0,0.0
-0.4683544303797469,-0.8551412152377926,-0.3913276979777265,-1.0,0.29316790347049526,-0.7785099892122169,0.24196919939753858,1.0,0.0,0.0,1.0,0.0,0.0,1.0,0.0,1.0,0.0
-0.5949367088607596,-1.0,-0.5176218654293654,-1.0,0.34999014843665144,-1.0,0.2914425878622171,1.0,0.0,0.0,1.0,0.0,1.0,0.0,0.0,1.0,0.0
-0.49367088607594933,-0.7704042582518641,0.7901991895212206,-1.0,-0.7806552088744709,0.09282807761043843,0.7623500888342369,0.0,1.0,0.0,1.0,0.0,1.0,0.0,0.0,1.0,0.0
-0.36708860759493667,-1.0,-0.687570694869583,-1.0,0.4635610912443031,0.24300308774121904,0.4495171527530166,0.0,1.0,0.0,1.0,0.0,0.0,0.0,1.0,1.0,0.0
0.49367088607594933,-1.0,-1.0,-1.0,-1.0,-1.0,-1.0,0.0,1.0,0.0,0.0,1.0,1.0,0.0,0.0,1.0,0.0
-0.06329113924050633,0.3574263901366139,0.3154775058307464,-1.0,-0.7232176899759744,-0.46794256496556785,0.4009396585172378,1.0,0.0,0.0,1.0,0.0,0.0,0.0,1.0,1.0,0.0
-0.4683544303797469,0.7086423891521174,-0.6521778432041954,-1.0,-1.0,-0.7785099892122169,0.5590206478017461,1.0,0.0,0.0,1.0,0.0,0.0,0.0,1.0,1.0,0.0
-0.4683544303797469,-0.7102824304755853,-1.0,-1.0,0.35410691764749336,-1.0,0.2936089824375072,1.0,0.0,0.0,1.0,0.0,0.0,0.0,1.0,1.0,0.0
-0.5696202531645569,0.6832245248001381,-1.0,-0.0487521978057921,-0.019157831294643102,-1.0,0.5484543047488031,0.0,0.0,1.0,1.0,0.0,0.0,0.0,1.0,1.0,0.0
0.139240506329114,-1.0,-1.0,0.2984325539424755,-0.09079009410092975,0.1894717927068199,0.29871004050405636,1.0,0.0,0.0,1.0,0.0,0.0,0.0,1.0,1.0,0.0
0.21518987341772156,0.2505651931161017,-1.0,-1.0,-1.0,0.14858472893551888,0.24726124518980264,1.0,0.0,0.0,1.0,0.0,0.0,0.0,1.0,1.0,0.0
0.11392405063291133,-1.0,-1.0,-1.0,-1.0,-1.0,-1.0,1.0,0.0,0.0,0.0,1.0,0.0,0.0,1.0,1.0,0.0
0.139240506329114,0.6937780722672244,-1.0,-0.4905470142953362,-1.0,-1.0,0.5456611936760256,0.0,0.0,1.0,1.0,0.0,0.0,0.0,1.0,1.0,0.0
0.08860759493670889,-0.13084729142675589,0.3977698229714488,-0.5107964623092589,0.10556330082918008,-0.2417085965696424,0.418841807314305,1.0,0.0,0.0,1.0,0.0,0.0,0.0,1.0,1.0,0.0
-0.8987341772151899,-1.0,-1.0,-1.0,-1.0,-1.0,-1.0,0.0,0.0,1.0,1.0,0.0,0.0,0.0,1.0,1.0,0.0
-0.620253164556962,-1.0,-1.0,-1.0,-1.0,-1.0,-1.0,0.0,1.0,0.0,0.0,1.0,0.0,0.0,1.0,1.0,0.0
0.08860759493670889,-1.0,0.47039784859422773,-1.0,-1.0,0.49386989593366315,0.5610442269973088,0.0,1.0,0.0,1.0,0.0,0.0,0.0,1.0,1.0,0.0
-0.03797468354430378,0.08985404203759484,0.03237069379335833,-1.0,-0.0597129406238629,0.1949210135106738,0.2905690895592532,1.0,0.0,0.0,1.0,0.0,0.0,0.0,1.0,1.0,0.0
0.139240506329114,-0.8551412152377926,-0.5963320666755103,-0.14101980886279797,0.2817920034815897,-1.0,0.24281461395860493,1.0,0.0,0.0,1.0,0.0,0.0,1.0,0.0,1.0,0.0
-0.3924050632911392,-1.0,-1.0,-1.0,-1.0,-1.0,-1.0,1.0,0.0,0.0,0.0,1.0,0.0,1.0,0.0,1.0,0.0
-0.4683544303797469,-0.2692751980081092,0.2546242303993327,-1.0,-1.0,-1.0,0.24140349966168073,1.0,0.0,0.0,1.0,0.0,0.0,0.0,1.0,1.0,0.0
